category,profile,input,W,row_mt,exit_code,frames,pixel_sha256,sanitizer,status,command_log
decoder_matrix,debug,s_w1_r1_8_420_c0,1,0,0,3,9543a0fcc37023bcc43189b408123b65fcad8cf16cf61a1b382542390147d0c8,False,PASS,safety_debug_s_w1_r1_8_420_c0_w1_m0
decoder_matrix,debug,s_w1_r1_8_420_c0,1,1,0,3,9543a0fcc37023bcc43189b408123b65fcad8cf16cf61a1b382542390147d0c8,False,PASS,safety_debug_s_w1_r1_8_420_c0_w1_m1
decoder_matrix,debug,s_w1_r1_8_420_c1,1,0,0,3,f72ec11dde05cc90b20c70187667b18fd481aeaa3f897ec70e730b0cdc6bfb1a,False,PASS,safety_debug_s_w1_r1_8_420_c1_w1_m0
decoder_matrix,debug,s_w1_r1_8_420_c1,1,1,0,3,f72ec11dde05cc90b20c70187667b18fd481aeaa3f897ec70e730b0cdc6bfb1a,False,PASS,safety_debug_s_w1_r1_8_420_c1_w1_m1
decoder_matrix,debug,s_w1_r1_8_444_c0,1,0,0,3,129ed30da9651aff7cca78facf8d31bfe0c5df5c248312fbb21a58acaa19640a,False,PASS,safety_debug_s_w1_r1_8_444_c0_w1_m0
decoder_matrix,debug,s_w1_r1_8_444_c0,1,1,0,3,129ed30da9651aff7cca78facf8d31bfe0c5df5c248312fbb21a58acaa19640a,False,PASS,safety_debug_s_w1_r1_8_444_c0_w1_m1
decoder_matrix,debug,s_w1_r1_8_444_c1,1,0,0,3,fbf54c718edfb2690b3556dde0af6a10e200c2552850668bd1d198ba8709f1c9,False,PASS,safety_debug_s_w1_r1_8_444_c1_w1_m0
decoder_matrix,debug,s_w1_r1_8_444_c1,1,1,0,3,fbf54c718edfb2690b3556dde0af6a10e200c2552850668bd1d198ba8709f1c9,False,PASS,safety_debug_s_w1_r1_8_444_c1_w1_m1
decoder_matrix,debug,s_w1_r1_10_420_c0,1,0,0,3,8acf9831151e5aaf2181f4a9017b205c1aaa27dfaa35ab5b42470e5f81ae1908,False,PASS,safety_debug_s_w1_r1_10_420_c0_w1_m0
decoder_matrix,debug,s_w1_r1_10_420_c0,1,1,0,3,8acf9831151e5aaf2181f4a9017b205c1aaa27dfaa35ab5b42470e5f81ae1908,False,PASS,safety_debug_s_w1_r1_10_420_c0_w1_m1
decoder_matrix,debug,s_w1_r1_10_420_c1,1,0,0,3,0223bd104da2aba19bb7e0d2a3eb8a28715fa10dce82fe9022be429165338a3a,False,PASS,safety_debug_s_w1_r1_10_420_c1_w1_m0
decoder_matrix,debug,s_w1_r1_10_420_c1,1,1,0,3,0223bd104da2aba19bb7e0d2a3eb8a28715fa10dce82fe9022be429165338a3a,False,PASS,safety_debug_s_w1_r1_10_420_c1_w1_m1
decoder_matrix,debug,s_w1_r1_10_444_c0,1,0,0,3,01c59f38fc4478e889d9780e7ebea367e5c8ad02f847a872ca2467eeaf8cd780,False,PASS,safety_debug_s_w1_r1_10_444_c0_w1_m0
decoder_matrix,debug,s_w1_r1_10_444_c0,1,1,0,3,01c59f38fc4478e889d9780e7ebea367e5c8ad02f847a872ca2467eeaf8cd780,False,PASS,safety_debug_s_w1_r1_10_444_c0_w1_m1
decoder_matrix,debug,s_w1_r1_10_444_c1,1,0,0,3,b994600cd6275f6f2622b32c1b8975c6e17170d162c0554957dea278eb2a0c3d,False,PASS,safety_debug_s_w1_r1_10_444_c1_w1_m0
decoder_matrix,debug,s_w1_r1_10_444_c1,1,1,0,3,b994600cd6275f6f2622b32c1b8975c6e17170d162c0554957dea278eb2a0c3d,False,PASS,safety_debug_s_w1_r1_10_444_c1_w1_m1
decoder_matrix,debug,s_w1_r1_12_420_c0,1,0,0,3,bf31ec4a6553b4375e68b5687c74bdeb771c0ae7d4f099e06c5949bf19443747,False,PASS,safety_debug_s_w1_r1_12_420_c0_w1_m0
decoder_matrix,debug,s_w1_r1_12_420_c0,1,1,0,3,bf31ec4a6553b4375e68b5687c74bdeb771c0ae7d4f099e06c5949bf19443747,False,PASS,safety_debug_s_w1_r1_12_420_c0_w1_m1
decoder_matrix,debug,s_w1_r1_12_420_c1,1,0,0,3,fff85ad1abe97c165543cc3f7a1518f9d58f52df06fd1654a8bbb50648050f54,False,PASS,safety_debug_s_w1_r1_12_420_c1_w1_m0
decoder_matrix,debug,s_w1_r1_12_420_c1,1,1,0,3,fff85ad1abe97c165543cc3f7a1518f9d58f52df06fd1654a8bbb50648050f54,False,PASS,safety_debug_s_w1_r1_12_420_c1_w1_m1
decoder_matrix,debug,s_w1_r1_12_444_c0,1,0,0,3,c8caf6981bf765f8d891668d892a8dbda2135d413f6fe1bcb630dbfe9f3faead,False,PASS,safety_debug_s_w1_r1_12_444_c0_w1_m0
decoder_matrix,debug,s_w1_r1_12_444_c0,1,1,0,3,c8caf6981bf765f8d891668d892a8dbda2135d413f6fe1bcb630dbfe9f3faead,False,PASS,safety_debug_s_w1_r1_12_444_c0_w1_m1
decoder_matrix,debug,s_w1_r1_12_444_c1,1,0,0,3,59066f9f3a6aacd91acd524068260819b5e38f269844ebb3a2dd38761b84afed,False,PASS,safety_debug_s_w1_r1_12_444_c1_w1_m0
decoder_matrix,debug,s_w1_r1_12_444_c1,1,1,0,3,59066f9f3a6aacd91acd524068260819b5e38f269844ebb3a2dd38761b84afed,False,PASS,safety_debug_s_w1_r1_12_444_c1_w1_m1
decoder_matrix,debug,s_w1_r2_8_420_c0,1,0,0,3,625ad39a45d7ab8371db2fe85dcd154ab9a960114b8f7a8e23d645343609bcaa,False,PASS,safety_debug_s_w1_r2_8_420_c0_w1_m0
decoder_matrix,debug,s_w1_r2_8_420_c0,1,1,0,3,625ad39a45d7ab8371db2fe85dcd154ab9a960114b8f7a8e23d645343609bcaa,False,PASS,safety_debug_s_w1_r2_8_420_c0_w1_m1
decoder_matrix,debug,s_w1_r2_8_420_c1,1,0,0,3,2a419c96057a7b4b9893f2d4bbaba44595a1dcef5ae1803d0025acb8d2c9fc5c,False,PASS,safety_debug_s_w1_r2_8_420_c1_w1_m0
decoder_matrix,debug,s_w1_r2_8_420_c1,1,1,0,3,2a419c96057a7b4b9893f2d4bbaba44595a1dcef5ae1803d0025acb8d2c9fc5c,False,PASS,safety_debug_s_w1_r2_8_420_c1_w1_m1
decoder_matrix,debug,s_w1_r2_8_444_c0,1,0,0,3,84d805e0ed8305ba5bc9911ef06a348f6c7dadd1d227e3a55e1683efd630626b,False,PASS,safety_debug_s_w1_r2_8_444_c0_w1_m0
decoder_matrix,debug,s_w1_r2_8_444_c0,1,1,0,3,84d805e0ed8305ba5bc9911ef06a348f6c7dadd1d227e3a55e1683efd630626b,False,PASS,safety_debug_s_w1_r2_8_444_c0_w1_m1
decoder_matrix,debug,s_w1_r2_8_444_c1,1,0,0,3,64f848bd2187c329e0eac6047202621ad59a18764a37efcb358668726bc6ac04,False,PASS,safety_debug_s_w1_r2_8_444_c1_w1_m0
decoder_matrix,debug,s_w1_r2_8_444_c1,1,1,0,3,64f848bd2187c329e0eac6047202621ad59a18764a37efcb358668726bc6ac04,False,PASS,safety_debug_s_w1_r2_8_444_c1_w1_m1
decoder_matrix,debug,s_w1_r2_10_420_c0,1,0,0,3,ea5ffd5f87f0c074b40b948072954853d5e2d30ce4852edf2e8fff7e6739574f,False,PASS,safety_debug_s_w1_r2_10_420_c0_w1_m0
decoder_matrix,debug,s_w1_r2_10_420_c0,1,1,0,3,ea5ffd5f87f0c074b40b948072954853d5e2d30ce4852edf2e8fff7e6739574f,False,PASS,safety_debug_s_w1_r2_10_420_c0_w1_m1
decoder_matrix,debug,s_w1_r2_10_420_c1,1,0,0,3,1836f835d9ba4ff1f7a552988be6ce7f1862b8d56b98a7ea0eebd5c8d99d5ec7,False,PASS,safety_debug_s_w1_r2_10_420_c1_w1_m0
decoder_matrix,debug,s_w1_r2_10_420_c1,1,1,0,3,1836f835d9ba4ff1f7a552988be6ce7f1862b8d56b98a7ea0eebd5c8d99d5ec7,False,PASS,safety_debug_s_w1_r2_10_420_c1_w1_m1
decoder_matrix,debug,s_w1_r2_10_444_c0,1,0,0,3,b9aa3d1f0dfca7bde0f21e6feed95f24dab9513bc7420fe97ecab5b84f9f58f3,False,PASS,safety_debug_s_w1_r2_10_444_c0_w1_m0
decoder_matrix,debug,s_w1_r2_10_444_c0,1,1,0,3,b9aa3d1f0dfca7bde0f21e6feed95f24dab9513bc7420fe97ecab5b84f9f58f3,False,PASS,safety_debug_s_w1_r2_10_444_c0_w1_m1
decoder_matrix,debug,s_w1_r2_10_444_c1,1,0,0,3,a14d6c6625a0a093914aaa5efaa9f18753537ffabd06bab59fc227392cafaefa,False,PASS,safety_debug_s_w1_r2_10_444_c1_w1_m0
decoder_matrix,debug,s_w1_r2_10_444_c1,1,1,0,3,a14d6c6625a0a093914aaa5efaa9f18753537ffabd06bab59fc227392cafaefa,False,PASS,safety_debug_s_w1_r2_10_444_c1_w1_m1
decoder_matrix,debug,s_w1_r2_12_420_c0,1,0,0,3,d6ab014902457cc60a6b6afb6d920493c705451fb7e4c7aaa94473e6f2bd367b,False,PASS,safety_debug_s_w1_r2_12_420_c0_w1_m0
decoder_matrix,debug,s_w1_r2_12_420_c0,1,1,0,3,d6ab014902457cc60a6b6afb6d920493c705451fb7e4c7aaa94473e6f2bd367b,False,PASS,safety_debug_s_w1_r2_12_420_c0_w1_m1
decoder_matrix,debug,s_w1_r2_12_420_c1,1,0,0,3,677d5f5e81f8af89a3984dbc1c7809bc35b27ea891c275e2c7ba2ecf2a04f938,False,PASS,safety_debug_s_w1_r2_12_420_c1_w1_m0
decoder_matrix,debug,s_w1_r2_12_420_c1,1,1,0,3,677d5f5e81f8af89a3984dbc1c7809bc35b27ea891c275e2c7ba2ecf2a04f938,False,PASS,safety_debug_s_w1_r2_12_420_c1_w1_m1
decoder_matrix,debug,s_w1_r2_12_444_c0,1,0,0,3,55a0ac62dff32fc6e2c3a9a991fcccfa20f2e87eb8fd023702ef0c0a71b83cbf,False,PASS,safety_debug_s_w1_r2_12_444_c0_w1_m0
decoder_matrix,debug,s_w1_r2_12_444_c0,1,1,0,3,55a0ac62dff32fc6e2c3a9a991fcccfa20f2e87eb8fd023702ef0c0a71b83cbf,False,PASS,safety_debug_s_w1_r2_12_444_c0_w1_m1
decoder_matrix,debug,s_w1_r2_12_444_c1,1,0,0,3,55b62ba35f6c7040387db20b52548b25bc2d3fcf464be3db28c4ad30dc75f666,False,PASS,safety_debug_s_w1_r2_12_444_c1_w1_m0
decoder_matrix,debug,s_w1_r2_12_444_c1,1,1,0,3,55b62ba35f6c7040387db20b52548b25bc2d3fcf464be3db28c4ad30dc75f666,False,PASS,safety_debug_s_w1_r2_12_444_c1_w1_m1
decoder_matrix,debug,s_w1_r3_8_420_c0,1,0,0,3,bc5a956d050eaaf1f55b969dc8147a0301a1a7396bd06a9f3321eab4776d60bd,False,PASS,safety_debug_s_w1_r3_8_420_c0_w1_m0
decoder_matrix,debug,s_w1_r3_8_420_c0,1,1,0,3,bc5a956d050eaaf1f55b969dc8147a0301a1a7396bd06a9f3321eab4776d60bd,False,PASS,safety_debug_s_w1_r3_8_420_c0_w1_m1
decoder_matrix,debug,s_w1_r3_8_420_c1,1,0,0,3,4621dc4377f13d3481a8655b0b98c0cf031c11f3163a19b4b5fde224bf6cacce,False,PASS,safety_debug_s_w1_r3_8_420_c1_w1_m0
decoder_matrix,debug,s_w1_r3_8_420_c1,1,1,0,3,4621dc4377f13d3481a8655b0b98c0cf031c11f3163a19b4b5fde224bf6cacce,False,PASS,safety_debug_s_w1_r3_8_420_c1_w1_m1
decoder_matrix,debug,s_w1_r3_8_444_c0,1,0,0,3,9b128b057a4ed2220a5c03d7583b1cc4f97d4e54707d1aafd3e60b55c97c8386,False,PASS,safety_debug_s_w1_r3_8_444_c0_w1_m0
decoder_matrix,debug,s_w1_r3_8_444_c0,1,1,0,3,9b128b057a4ed2220a5c03d7583b1cc4f97d4e54707d1aafd3e60b55c97c8386,False,PASS,safety_debug_s_w1_r3_8_444_c0_w1_m1
decoder_matrix,debug,s_w1_r3_8_444_c1,1,0,0,3,e35222ac4e4af3844e4594b1a660e02bee62f69da9a400d9600da062576fb797,False,PASS,safety_debug_s_w1_r3_8_444_c1_w1_m0
decoder_matrix,debug,s_w1_r3_8_444_c1,1,1,0,3,e35222ac4e4af3844e4594b1a660e02bee62f69da9a400d9600da062576fb797,False,PASS,safety_debug_s_w1_r3_8_444_c1_w1_m1
decoder_matrix,debug,s_w1_r3_10_420_c0,1,0,0,3,56b80dd719a3ec6d2869b76815443e2bd30f696ca6b7dc4ee4e4081424d2b9f5,False,PASS,safety_debug_s_w1_r3_10_420_c0_w1_m0
decoder_matrix,debug,s_w1_r3_10_420_c0,1,1,0,3,56b80dd719a3ec6d2869b76815443e2bd30f696ca6b7dc4ee4e4081424d2b9f5,False,PASS,safety_debug_s_w1_r3_10_420_c0_w1_m1
decoder_matrix,debug,s_w1_r3_10_420_c1,1,0,0,3,621f080e652c68c2907f2d934b646196c7c40680a13dd80feb732e2cb8dfd94d,False,PASS,safety_debug_s_w1_r3_10_420_c1_w1_m0
decoder_matrix,debug,s_w1_r3_10_420_c1,1,1,0,3,621f080e652c68c2907f2d934b646196c7c40680a13dd80feb732e2cb8dfd94d,False,PASS,safety_debug_s_w1_r3_10_420_c1_w1_m1
decoder_matrix,debug,s_w1_r3_10_444_c0,1,0,0,3,2889649113638d08cdf2f8d224cd61e86ccc6a0ae87a60366fe60a885e83625b,False,PASS,safety_debug_s_w1_r3_10_444_c0_w1_m0
decoder_matrix,debug,s_w1_r3_10_444_c0,1,1,0,3,2889649113638d08cdf2f8d224cd61e86ccc6a0ae87a60366fe60a885e83625b,False,PASS,safety_debug_s_w1_r3_10_444_c0_w1_m1
decoder_matrix,debug,s_w1_r3_10_444_c1,1,0,0,3,8461ce8f5eae54a9dcc7d207fb6d5ee09c8dfd4e62c82d191204e3fa864a422e,False,PASS,safety_debug_s_w1_r3_10_444_c1_w1_m0
decoder_matrix,debug,s_w1_r3_10_444_c1,1,1,0,3,8461ce8f5eae54a9dcc7d207fb6d5ee09c8dfd4e62c82d191204e3fa864a422e,False,PASS,safety_debug_s_w1_r3_10_444_c1_w1_m1
decoder_matrix,debug,s_w1_r3_12_420_c0,1,0,0,3,9e0372835018f8064a5186e07d12d26bfae13cdf04ab2eeae23e56120e4095e5,False,PASS,safety_debug_s_w1_r3_12_420_c0_w1_m0
decoder_matrix,debug,s_w1_r3_12_420_c0,1,1,0,3,9e0372835018f8064a5186e07d12d26bfae13cdf04ab2eeae23e56120e4095e5,False,PASS,safety_debug_s_w1_r3_12_420_c0_w1_m1
decoder_matrix,debug,s_w1_r3_12_420_c1,1,0,0,3,c92eb81023b4f2c04e9a0dd238c95ae3d72ca177b7029cb044665ea8ebcb8793,False,PASS,safety_debug_s_w1_r3_12_420_c1_w1_m0
decoder_matrix,debug,s_w1_r3_12_420_c1,1,1,0,3,c92eb81023b4f2c04e9a0dd238c95ae3d72ca177b7029cb044665ea8ebcb8793,False,PASS,safety_debug_s_w1_r3_12_420_c1_w1_m1
decoder_matrix,debug,s_w1_r3_12_444_c0,1,0,0,3,30a4d67410a05a217536729a2605aa5d4e02a86b6691d0476bfcc871adf0cf3f,False,PASS,safety_debug_s_w1_r3_12_444_c0_w1_m0
decoder_matrix,debug,s_w1_r3_12_444_c0,1,1,0,3,30a4d67410a05a217536729a2605aa5d4e02a86b6691d0476bfcc871adf0cf3f,False,PASS,safety_debug_s_w1_r3_12_444_c0_w1_m1
decoder_matrix,debug,s_w1_r3_12_444_c1,1,0,0,3,848c51faac6f669520e2415f19c001e69eb4a3dafbd1b123e921d06a728f4148,False,PASS,safety_debug_s_w1_r3_12_444_c1_w1_m0
decoder_matrix,debug,s_w1_r3_12_444_c1,1,1,0,3,848c51faac6f669520e2415f19c001e69eb4a3dafbd1b123e921d06a728f4148,False,PASS,safety_debug_s_w1_r3_12_444_c1_w1_m1
decoder_matrix,debug,s_w1_r11_8_420_c0,1,0,0,3,6d9fcebdedf80f9d0cb6d209703e1eb97286483105ddbbd2b6da7303774381aa,False,PASS,safety_debug_s_w1_r11_8_420_c0_w1_m0
decoder_matrix,debug,s_w1_r11_8_420_c0,1,1,0,3,6d9fcebdedf80f9d0cb6d209703e1eb97286483105ddbbd2b6da7303774381aa,False,PASS,safety_debug_s_w1_r11_8_420_c0_w1_m1
decoder_matrix,debug,s_w1_r11_8_420_c1,1,0,0,3,b27e06e3ffb5d97159994256e8d1cdc8f7ff6c6580879d6903ea7732e3b5a537,False,PASS,safety_debug_s_w1_r11_8_420_c1_w1_m0
decoder_matrix,debug,s_w1_r11_8_420_c1,1,1,0,3,b27e06e3ffb5d97159994256e8d1cdc8f7ff6c6580879d6903ea7732e3b5a537,False,PASS,safety_debug_s_w1_r11_8_420_c1_w1_m1
decoder_matrix,debug,s_w1_r11_8_444_c0,1,0,0,3,696388d4d5e1f3e9ff73f4d138fc292eb0aeb705dc1f3d9c8ee4daad1e958e6e,False,PASS,safety_debug_s_w1_r11_8_444_c0_w1_m0
decoder_matrix,debug,s_w1_r11_8_444_c0,1,1,0,3,696388d4d5e1f3e9ff73f4d138fc292eb0aeb705dc1f3d9c8ee4daad1e958e6e,False,PASS,safety_debug_s_w1_r11_8_444_c0_w1_m1
decoder_matrix,debug,s_w1_r11_8_444_c1,1,0,0,3,f5595f546feb1336bacc9a31229d97f1f2bfca3b05108f2beb58db0b1a29e155,False,PASS,safety_debug_s_w1_r11_8_444_c1_w1_m0
decoder_matrix,debug,s_w1_r11_8_444_c1,1,1,0,3,f5595f546feb1336bacc9a31229d97f1f2bfca3b05108f2beb58db0b1a29e155,False,PASS,safety_debug_s_w1_r11_8_444_c1_w1_m1
decoder_matrix,debug,s_w1_r11_10_420_c0,1,0,0,3,e539643a4604a1ecdef2c6e34982a25864fb9a6e704b8c05220f0dce4fd79e3b,False,PASS,safety_debug_s_w1_r11_10_420_c0_w1_m0
decoder_matrix,debug,s_w1_r11_10_420_c0,1,1,0,3,e539643a4604a1ecdef2c6e34982a25864fb9a6e704b8c05220f0dce4fd79e3b,False,PASS,safety_debug_s_w1_r11_10_420_c0_w1_m1
decoder_matrix,debug,s_w1_r11_10_420_c1,1,0,0,3,ffe9254adfd9661b4023ba27203ee6d669f375a2701b61b18e39b6f7ded7943b,False,PASS,safety_debug_s_w1_r11_10_420_c1_w1_m0
decoder_matrix,debug,s_w1_r11_10_420_c1,1,1,0,3,ffe9254adfd9661b4023ba27203ee6d669f375a2701b61b18e39b6f7ded7943b,False,PASS,safety_debug_s_w1_r11_10_420_c1_w1_m1
decoder_matrix,debug,s_w1_r11_10_444_c0,1,0,0,3,9ddf680d25168982078c1e331380633361640975c0917ec88a55cb97dc10f6bb,False,PASS,safety_debug_s_w1_r11_10_444_c0_w1_m0
decoder_matrix,debug,s_w1_r11_10_444_c0,1,1,0,3,9ddf680d25168982078c1e331380633361640975c0917ec88a55cb97dc10f6bb,False,PASS,safety_debug_s_w1_r11_10_444_c0_w1_m1
decoder_matrix,debug,s_w1_r11_10_444_c1,1,0,0,3,ecb9bfc9dc8695a0db52afa77fb85af7eefe5d53db166be76b2a0d78517fd615,False,PASS,safety_debug_s_w1_r11_10_444_c1_w1_m0
decoder_matrix,debug,s_w1_r11_10_444_c1,1,1,0,3,ecb9bfc9dc8695a0db52afa77fb85af7eefe5d53db166be76b2a0d78517fd615,False,PASS,safety_debug_s_w1_r11_10_444_c1_w1_m1
decoder_matrix,debug,s_w1_r11_12_420_c0,1,0,0,3,7ad1af0566817a4625226bd1763191fb07da3497101028fece56a05fb15544bc,False,PASS,safety_debug_s_w1_r11_12_420_c0_w1_m0
decoder_matrix,debug,s_w1_r11_12_420_c0,1,1,0,3,7ad1af0566817a4625226bd1763191fb07da3497101028fece56a05fb15544bc,False,PASS,safety_debug_s_w1_r11_12_420_c0_w1_m1
decoder_matrix,debug,s_w1_r11_12_420_c1,1,0,0,3,9dad14bb409e5b764945653e08b772981edd42248daa2a8e38299080b03342dc,False,PASS,safety_debug_s_w1_r11_12_420_c1_w1_m0
decoder_matrix,debug,s_w1_r11_12_420_c1,1,1,0,3,9dad14bb409e5b764945653e08b772981edd42248daa2a8e38299080b03342dc,False,PASS,safety_debug_s_w1_r11_12_420_c1_w1_m1
decoder_matrix,debug,s_w1_r11_12_444_c0,1,0,0,3,1b3d2b6a1234913d8eea1a78f5ad3cea8038ad1abec3bda894fbe665b6a24a8e,False,PASS,safety_debug_s_w1_r11_12_444_c0_w1_m0
decoder_matrix,debug,s_w1_r11_12_444_c0,1,1,0,3,1b3d2b6a1234913d8eea1a78f5ad3cea8038ad1abec3bda894fbe665b6a24a8e,False,PASS,safety_debug_s_w1_r11_12_444_c0_w1_m1
decoder_matrix,debug,s_w1_r11_12_444_c1,1,0,0,3,9e387416f162a6175ee7e7120d3e7e68ad3eb00cb702771340f130a6ff215bea,False,PASS,safety_debug_s_w1_r11_12_444_c1_w1_m0
decoder_matrix,debug,s_w1_r11_12_444_c1,1,1,0,3,9e387416f162a6175ee7e7120d3e7e68ad3eb00cb702771340f130a6ff215bea,False,PASS,safety_debug_s_w1_r11_12_444_c1_w1_m1
decoder_matrix,debug,s_w2_r1_8_420_c0,2,0,0,3,9543a0fcc37023bcc43189b408123b65fcad8cf16cf61a1b382542390147d0c8,False,PASS,safety_debug_s_w2_r1_8_420_c0_w2_m0
decoder_matrix,debug,s_w2_r1_8_420_c0,2,1,0,3,9543a0fcc37023bcc43189b408123b65fcad8cf16cf61a1b382542390147d0c8,False,PASS,safety_debug_s_w2_r1_8_420_c0_w2_m1
decoder_matrix,debug,s_w2_r1_8_420_c1,2,0,0,3,f72ec11dde05cc90b20c70187667b18fd481aeaa3f897ec70e730b0cdc6bfb1a,False,PASS,safety_debug_s_w2_r1_8_420_c1_w2_m0
decoder_matrix,debug,s_w2_r1_8_420_c1,2,1,0,3,f72ec11dde05cc90b20c70187667b18fd481aeaa3f897ec70e730b0cdc6bfb1a,False,PASS,safety_debug_s_w2_r1_8_420_c1_w2_m1
decoder_matrix,debug,s_w2_r1_8_444_c0,2,0,0,3,129ed30da9651aff7cca78facf8d31bfe0c5df5c248312fbb21a58acaa19640a,False,PASS,safety_debug_s_w2_r1_8_444_c0_w2_m0
decoder_matrix,debug,s_w2_r1_8_444_c0,2,1,0,3,129ed30da9651aff7cca78facf8d31bfe0c5df5c248312fbb21a58acaa19640a,False,PASS,safety_debug_s_w2_r1_8_444_c0_w2_m1
decoder_matrix,debug,s_w2_r1_8_444_c1,2,0,0,3,fbf54c718edfb2690b3556dde0af6a10e200c2552850668bd1d198ba8709f1c9,False,PASS,safety_debug_s_w2_r1_8_444_c1_w2_m0
decoder_matrix,debug,s_w2_r1_8_444_c1,2,1,0,3,fbf54c718edfb2690b3556dde0af6a10e200c2552850668bd1d198ba8709f1c9,False,PASS,safety_debug_s_w2_r1_8_444_c1_w2_m1
decoder_matrix,debug,s_w2_r1_10_420_c0,2,0,0,3,8acf9831151e5aaf2181f4a9017b205c1aaa27dfaa35ab5b42470e5f81ae1908,False,PASS,safety_debug_s_w2_r1_10_420_c0_w2_m0
decoder_matrix,debug,s_w2_r1_10_420_c0,2,1,0,3,8acf9831151e5aaf2181f4a9017b205c1aaa27dfaa35ab5b42470e5f81ae1908,False,PASS,safety_debug_s_w2_r1_10_420_c0_w2_m1
decoder_matrix,debug,s_w2_r1_10_420_c1,2,0,0,3,0223bd104da2aba19bb7e0d2a3eb8a28715fa10dce82fe9022be429165338a3a,False,PASS,safety_debug_s_w2_r1_10_420_c1_w2_m0
decoder_matrix,debug,s_w2_r1_10_420_c1,2,1,0,3,0223bd104da2aba19bb7e0d2a3eb8a28715fa10dce82fe9022be429165338a3a,False,PASS,safety_debug_s_w2_r1_10_420_c1_w2_m1
decoder_matrix,debug,s_w2_r1_10_444_c0,2,0,0,3,01c59f38fc4478e889d9780e7ebea367e5c8ad02f847a872ca2467eeaf8cd780,False,PASS,safety_debug_s_w2_r1_10_444_c0_w2_m0
decoder_matrix,debug,s_w2_r1_10_444_c0,2,1,0,3,01c59f38fc4478e889d9780e7ebea367e5c8ad02f847a872ca2467eeaf8cd780,False,PASS,safety_debug_s_w2_r1_10_444_c0_w2_m1
decoder_matrix,debug,s_w2_r1_10_444_c1,2,0,0,3,b994600cd6275f6f2622b32c1b8975c6e17170d162c0554957dea278eb2a0c3d,False,PASS,safety_debug_s_w2_r1_10_444_c1_w2_m0
decoder_matrix,debug,s_w2_r1_10_444_c1,2,1,0,3,b994600cd6275f6f2622b32c1b8975c6e17170d162c0554957dea278eb2a0c3d,False,PASS,safety_debug_s_w2_r1_10_444_c1_w2_m1
decoder_matrix,debug,s_w2_r1_12_420_c0,2,0,0,3,bf31ec4a6553b4375e68b5687c74bdeb771c0ae7d4f099e06c5949bf19443747,False,PASS,safety_debug_s_w2_r1_12_420_c0_w2_m0
decoder_matrix,debug,s_w2_r1_12_420_c0,2,1,0,3,bf31ec4a6553b4375e68b5687c74bdeb771c0ae7d4f099e06c5949bf19443747,False,PASS,safety_debug_s_w2_r1_12_420_c0_w2_m1
decoder_matrix,debug,s_w2_r1_12_420_c1,2,0,0,3,fff85ad1abe97c165543cc3f7a1518f9d58f52df06fd1654a8bbb50648050f54,False,PASS,safety_debug_s_w2_r1_12_420_c1_w2_m0
decoder_matrix,debug,s_w2_r1_12_420_c1,2,1,0,3,fff85ad1abe97c165543cc3f7a1518f9d58f52df06fd1654a8bbb50648050f54,False,PASS,safety_debug_s_w2_r1_12_420_c1_w2_m1
decoder_matrix,debug,s_w2_r1_12_444_c0,2,0,0,3,c8caf6981bf765f8d891668d892a8dbda2135d413f6fe1bcb630dbfe9f3faead,False,PASS,safety_debug_s_w2_r1_12_444_c0_w2_m0
decoder_matrix,debug,s_w2_r1_12_444_c0,2,1,0,3,c8caf6981bf765f8d891668d892a8dbda2135d413f6fe1bcb630dbfe9f3faead,False,PASS,safety_debug_s_w2_r1_12_444_c0_w2_m1
decoder_matrix,debug,s_w2_r1_12_444_c1,2,0,0,3,59066f9f3a6aacd91acd524068260819b5e38f269844ebb3a2dd38761b84afed,False,PASS,safety_debug_s_w2_r1_12_444_c1_w2_m0
decoder_matrix,debug,s_w2_r1_12_444_c1,2,1,0,3,59066f9f3a6aacd91acd524068260819b5e38f269844ebb3a2dd38761b84afed,False,PASS,safety_debug_s_w2_r1_12_444_c1_w2_m1
decoder_matrix,debug,s_w2_r3_8_420_c0,2,0,0,3,bc5a956d050eaaf1f55b969dc8147a0301a1a7396bd06a9f3321eab4776d60bd,False,PASS,safety_debug_s_w2_r3_8_420_c0_w2_m0
decoder_matrix,debug,s_w2_r3_8_420_c0,2,1,0,3,bc5a956d050eaaf1f55b969dc8147a0301a1a7396bd06a9f3321eab4776d60bd,False,PASS,safety_debug_s_w2_r3_8_420_c0_w2_m1
decoder_matrix,debug,s_w2_r3_8_420_c1,2,0,0,3,4621dc4377f13d3481a8655b0b98c0cf031c11f3163a19b4b5fde224bf6cacce,False,PASS,safety_debug_s_w2_r3_8_420_c1_w2_m0
decoder_matrix,debug,s_w2_r3_8_420_c1,2,1,0,3,4621dc4377f13d3481a8655b0b98c0cf031c11f3163a19b4b5fde224bf6cacce,False,PASS,safety_debug_s_w2_r3_8_420_c1_w2_m1
decoder_matrix,debug,s_w2_r3_8_444_c0,2,0,0,3,9b128b057a4ed2220a5c03d7583b1cc4f97d4e54707d1aafd3e60b55c97c8386,False,PASS,safety_debug_s_w2_r3_8_444_c0_w2_m0
decoder_matrix,debug,s_w2_r3_8_444_c0,2,1,0,3,9b128b057a4ed2220a5c03d7583b1cc4f97d4e54707d1aafd3e60b55c97c8386,False,PASS,safety_debug_s_w2_r3_8_444_c0_w2_m1
decoder_matrix,debug,s_w2_r3_8_444_c1,2,0,0,3,e35222ac4e4af3844e4594b1a660e02bee62f69da9a400d9600da062576fb797,False,PASS,safety_debug_s_w2_r3_8_444_c1_w2_m0
decoder_matrix,debug,s_w2_r3_8_444_c1,2,1,0,3,e35222ac4e4af3844e4594b1a660e02bee62f69da9a400d9600da062576fb797,False,PASS,safety_debug_s_w2_r3_8_444_c1_w2_m1
decoder_matrix,debug,s_w2_r3_10_420_c0,2,0,0,3,56b80dd719a3ec6d2869b76815443e2bd30f696ca6b7dc4ee4e4081424d2b9f5,False,PASS,safety_debug_s_w2_r3_10_420_c0_w2_m0
decoder_matrix,debug,s_w2_r3_10_420_c0,2,1,0,3,56b80dd719a3ec6d2869b76815443e2bd30f696ca6b7dc4ee4e4081424d2b9f5,False,PASS,safety_debug_s_w2_r3_10_420_c0_w2_m1
decoder_matrix,debug,s_w2_r3_10_420_c1,2,0,0,3,621f080e652c68c2907f2d934b646196c7c40680a13dd80feb732e2cb8dfd94d,False,PASS,safety_debug_s_w2_r3_10_420_c1_w2_m0
decoder_matrix,debug,s_w2_r3_10_420_c1,2,1,0,3,621f080e652c68c2907f2d934b646196c7c40680a13dd80feb732e2cb8dfd94d,False,PASS,safety_debug_s_w2_r3_10_420_c1_w2_m1
decoder_matrix,debug,s_w2_r3_10_444_c0,2,0,0,3,2889649113638d08cdf2f8d224cd61e86ccc6a0ae87a60366fe60a885e83625b,False,PASS,safety_debug_s_w2_r3_10_444_c0_w2_m0
decoder_matrix,debug,s_w2_r3_10_444_c0,2,1,0,3,2889649113638d08cdf2f8d224cd61e86ccc6a0ae87a60366fe60a885e83625b,False,PASS,safety_debug_s_w2_r3_10_444_c0_w2_m1
decoder_matrix,debug,s_w2_r3_10_444_c1,2,0,0,3,8461ce8f5eae54a9dcc7d207fb6d5ee09c8dfd4e62c82d191204e3fa864a422e,False,PASS,safety_debug_s_w2_r3_10_444_c1_w2_m0
decoder_matrix,debug,s_w2_r3_10_444_c1,2,1,0,3,8461ce8f5eae54a9dcc7d207fb6d5ee09c8dfd4e62c82d191204e3fa864a422e,False,PASS,safety_debug_s_w2_r3_10_444_c1_w2_m1
decoder_matrix,debug,s_w2_r3_12_420_c0,2,0,0,3,9e0372835018f8064a5186e07d12d26bfae13cdf04ab2eeae23e56120e4095e5,False,PASS,safety_debug_s_w2_r3_12_420_c0_w2_m0
decoder_matrix,debug,s_w2_r3_12_420_c0,2,1,0,3,9e0372835018f8064a5186e07d12d26bfae13cdf04ab2eeae23e56120e4095e5,False,PASS,safety_debug_s_w2_r3_12_420_c0_w2_m1
decoder_matrix,debug,s_w2_r3_12_420_c1,2,0,0,3,c92eb81023b4f2c04e9a0dd238c95ae3d72ca177b7029cb044665ea8ebcb8793,False,PASS,safety_debug_s_w2_r3_12_420_c1_w2_m0
decoder_matrix,debug,s_w2_r3_12_420_c1,2,1,0,3,c92eb81023b4f2c04e9a0dd238c95ae3d72ca177b7029cb044665ea8ebcb8793,False,PASS,safety_debug_s_w2_r3_12_420_c1_w2_m1
decoder_matrix,debug,s_w2_r3_12_444_c0,2,0,0,3,30a4d67410a05a217536729a2605aa5d4e02a86b6691d0476bfcc871adf0cf3f,False,PASS,safety_debug_s_w2_r3_12_444_c0_w2_m0
decoder_matrix,debug,s_w2_r3_12_444_c0,2,1,0,3,30a4d67410a05a217536729a2605aa5d4e02a86b6691d0476bfcc871adf0cf3f,False,PASS,safety_debug_s_w2_r3_12_444_c0_w2_m1
decoder_matrix,debug,s_w2_r3_12_444_c1,2,0,0,3,848c51faac6f669520e2415f19c001e69eb4a3dafbd1b123e921d06a728f4148,False,PASS,safety_debug_s_w2_r3_12_444_c1_w2_m0
decoder_matrix,debug,s_w2_r3_12_444_c1,2,1,0,3,848c51faac6f669520e2415f19c001e69eb4a3dafbd1b123e921d06a728f4148,False,PASS,safety_debug_s_w2_r3_12_444_c1_w2_m1
decoder_matrix,debug,s_w2_r4_8_420_c0,2,0,0,3,34a47c0755a0e85e99ba06b5d40cad76aaff87a931d33afa3c5f40c56b947e27,False,PASS,safety_debug_s_w2_r4_8_420_c0_w2_m0
decoder_matrix,debug,s_w2_r4_8_420_c0,2,1,0,3,34a47c0755a0e85e99ba06b5d40cad76aaff87a931d33afa3c5f40c56b947e27,False,PASS,safety_debug_s_w2_r4_8_420_c0_w2_m1
decoder_matrix,debug,s_w2_r4_8_420_c1,2,0,0,3,0797eb71bc364c109d7fa5b23ede2e365c6f903d1dc04059039a244c74f8f059,False,PASS,safety_debug_s_w2_r4_8_420_c1_w2_m0
decoder_matrix,debug,s_w2_r4_8_420_c1,2,1,0,3,0797eb71bc364c109d7fa5b23ede2e365c6f903d1dc04059039a244c74f8f059,False,PASS,safety_debug_s_w2_r4_8_420_c1_w2_m1
decoder_matrix,debug,s_w2_r4_8_444_c0,2,0,0,3,2565421710e897acfc63cce0450758a8167a21296f35078be0be7ea59d4d4164,False,PASS,safety_debug_s_w2_r4_8_444_c0_w2_m0
decoder_matrix,debug,s_w2_r4_8_444_c0,2,1,0,3,2565421710e897acfc63cce0450758a8167a21296f35078be0be7ea59d4d4164,False,PASS,safety_debug_s_w2_r4_8_444_c0_w2_m1
decoder_matrix,debug,s_w2_r4_8_444_c1,2,0,0,3,32e7982ae9e6dee5f293e3daf269a5ddb0a2dde98ba8cdd06304fb2ae9c19b62,False,PASS,safety_debug_s_w2_r4_8_444_c1_w2_m0
decoder_matrix,debug,s_w2_r4_8_444_c1,2,1,0,3,32e7982ae9e6dee5f293e3daf269a5ddb0a2dde98ba8cdd06304fb2ae9c19b62,False,PASS,safety_debug_s_w2_r4_8_444_c1_w2_m1
decoder_matrix,debug,s_w2_r4_10_420_c0,2,0,0,3,69a35f4cad8061b2ce185c106a3cff323c7ae59fc2a8b1cd29c5c3930b845af5,False,PASS,safety_debug_s_w2_r4_10_420_c0_w2_m0
decoder_matrix,debug,s_w2_r4_10_420_c0,2,1,0,3,69a35f4cad8061b2ce185c106a3cff323c7ae59fc2a8b1cd29c5c3930b845af5,False,PASS,safety_debug_s_w2_r4_10_420_c0_w2_m1
decoder_matrix,debug,s_w2_r4_10_420_c1,2,0,0,3,07e5b287e762166a06b9d800712ed8c04aabe9f12d9ffd850f1724d7e2743239,False,PASS,safety_debug_s_w2_r4_10_420_c1_w2_m0
decoder_matrix,debug,s_w2_r4_10_420_c1,2,1,0,3,07e5b287e762166a06b9d800712ed8c04aabe9f12d9ffd850f1724d7e2743239,False,PASS,safety_debug_s_w2_r4_10_420_c1_w2_m1
decoder_matrix,debug,s_w2_r4_10_444_c0,2,0,0,3,adaa816eada1ea832f3bbb33efea2792f461a21bfe5ab191e066082c07ec5988,False,PASS,safety_debug_s_w2_r4_10_444_c0_w2_m0
decoder_matrix,debug,s_w2_r4_10_444_c0,2,1,0,3,adaa816eada1ea832f3bbb33efea2792f461a21bfe5ab191e066082c07ec5988,False,PASS,safety_debug_s_w2_r4_10_444_c0_w2_m1
decoder_matrix,debug,s_w2_r4_10_444_c1,2,0,0,3,092292d9df7953f9e6ac7376ea2fab9681f6421d6eb332ba3845bff0f231709f,False,PASS,safety_debug_s_w2_r4_10_444_c1_w2_m0
decoder_matrix,debug,s_w2_r4_10_444_c1,2,1,0,3,092292d9df7953f9e6ac7376ea2fab9681f6421d6eb332ba3845bff0f231709f,False,PASS,safety_debug_s_w2_r4_10_444_c1_w2_m1
decoder_matrix,debug,s_w2_r4_12_420_c0,2,0,0,3,e6f727584cd92d7a7e1fe4b47ae96d51ccb163fcccb293f307cc4c4e3c5e9e73,False,PASS,safety_debug_s_w2_r4_12_420_c0_w2_m0
decoder_matrix,debug,s_w2_r4_12_420_c0,2,1,0,3,e6f727584cd92d7a7e1fe4b47ae96d51ccb163fcccb293f307cc4c4e3c5e9e73,False,PASS,safety_debug_s_w2_r4_12_420_c0_w2_m1
decoder_matrix,debug,s_w2_r4_12_420_c1,2,0,0,3,60f8b4a8c4f623c77472cb85b1ac290c9ae2fcce08e1264612925f07a317728c,False,PASS,safety_debug_s_w2_r4_12_420_c1_w2_m0
decoder_matrix,debug,s_w2_r4_12_420_c1,2,1,0,3,60f8b4a8c4f623c77472cb85b1ac290c9ae2fcce08e1264612925f07a317728c,False,PASS,safety_debug_s_w2_r4_12_420_c1_w2_m1
decoder_matrix,debug,s_w2_r4_12_444_c0,2,0,0,3,7e07a630b84963b7761cb96d0c16acf226d0ee614b83dc31c871e5f0303b8253,False,PASS,safety_debug_s_w2_r4_12_444_c0_w2_m0
decoder_matrix,debug,s_w2_r4_12_444_c0,2,1,0,3,7e07a630b84963b7761cb96d0c16acf226d0ee614b83dc31c871e5f0303b8253,False,PASS,safety_debug_s_w2_r4_12_444_c0_w2_m1
decoder_matrix,debug,s_w2_r4_12_444_c1,2,0,0,3,8699090c7613a91d61403d846b13befa7ff8bbcd0f9b4031e188450e1385508e,False,PASS,safety_debug_s_w2_r4_12_444_c1_w2_m0
decoder_matrix,debug,s_w2_r4_12_444_c1,2,1,0,3,8699090c7613a91d61403d846b13befa7ff8bbcd0f9b4031e188450e1385508e,False,PASS,safety_debug_s_w2_r4_12_444_c1_w2_m1
decoder_matrix,debug,s_w2_r19_8_420_c0,2,0,0,3,befa37f061741a2a809e57ba4940696443116607b7060932975ba1c28c7e06a0,False,PASS,safety_debug_s_w2_r19_8_420_c0_w2_m0
decoder_matrix,debug,s_w2_r19_8_420_c0,2,1,0,3,befa37f061741a2a809e57ba4940696443116607b7060932975ba1c28c7e06a0,False,PASS,safety_debug_s_w2_r19_8_420_c0_w2_m1
decoder_matrix,debug,s_w2_r19_8_420_c1,2,0,0,3,6609226361df318ccff389f44deea54dc44a2a8b7ae60024e3702cd2d64d9080,False,PASS,safety_debug_s_w2_r19_8_420_c1_w2_m0
decoder_matrix,debug,s_w2_r19_8_420_c1,2,1,0,3,6609226361df318ccff389f44deea54dc44a2a8b7ae60024e3702cd2d64d9080,False,PASS,safety_debug_s_w2_r19_8_420_c1_w2_m1
decoder_matrix,debug,s_w2_r19_8_444_c0,2,0,0,3,569141436b94e6cad9beb70f9729e02079965c9282c6b7529b52e1fb9879ec09,False,PASS,safety_debug_s_w2_r19_8_444_c0_w2_m0
decoder_matrix,debug,s_w2_r19_8_444_c0,2,1,0,3,569141436b94e6cad9beb70f9729e02079965c9282c6b7529b52e1fb9879ec09,False,PASS,safety_debug_s_w2_r19_8_444_c0_w2_m1
decoder_matrix,debug,s_w2_r19_8_444_c1,2,0,0,3,4b0bcd9163210ba66e86edb5bce2ab5c55382609e989cc0d29b16369e4c1e6cb,False,PASS,safety_debug_s_w2_r19_8_444_c1_w2_m0
decoder_matrix,debug,s_w2_r19_8_444_c1,2,1,0,3,4b0bcd9163210ba66e86edb5bce2ab5c55382609e989cc0d29b16369e4c1e6cb,False,PASS,safety_debug_s_w2_r19_8_444_c1_w2_m1
decoder_matrix,debug,s_w2_r19_10_420_c0,2,0,0,3,ecab412bb3ea54f9fec3230ad82f1cbdb2a6aee2b62992623938c7a5df4f63d5,False,PASS,safety_debug_s_w2_r19_10_420_c0_w2_m0
decoder_matrix,debug,s_w2_r19_10_420_c0,2,1,0,3,ecab412bb3ea54f9fec3230ad82f1cbdb2a6aee2b62992623938c7a5df4f63d5,False,PASS,safety_debug_s_w2_r19_10_420_c0_w2_m1
decoder_matrix,debug,s_w2_r19_10_420_c1,2,0,0,3,9c4d54d2fe6bf8b35c090562397d33c43f8622c6de2db889ceb7ba490f475ca8,False,PASS,safety_debug_s_w2_r19_10_420_c1_w2_m0
decoder_matrix,debug,s_w2_r19_10_420_c1,2,1,0,3,9c4d54d2fe6bf8b35c090562397d33c43f8622c6de2db889ceb7ba490f475ca8,False,PASS,safety_debug_s_w2_r19_10_420_c1_w2_m1
decoder_matrix,debug,s_w2_r19_10_444_c0,2,0,0,3,eb300012408e9dc9a47b2914efa723e3ba572a3d868cbb3fd34b7c57caaec4ef,False,PASS,safety_debug_s_w2_r19_10_444_c0_w2_m0
decoder_matrix,debug,s_w2_r19_10_444_c0,2,1,0,3,eb300012408e9dc9a47b2914efa723e3ba572a3d868cbb3fd34b7c57caaec4ef,False,PASS,safety_debug_s_w2_r19_10_444_c0_w2_m1
decoder_matrix,debug,s_w2_r19_10_444_c1,2,0,0,3,4bf9ab802170c6ff5b5f2fc74eb19647f40faa5d6426757e29baa689603899ac,False,PASS,safety_debug_s_w2_r19_10_444_c1_w2_m0
decoder_matrix,debug,s_w2_r19_10_444_c1,2,1,0,3,4bf9ab802170c6ff5b5f2fc74eb19647f40faa5d6426757e29baa689603899ac,False,PASS,safety_debug_s_w2_r19_10_444_c1_w2_m1
decoder_matrix,debug,s_w2_r19_12_420_c0,2,0,0,3,3de6bb0e5573375587e313e2e2dcd8711b779f2d3bc5675ba879cd47139f0c78,False,PASS,safety_debug_s_w2_r19_12_420_c0_w2_m0
decoder_matrix,debug,s_w2_r19_12_420_c0,2,1,0,3,3de6bb0e5573375587e313e2e2dcd8711b779f2d3bc5675ba879cd47139f0c78,False,PASS,safety_debug_s_w2_r19_12_420_c0_w2_m1
decoder_matrix,debug,s_w2_r19_12_420_c1,2,0,0,3,781fbdf410ef895d57a34e6ffa893a7ddd21c35171c049cd7c0dea739b47057e,False,PASS,safety_debug_s_w2_r19_12_420_c1_w2_m0
decoder_matrix,debug,s_w2_r19_12_420_c1,2,1,0,3,781fbdf410ef895d57a34e6ffa893a7ddd21c35171c049cd7c0dea739b47057e,False,PASS,safety_debug_s_w2_r19_12_420_c1_w2_m1
decoder_matrix,debug,s_w2_r19_12_444_c0,2,0,0,3,73648d78861a745eea81ea7ca59133b7875c95d3feb1f8ce403fe2b96ddcd142,False,PASS,safety_debug_s_w2_r19_12_444_c0_w2_m0
decoder_matrix,debug,s_w2_r19_12_444_c0,2,1,0,3,73648d78861a745eea81ea7ca59133b7875c95d3feb1f8ce403fe2b96ddcd142,False,PASS,safety_debug_s_w2_r19_12_444_c0_w2_m1
decoder_matrix,debug,s_w2_r19_12_444_c1,2,0,0,3,069374065191eed3428bf05552db86b0fe33fac73eeb1ab7e5d355eaed3d93af,False,PASS,safety_debug_s_w2_r19_12_444_c1_w2_m0
decoder_matrix,debug,s_w2_r19_12_444_c1,2,1,0,3,069374065191eed3428bf05552db86b0fe33fac73eeb1ab7e5d355eaed3d93af,False,PASS,safety_debug_s_w2_r19_12_444_c1_w2_m1
decoder_matrix,debug,s_w8_r7_8_420_c0,8,0,0,3,827aa6704312eb10bf3d2af2e81fdacb4f1f6df4f68bfcb70a9e607d2eb2aeba,False,PASS,safety_debug_s_w8_r7_8_420_c0_w8_m0
decoder_matrix,debug,s_w8_r7_8_420_c0,8,1,0,3,827aa6704312eb10bf3d2af2e81fdacb4f1f6df4f68bfcb70a9e607d2eb2aeba,False,PASS,safety_debug_s_w8_r7_8_420_c0_w8_m1
decoder_matrix,debug,s_w8_r7_8_420_c1,8,0,0,3,5e8354879f216de5d01eb376cdc0d400ae6d208018090c304efd125de24129b0,False,PASS,safety_debug_s_w8_r7_8_420_c1_w8_m0
decoder_matrix,debug,s_w8_r7_8_420_c1,8,1,0,3,5e8354879f216de5d01eb376cdc0d400ae6d208018090c304efd125de24129b0,False,PASS,safety_debug_s_w8_r7_8_420_c1_w8_m1
decoder_matrix,debug,s_w8_r7_8_444_c0,8,0,0,3,eec5b5bcb50865c4d7232f08582bb5db150e32fd172c0c807703930b159f82a4,False,PASS,safety_debug_s_w8_r7_8_444_c0_w8_m0
decoder_matrix,debug,s_w8_r7_8_444_c0,8,1,0,3,eec5b5bcb50865c4d7232f08582bb5db150e32fd172c0c807703930b159f82a4,False,PASS,safety_debug_s_w8_r7_8_444_c0_w8_m1
decoder_matrix,debug,s_w8_r7_8_444_c1,8,0,0,3,f02d737334da7f9006881f9506dd7db6d3b84a9f101d041081f841fecf7a8525,False,PASS,safety_debug_s_w8_r7_8_444_c1_w8_m0
decoder_matrix,debug,s_w8_r7_8_444_c1,8,1,0,3,f02d737334da7f9006881f9506dd7db6d3b84a9f101d041081f841fecf7a8525,False,PASS,safety_debug_s_w8_r7_8_444_c1_w8_m1
decoder_matrix,debug,s_w8_r7_10_420_c0,8,0,0,3,c0f14b28df5beadfc4ef75140e04aa5954755a75ef8aa227aeded83cc879a800,False,PASS,safety_debug_s_w8_r7_10_420_c0_w8_m0
decoder_matrix,debug,s_w8_r7_10_420_c0,8,1,0,3,c0f14b28df5beadfc4ef75140e04aa5954755a75ef8aa227aeded83cc879a800,False,PASS,safety_debug_s_w8_r7_10_420_c0_w8_m1
decoder_matrix,debug,s_w8_r7_10_420_c1,8,0,0,3,8c8fba504ae981475b4fc684ccd7fa8957e2ae791a6d4632663ad9a645a66143,False,PASS,safety_debug_s_w8_r7_10_420_c1_w8_m0
decoder_matrix,debug,s_w8_r7_10_420_c1,8,1,0,3,8c8fba504ae981475b4fc684ccd7fa8957e2ae791a6d4632663ad9a645a66143,False,PASS,safety_debug_s_w8_r7_10_420_c1_w8_m1
decoder_matrix,debug,s_w8_r7_10_444_c0,8,0,0,3,ba170b9e9fed2469d6369b0ce46c79957cf1ed4a9124034e3808403b6488ed71,False,PASS,safety_debug_s_w8_r7_10_444_c0_w8_m0
decoder_matrix,debug,s_w8_r7_10_444_c0,8,1,0,3,ba170b9e9fed2469d6369b0ce46c79957cf1ed4a9124034e3808403b6488ed71,False,PASS,safety_debug_s_w8_r7_10_444_c0_w8_m1
decoder_matrix,debug,s_w8_r7_10_444_c1,8,0,0,3,fafb9248690a2ad2108bb092026d4244c96ec4ede78f9e6f58bb3f5fb929ae49,False,PASS,safety_debug_s_w8_r7_10_444_c1_w8_m0
decoder_matrix,debug,s_w8_r7_10_444_c1,8,1,0,3,fafb9248690a2ad2108bb092026d4244c96ec4ede78f9e6f58bb3f5fb929ae49,False,PASS,safety_debug_s_w8_r7_10_444_c1_w8_m1
decoder_matrix,debug,s_w8_r7_12_420_c0,8,0,0,3,1278865abe4c428125a3692c64454641dfccfa1e5f89b4fe274b4e20ef6f240d,False,PASS,safety_debug_s_w8_r7_12_420_c0_w8_m0
decoder_matrix,debug,s_w8_r7_12_420_c0,8,1,0,3,1278865abe4c428125a3692c64454641dfccfa1e5f89b4fe274b4e20ef6f240d,False,PASS,safety_debug_s_w8_r7_12_420_c0_w8_m1
decoder_matrix,debug,s_w8_r7_12_420_c1,8,0,0,3,aa7de8c7ebc279cb139c4d9cfe169878c3d1c4b673dd08d95105a17dcfda8010,False,PASS,safety_debug_s_w8_r7_12_420_c1_w8_m0
decoder_matrix,debug,s_w8_r7_12_420_c1,8,1,0,3,aa7de8c7ebc279cb139c4d9cfe169878c3d1c4b673dd08d95105a17dcfda8010,False,PASS,safety_debug_s_w8_r7_12_420_c1_w8_m1
decoder_matrix,debug,s_w8_r7_12_444_c0,8,0,0,3,14f33c187181a7d0d5e32709442494735a1533a19074a75a8dda5dc63a87b59f,False,PASS,safety_debug_s_w8_r7_12_444_c0_w8_m0
decoder_matrix,debug,s_w8_r7_12_444_c0,8,1,0,3,14f33c187181a7d0d5e32709442494735a1533a19074a75a8dda5dc63a87b59f,False,PASS,safety_debug_s_w8_r7_12_444_c0_w8_m1
decoder_matrix,debug,s_w8_r7_12_444_c1,8,0,0,3,ad8eb3e8c8484f8e6ad349c4c1172fa0d381f069eb5a2ec2dacd7938f05fde6c,False,PASS,safety_debug_s_w8_r7_12_444_c1_w8_m0
decoder_matrix,debug,s_w8_r7_12_444_c1,8,1,0,3,ad8eb3e8c8484f8e6ad349c4c1172fa0d381f069eb5a2ec2dacd7938f05fde6c,False,PASS,safety_debug_s_w8_r7_12_444_c1_w8_m1
decoder_matrix,debug,s_w8_r9_8_420_c0,8,0,0,3,e9622a78fdca176dc61cc153346b5efe5069d5e1bfa5c4a20695884f3d30e21d,False,PASS,safety_debug_s_w8_r9_8_420_c0_w8_m0
decoder_matrix,debug,s_w8_r9_8_420_c0,8,1,0,3,e9622a78fdca176dc61cc153346b5efe5069d5e1bfa5c4a20695884f3d30e21d,False,PASS,safety_debug_s_w8_r9_8_420_c0_w8_m1
decoder_matrix,debug,s_w8_r9_8_420_c1,8,0,0,3,cc31878760c4eab77a410370fa177753ca6b815542e7854df0dfa5a1b540ab6c,False,PASS,safety_debug_s_w8_r9_8_420_c1_w8_m0
decoder_matrix,debug,s_w8_r9_8_420_c1,8,1,0,3,cc31878760c4eab77a410370fa177753ca6b815542e7854df0dfa5a1b540ab6c,False,PASS,safety_debug_s_w8_r9_8_420_c1_w8_m1
decoder_matrix,debug,s_w8_r9_8_444_c0,8,0,0,3,8b9ee011d58bb886775d46e9bb404d9225ffb5f60594277c8f01adfbb49e6b34,False,PASS,safety_debug_s_w8_r9_8_444_c0_w8_m0
decoder_matrix,debug,s_w8_r9_8_444_c0,8,1,0,3,8b9ee011d58bb886775d46e9bb404d9225ffb5f60594277c8f01adfbb49e6b34,False,PASS,safety_debug_s_w8_r9_8_444_c0_w8_m1
decoder_matrix,debug,s_w8_r9_8_444_c1,8,0,0,3,272d6bed9360c31ae941562b3559cb9788980debab55ee4be261718778e28005,False,PASS,safety_debug_s_w8_r9_8_444_c1_w8_m0
decoder_matrix,debug,s_w8_r9_8_444_c1,8,1,0,3,272d6bed9360c31ae941562b3559cb9788980debab55ee4be261718778e28005,False,PASS,safety_debug_s_w8_r9_8_444_c1_w8_m1
decoder_matrix,debug,s_w8_r9_10_420_c0,8,0,0,3,d703b1ba9ba78d05e5022882dc7311719258ec961cb10d49f60875af01f83c93,False,PASS,safety_debug_s_w8_r9_10_420_c0_w8_m0
decoder_matrix,debug,s_w8_r9_10_420_c0,8,1,0,3,d703b1ba9ba78d05e5022882dc7311719258ec961cb10d49f60875af01f83c93,False,PASS,safety_debug_s_w8_r9_10_420_c0_w8_m1
decoder_matrix,debug,s_w8_r9_10_420_c1,8,0,0,3,9d829f237ffdb2c6f57fbc5872c55bac9a58211f050fffd164d882cd6387e15f,False,PASS,safety_debug_s_w8_r9_10_420_c1_w8_m0
decoder_matrix,debug,s_w8_r9_10_420_c1,8,1,0,3,9d829f237ffdb2c6f57fbc5872c55bac9a58211f050fffd164d882cd6387e15f,False,PASS,safety_debug_s_w8_r9_10_420_c1_w8_m1
decoder_matrix,debug,s_w8_r9_10_444_c0,8,0,0,3,b984bdcb8401ace349200562426c35da1c7742545cf4e3da735bd3be8c9ea2c4,False,PASS,safety_debug_s_w8_r9_10_444_c0_w8_m0
decoder_matrix,debug,s_w8_r9_10_444_c0,8,1,0,3,b984bdcb8401ace349200562426c35da1c7742545cf4e3da735bd3be8c9ea2c4,False,PASS,safety_debug_s_w8_r9_10_444_c0_w8_m1
decoder_matrix,debug,s_w8_r9_10_444_c1,8,0,0,3,ee87267043c2fbf9fa11481da72649668c5a711220682703ca4b4602cf750f65,False,PASS,safety_debug_s_w8_r9_10_444_c1_w8_m0
decoder_matrix,debug,s_w8_r9_10_444_c1,8,1,0,3,ee87267043c2fbf9fa11481da72649668c5a711220682703ca4b4602cf750f65,False,PASS,safety_debug_s_w8_r9_10_444_c1_w8_m1
decoder_matrix,debug,s_w8_r9_12_420_c0,8,0,0,3,cf48733abbf5425e0ed860f491f71a61786ed772f8b2e3eece84b2efaa45d94c,False,PASS,safety_debug_s_w8_r9_12_420_c0_w8_m0
decoder_matrix,debug,s_w8_r9_12_420_c0,8,1,0,3,cf48733abbf5425e0ed860f491f71a61786ed772f8b2e3eece84b2efaa45d94c,False,PASS,safety_debug_s_w8_r9_12_420_c0_w8_m1
decoder_matrix,debug,s_w8_r9_12_420_c1,8,0,0,3,960ddcfa7093cb1442b3682d9a7a78f85e27d309cdf92d2693bc87650f2a849c,False,PASS,safety_debug_s_w8_r9_12_420_c1_w8_m0
decoder_matrix,debug,s_w8_r9_12_420_c1,8,1,0,3,960ddcfa7093cb1442b3682d9a7a78f85e27d309cdf92d2693bc87650f2a849c,False,PASS,safety_debug_s_w8_r9_12_420_c1_w8_m1
decoder_matrix,debug,s_w8_r9_12_444_c0,8,0,0,3,8b2db433b308ea35ef02caf89270d551d1881cb8825226d52a8a786f778117fa,False,PASS,safety_debug_s_w8_r9_12_444_c0_w8_m0
decoder_matrix,debug,s_w8_r9_12_444_c0,8,1,0,3,8b2db433b308ea35ef02caf89270d551d1881cb8825226d52a8a786f778117fa,False,PASS,safety_debug_s_w8_r9_12_444_c0_w8_m1
decoder_matrix,debug,s_w8_r9_12_444_c1,8,0,0,3,22fb46fded26010d4853fb6cfff2f6f36942a266781ca29198ff1e440fcce27d,False,PASS,safety_debug_s_w8_r9_12_444_c1_w8_m0
decoder_matrix,debug,s_w8_r9_12_444_c1,8,1,0,3,22fb46fded26010d4853fb6cfff2f6f36942a266781ca29198ff1e440fcce27d,False,PASS,safety_debug_s_w8_r9_12_444_c1_w8_m1
decoder_matrix,debug,s_w8_r10_8_420_c0,8,0,0,3,f0ee95982fcf6c78d99541882d53b6aff79452b5a70cbb3f4ef57ceb9c92d5fd,False,PASS,safety_debug_s_w8_r10_8_420_c0_w8_m0
decoder_matrix,debug,s_w8_r10_8_420_c0,8,1,0,3,f0ee95982fcf6c78d99541882d53b6aff79452b5a70cbb3f4ef57ceb9c92d5fd,False,PASS,safety_debug_s_w8_r10_8_420_c0_w8_m1
decoder_matrix,debug,s_w8_r10_8_420_c1,8,0,0,3,618c6726d274526378842f94622c97644eac6bd8406a0ba203db322ddc4e232d,False,PASS,safety_debug_s_w8_r10_8_420_c1_w8_m0
decoder_matrix,debug,s_w8_r10_8_420_c1,8,1,0,3,618c6726d274526378842f94622c97644eac6bd8406a0ba203db322ddc4e232d,False,PASS,safety_debug_s_w8_r10_8_420_c1_w8_m1
decoder_matrix,debug,s_w8_r10_8_444_c0,8,0,0,3,56d09b8f7347fe3df23d6793c5fcefdad636ed4a722742882eb8112cef791e38,False,PASS,safety_debug_s_w8_r10_8_444_c0_w8_m0
decoder_matrix,debug,s_w8_r10_8_444_c0,8,1,0,3,56d09b8f7347fe3df23d6793c5fcefdad636ed4a722742882eb8112cef791e38,False,PASS,safety_debug_s_w8_r10_8_444_c0_w8_m1
decoder_matrix,debug,s_w8_r10_8_444_c1,8,0,0,3,43fe4db8b4e0a7545eb10d215b83687db1f4bf51ae99159e3f91823b2590a932,False,PASS,safety_debug_s_w8_r10_8_444_c1_w8_m0
decoder_matrix,debug,s_w8_r10_8_444_c1,8,1,0,3,43fe4db8b4e0a7545eb10d215b83687db1f4bf51ae99159e3f91823b2590a932,False,PASS,safety_debug_s_w8_r10_8_444_c1_w8_m1
decoder_matrix,debug,s_w8_r10_10_420_c0,8,0,0,3,9bf9ab89974726067666ebecd2613f0229c012e1f1f809f0bf9a6d8bab4f5973,False,PASS,safety_debug_s_w8_r10_10_420_c0_w8_m0
decoder_matrix,debug,s_w8_r10_10_420_c0,8,1,0,3,9bf9ab89974726067666ebecd2613f0229c012e1f1f809f0bf9a6d8bab4f5973,False,PASS,safety_debug_s_w8_r10_10_420_c0_w8_m1
decoder_matrix,debug,s_w8_r10_10_420_c1,8,0,0,3,c3b9b9d4dfef78fe00509a4ddae149c18b16f58ce816ead37a0d6b1bfda6e608,False,PASS,safety_debug_s_w8_r10_10_420_c1_w8_m0
decoder_matrix,debug,s_w8_r10_10_420_c1,8,1,0,3,c3b9b9d4dfef78fe00509a4ddae149c18b16f58ce816ead37a0d6b1bfda6e608,False,PASS,safety_debug_s_w8_r10_10_420_c1_w8_m1
decoder_matrix,debug,s_w8_r10_10_444_c0,8,0,0,3,27afea3539cbba2ac955da264d6b2dd86bbc4d33582a0d49f1a6bf670ad0cd17,False,PASS,safety_debug_s_w8_r10_10_444_c0_w8_m0
decoder_matrix,debug,s_w8_r10_10_444_c0,8,1,0,3,27afea3539cbba2ac955da264d6b2dd86bbc4d33582a0d49f1a6bf670ad0cd17,False,PASS,safety_debug_s_w8_r10_10_444_c0_w8_m1
decoder_matrix,debug,s_w8_r10_10_444_c1,8,0,0,3,32bc5f8f88777e1f51e253ee2ed05fc7269c5e183bb987c23fffa13c8ca4ae7c,False,PASS,safety_debug_s_w8_r10_10_444_c1_w8_m0
decoder_matrix,debug,s_w8_r10_10_444_c1,8,1,0,3,32bc5f8f88777e1f51e253ee2ed05fc7269c5e183bb987c23fffa13c8ca4ae7c,False,PASS,safety_debug_s_w8_r10_10_444_c1_w8_m1
decoder_matrix,debug,s_w8_r10_12_420_c0,8,0,0,3,f665c3e3cf885edbcde71f1a3d139ba4f7d90825f5f5ba0174f62d36aaed0a70,False,PASS,safety_debug_s_w8_r10_12_420_c0_w8_m0
decoder_matrix,debug,s_w8_r10_12_420_c0,8,1,0,3,f665c3e3cf885edbcde71f1a3d139ba4f7d90825f5f5ba0174f62d36aaed0a70,False,PASS,safety_debug_s_w8_r10_12_420_c0_w8_m1
decoder_matrix,debug,s_w8_r10_12_420_c1,8,0,0,3,f10e58d4362bdf81fe710c1f9ab715d01ae281a431a4a8573de5604edcfe0b55,False,PASS,safety_debug_s_w8_r10_12_420_c1_w8_m0
decoder_matrix,debug,s_w8_r10_12_420_c1,8,1,0,3,f10e58d4362bdf81fe710c1f9ab715d01ae281a431a4a8573de5604edcfe0b55,False,PASS,safety_debug_s_w8_r10_12_420_c1_w8_m1
decoder_matrix,debug,s_w8_r10_12_444_c0,8,0,0,3,7cbe050eeb7c40935bf845cb0b1b622feec53d031c8893b7cb37ad0c3f366edd,False,PASS,safety_debug_s_w8_r10_12_444_c0_w8_m0
decoder_matrix,debug,s_w8_r10_12_444_c0,8,1,0,3,7cbe050eeb7c40935bf845cb0b1b622feec53d031c8893b7cb37ad0c3f366edd,False,PASS,safety_debug_s_w8_r10_12_444_c0_w8_m1
decoder_matrix,debug,s_w8_r10_12_444_c1,8,0,0,3,61d7f16e202cdcb94a2b2a2ee84744de8b2c9424d8f0634050c02db0044402d6,False,PASS,safety_debug_s_w8_r10_12_444_c1_w8_m0
decoder_matrix,debug,s_w8_r10_12_444_c1,8,1,0,3,61d7f16e202cdcb94a2b2a2ee84744de8b2c9424d8f0634050c02db0044402d6,False,PASS,safety_debug_s_w8_r10_12_444_c1_w8_m1
decoder_matrix,debug,s_w8_r67_8_420_c0,8,0,0,3,ed62c3c2e1e2a85383401c35766ec67c4970ada029e873a9d7e564791f6f3604,False,PASS,safety_debug_s_w8_r67_8_420_c0_w8_m0
decoder_matrix,debug,s_w8_r67_8_420_c0,8,1,0,3,ed62c3c2e1e2a85383401c35766ec67c4970ada029e873a9d7e564791f6f3604,False,PASS,safety_debug_s_w8_r67_8_420_c0_w8_m1
decoder_matrix,debug,s_w8_r67_8_420_c1,8,0,0,3,0f5cc35ab3db96c25b356e2c391380ca2c61a05ee1114dd75f11dff8e6d4be48,False,PASS,safety_debug_s_w8_r67_8_420_c1_w8_m0
decoder_matrix,debug,s_w8_r67_8_420_c1,8,1,0,3,0f5cc35ab3db96c25b356e2c391380ca2c61a05ee1114dd75f11dff8e6d4be48,False,PASS,safety_debug_s_w8_r67_8_420_c1_w8_m1
decoder_matrix,debug,s_w8_r67_8_444_c0,8,0,0,3,deed8e71a650fc87877848d87253d4c675a18caa77a537d9a2f4819e43aef889,False,PASS,safety_debug_s_w8_r67_8_444_c0_w8_m0
decoder_matrix,debug,s_w8_r67_8_444_c0,8,1,0,3,deed8e71a650fc87877848d87253d4c675a18caa77a537d9a2f4819e43aef889,False,PASS,safety_debug_s_w8_r67_8_444_c0_w8_m1
decoder_matrix,debug,s_w8_r67_8_444_c1,8,0,0,3,1bc3e0f0cdf6a4aba2821b0380ef3c7a1f4ad799074bcc021aaf762b7f5d68e9,False,PASS,safety_debug_s_w8_r67_8_444_c1_w8_m0
decoder_matrix,debug,s_w8_r67_8_444_c1,8,1,0,3,1bc3e0f0cdf6a4aba2821b0380ef3c7a1f4ad799074bcc021aaf762b7f5d68e9,False,PASS,safety_debug_s_w8_r67_8_444_c1_w8_m1
decoder_matrix,debug,s_w8_r67_10_420_c0,8,0,0,3,ece1a424fde4eaede3e7d881aa7e8e40d27ed83e6debfddf17646a2c70070937,False,PASS,safety_debug_s_w8_r67_10_420_c0_w8_m0
decoder_matrix,debug,s_w8_r67_10_420_c0,8,1,0,3,ece1a424fde4eaede3e7d881aa7e8e40d27ed83e6debfddf17646a2c70070937,False,PASS,safety_debug_s_w8_r67_10_420_c0_w8_m1
decoder_matrix,debug,s_w8_r67_10_420_c1,8,0,0,3,a038da5a354b525a213dffa83a024ec44195b52ae0487b466b6d2fe9ed3bf4fd,False,PASS,safety_debug_s_w8_r67_10_420_c1_w8_m0
decoder_matrix,debug,s_w8_r67_10_420_c1,8,1,0,3,a038da5a354b525a213dffa83a024ec44195b52ae0487b466b6d2fe9ed3bf4fd,False,PASS,safety_debug_s_w8_r67_10_420_c1_w8_m1
decoder_matrix,debug,s_w8_r67_10_444_c0,8,0,0,3,17a12ddc54091629a22fd3804872505226044794725512e01e6cceb4c6db4a9f,False,PASS,safety_debug_s_w8_r67_10_444_c0_w8_m0
decoder_matrix,debug,s_w8_r67_10_444_c0,8,1,0,3,17a12ddc54091629a22fd3804872505226044794725512e01e6cceb4c6db4a9f,False,PASS,safety_debug_s_w8_r67_10_444_c0_w8_m1
decoder_matrix,debug,s_w8_r67_10_444_c1,8,0,0,3,9a773934e8867e050a4f15c89905d2e0f9b5862113933fd89d5a406449bb9d97,False,PASS,safety_debug_s_w8_r67_10_444_c1_w8_m0
decoder_matrix,debug,s_w8_r67_10_444_c1,8,1,0,3,9a773934e8867e050a4f15c89905d2e0f9b5862113933fd89d5a406449bb9d97,False,PASS,safety_debug_s_w8_r67_10_444_c1_w8_m1
decoder_matrix,debug,s_w8_r67_12_420_c0,8,0,0,3,9b9b3e52ab4ba0642ad4b8e98550751cf2f6610c48298db6f94ab04c9b05c06d,False,PASS,safety_debug_s_w8_r67_12_420_c0_w8_m0
decoder_matrix,debug,s_w8_r67_12_420_c0,8,1,0,3,9b9b3e52ab4ba0642ad4b8e98550751cf2f6610c48298db6f94ab04c9b05c06d,False,PASS,safety_debug_s_w8_r67_12_420_c0_w8_m1
decoder_matrix,debug,s_w8_r67_12_420_c1,8,0,0,3,ab050783289a1b8f6ec2cd264693a7135ace65bb9f8485cefea75d7cb5fe72e3,False,PASS,safety_debug_s_w8_r67_12_420_c1_w8_m0
decoder_matrix,debug,s_w8_r67_12_420_c1,8,1,0,3,ab050783289a1b8f6ec2cd264693a7135ace65bb9f8485cefea75d7cb5fe72e3,False,PASS,safety_debug_s_w8_r67_12_420_c1_w8_m1
decoder_matrix,debug,s_w8_r67_12_444_c0,8,0,0,3,1c9a7b5da137dfb3c8b62e0b9f5f43a8458326f15d0967f0921f4d905a3c49b4,False,PASS,safety_debug_s_w8_r67_12_444_c0_w8_m0
decoder_matrix,debug,s_w8_r67_12_444_c0,8,1,0,3,1c9a7b5da137dfb3c8b62e0b9f5f43a8458326f15d0967f0921f4d905a3c49b4,False,PASS,safety_debug_s_w8_r67_12_444_c0_w8_m1
decoder_matrix,debug,s_w8_r67_12_444_c1,8,0,0,3,bbfaf84418576d1578f4439869981aa02c811636425ef713f624a87912c7b956,False,PASS,safety_debug_s_w8_r67_12_444_c1_w8_m0
decoder_matrix,debug,s_w8_r67_12_444_c1,8,1,0,3,bbfaf84418576d1578f4439869981aa02c811636425ef713f624a87912c7b956,False,PASS,safety_debug_s_w8_r67_12_444_c1_w8_m1
decoder_matrix,debug,s_w16_r15_8_420_c0,16,0,0,3,7e321c6e86abfedfa64cd3ae5ea734c1ed3c3a98662245e6997fe6a32756983a,False,PASS,safety_debug_s_w16_r15_8_420_c0_w16_m0
decoder_matrix,debug,s_w16_r15_8_420_c0,16,1,0,3,7e321c6e86abfedfa64cd3ae5ea734c1ed3c3a98662245e6997fe6a32756983a,False,PASS,safety_debug_s_w16_r15_8_420_c0_w16_m1
decoder_matrix,debug,s_w16_r15_8_420_c1,16,0,0,3,9eb7a8792049f266a30fd479c5c0ef2f506e3e95fbb7061f0af48a01b0ebab3e,False,PASS,safety_debug_s_w16_r15_8_420_c1_w16_m0
decoder_matrix,debug,s_w16_r15_8_420_c1,16,1,0,3,9eb7a8792049f266a30fd479c5c0ef2f506e3e95fbb7061f0af48a01b0ebab3e,False,PASS,safety_debug_s_w16_r15_8_420_c1_w16_m1
decoder_matrix,debug,s_w16_r15_8_444_c0,16,0,0,3,88e59a9f90b8bca834ea8a64b32ced2e0058c9b99239368987b53113e2e036ac,False,PASS,safety_debug_s_w16_r15_8_444_c0_w16_m0
decoder_matrix,debug,s_w16_r15_8_444_c0,16,1,0,3,88e59a9f90b8bca834ea8a64b32ced2e0058c9b99239368987b53113e2e036ac,False,PASS,safety_debug_s_w16_r15_8_444_c0_w16_m1
decoder_matrix,debug,s_w16_r15_8_444_c1,16,0,0,3,42e2476a2241f8b1aa6d757f9416b5dff3f2fd8e88786a9fe8d2418d59dad522,False,PASS,safety_debug_s_w16_r15_8_444_c1_w16_m0
decoder_matrix,debug,s_w16_r15_8_444_c1,16,1,0,3,42e2476a2241f8b1aa6d757f9416b5dff3f2fd8e88786a9fe8d2418d59dad522,False,PASS,safety_debug_s_w16_r15_8_444_c1_w16_m1
decoder_matrix,debug,s_w16_r15_10_420_c0,16,0,0,3,7706a96944be8478dde322c27cbe3fc2503b85e324c31193f40f171b23017372,False,PASS,safety_debug_s_w16_r15_10_420_c0_w16_m0
decoder_matrix,debug,s_w16_r15_10_420_c0,16,1,0,3,7706a96944be8478dde322c27cbe3fc2503b85e324c31193f40f171b23017372,False,PASS,safety_debug_s_w16_r15_10_420_c0_w16_m1
decoder_matrix,debug,s_w16_r15_10_420_c1,16,0,0,3,ee6cedd66de801ad2b08708faec8ed170399dd3d06f586949886a7719ae9cfef,False,PASS,safety_debug_s_w16_r15_10_420_c1_w16_m0
decoder_matrix,debug,s_w16_r15_10_420_c1,16,1,0,3,ee6cedd66de801ad2b08708faec8ed170399dd3d06f586949886a7719ae9cfef,False,PASS,safety_debug_s_w16_r15_10_420_c1_w16_m1
decoder_matrix,debug,s_w16_r15_10_444_c0,16,0,0,3,9e427a8f8557dc09d60b0e38759b4562a7ac1a8ec70a2fe4b903ce2e727091f7,False,PASS,safety_debug_s_w16_r15_10_444_c0_w16_m0
decoder_matrix,debug,s_w16_r15_10_444_c0,16,1,0,3,9e427a8f8557dc09d60b0e38759b4562a7ac1a8ec70a2fe4b903ce2e727091f7,False,PASS,safety_debug_s_w16_r15_10_444_c0_w16_m1
decoder_matrix,debug,s_w16_r15_10_444_c1,16,0,0,3,932019ac5650627a46619078bdda1f643c1613cf04a43494d05d8730ce38bebf,False,PASS,safety_debug_s_w16_r15_10_444_c1_w16_m0
decoder_matrix,debug,s_w16_r15_10_444_c1,16,1,0,3,932019ac5650627a46619078bdda1f643c1613cf04a43494d05d8730ce38bebf,False,PASS,safety_debug_s_w16_r15_10_444_c1_w16_m1
decoder_matrix,debug,s_w16_r15_12_420_c0,16,0,0,3,b6f38fc4f1f1238c14f5ef91f5adba9b2beb57601e782a945a7b5d70d99a57b2,False,PASS,safety_debug_s_w16_r15_12_420_c0_w16_m0
decoder_matrix,debug,s_w16_r15_12_420_c0,16,1,0,3,b6f38fc4f1f1238c14f5ef91f5adba9b2beb57601e782a945a7b5d70d99a57b2,False,PASS,safety_debug_s_w16_r15_12_420_c0_w16_m1
decoder_matrix,debug,s_w16_r15_12_420_c1,16,0,0,3,61ebfbd7efee25a14c694fd4ce2e2542e35f3a130a75b6c6614d358350d23160,False,PASS,safety_debug_s_w16_r15_12_420_c1_w16_m0
decoder_matrix,debug,s_w16_r15_12_420_c1,16,1,0,3,61ebfbd7efee25a14c694fd4ce2e2542e35f3a130a75b6c6614d358350d23160,False,PASS,safety_debug_s_w16_r15_12_420_c1_w16_m1
decoder_matrix,debug,s_w16_r15_12_444_c0,16,0,0,3,06b8957cf968551604e4d0b368f03670cebda582f2bd0b74ec09a67d9c6c40b5,False,PASS,safety_debug_s_w16_r15_12_444_c0_w16_m0
decoder_matrix,debug,s_w16_r15_12_444_c0,16,1,0,3,06b8957cf968551604e4d0b368f03670cebda582f2bd0b74ec09a67d9c6c40b5,False,PASS,safety_debug_s_w16_r15_12_444_c0_w16_m1
decoder_matrix,debug,s_w16_r15_12_444_c1,16,0,0,3,50cf675f0b67b85b4cdf0c98f54018e15d390078b2be9b19f14ea93683577342,False,PASS,safety_debug_s_w16_r15_12_444_c1_w16_m0
decoder_matrix,debug,s_w16_r15_12_444_c1,16,1,0,3,50cf675f0b67b85b4cdf0c98f54018e15d390078b2be9b19f14ea93683577342,False,PASS,safety_debug_s_w16_r15_12_444_c1_w16_m1
decoder_matrix,debug,s_w16_r17_8_420_c0,16,0,0,3,92553246507f3739c827c92b2a18c65cf0404d16211482eb6594bd610893a0f0,False,PASS,safety_debug_s_w16_r17_8_420_c0_w16_m0
decoder_matrix,debug,s_w16_r17_8_420_c0,16,1,0,3,92553246507f3739c827c92b2a18c65cf0404d16211482eb6594bd610893a0f0,False,PASS,safety_debug_s_w16_r17_8_420_c0_w16_m1
decoder_matrix,debug,s_w16_r17_8_420_c1,16,0,0,3,4fadaacf0dff3767444295cc01ea78fd04bc34bed719b7d2d5866e4a70e0938e,False,PASS,safety_debug_s_w16_r17_8_420_c1_w16_m0
decoder_matrix,debug,s_w16_r17_8_420_c1,16,1,0,3,4fadaacf0dff3767444295cc01ea78fd04bc34bed719b7d2d5866e4a70e0938e,False,PASS,safety_debug_s_w16_r17_8_420_c1_w16_m1
decoder_matrix,debug,s_w16_r17_8_444_c0,16,0,0,3,930a288c2d7b2f57c755284254996a083aafb09bf6a3dfb69f5837c90226967c,False,PASS,safety_debug_s_w16_r17_8_444_c0_w16_m0
decoder_matrix,debug,s_w16_r17_8_444_c0,16,1,0,3,930a288c2d7b2f57c755284254996a083aafb09bf6a3dfb69f5837c90226967c,False,PASS,safety_debug_s_w16_r17_8_444_c0_w16_m1
decoder_matrix,debug,s_w16_r17_8_444_c1,16,0,0,3,f0c57b2f1cc68ad975f2ff769133ffb6392c5f7f0a2d15c9940910f7d44e3a44,False,PASS,safety_debug_s_w16_r17_8_444_c1_w16_m0
decoder_matrix,debug,s_w16_r17_8_444_c1,16,1,0,3,f0c57b2f1cc68ad975f2ff769133ffb6392c5f7f0a2d15c9940910f7d44e3a44,False,PASS,safety_debug_s_w16_r17_8_444_c1_w16_m1
decoder_matrix,debug,s_w16_r17_10_420_c0,16,0,0,3,516953d4a1d05636d7f92e7c1e8bf72b1a1c1c1b531e6a8cd0b92eda946b619d,False,PASS,safety_debug_s_w16_r17_10_420_c0_w16_m0
decoder_matrix,debug,s_w16_r17_10_420_c0,16,1,0,3,516953d4a1d05636d7f92e7c1e8bf72b1a1c1c1b531e6a8cd0b92eda946b619d,False,PASS,safety_debug_s_w16_r17_10_420_c0_w16_m1
decoder_matrix,debug,s_w16_r17_10_420_c1,16,0,0,3,38fc8f60a131f7dfc2a8e52f65ee87ada497a0b73449226697c08d13c58a1521,False,PASS,safety_debug_s_w16_r17_10_420_c1_w16_m0
decoder_matrix,debug,s_w16_r17_10_420_c1,16,1,0,3,38fc8f60a131f7dfc2a8e52f65ee87ada497a0b73449226697c08d13c58a1521,False,PASS,safety_debug_s_w16_r17_10_420_c1_w16_m1
decoder_matrix,debug,s_w16_r17_10_444_c0,16,0,0,3,aefbeb15a485f1b83991e8deb644c5547dae0e5605f0d32843c84a1b3d8e47fb,False,PASS,safety_debug_s_w16_r17_10_444_c0_w16_m0
decoder_matrix,debug,s_w16_r17_10_444_c0,16,1,0,3,aefbeb15a485f1b83991e8deb644c5547dae0e5605f0d32843c84a1b3d8e47fb,False,PASS,safety_debug_s_w16_r17_10_444_c0_w16_m1
decoder_matrix,debug,s_w16_r17_10_444_c1,16,0,0,3,719f300699d24b30cf2f1d82afb4dfa0417c02fb5df8fce082bd9aba96db3133,False,PASS,safety_debug_s_w16_r17_10_444_c1_w16_m0
decoder_matrix,debug,s_w16_r17_10_444_c1,16,1,0,3,719f300699d24b30cf2f1d82afb4dfa0417c02fb5df8fce082bd9aba96db3133,False,PASS,safety_debug_s_w16_r17_10_444_c1_w16_m1
decoder_matrix,debug,s_w16_r17_12_420_c0,16,0,0,3,df318840accda2f7937f2107a0019f0a7d486d1b20c804e62d45007d2b5a3476,False,PASS,safety_debug_s_w16_r17_12_420_c0_w16_m0
decoder_matrix,debug,s_w16_r17_12_420_c0,16,1,0,3,df318840accda2f7937f2107a0019f0a7d486d1b20c804e62d45007d2b5a3476,False,PASS,safety_debug_s_w16_r17_12_420_c0_w16_m1
decoder_matrix,debug,s_w16_r17_12_420_c1,16,0,0,3,64c9ff4674c4ef8091bb87de9386466aaeeef9b1ec5451d312a93c391afd4d77,False,PASS,safety_debug_s_w16_r17_12_420_c1_w16_m0
decoder_matrix,debug,s_w16_r17_12_420_c1,16,1,0,3,64c9ff4674c4ef8091bb87de9386466aaeeef9b1ec5451d312a93c391afd4d77,False,PASS,safety_debug_s_w16_r17_12_420_c1_w16_m1
decoder_matrix,debug,s_w16_r17_12_444_c0,16,0,0,3,9fc273a1674270ee4690101cde5b7db9cff7ba4a52f36632d6caf983c6b8637f,False,PASS,safety_debug_s_w16_r17_12_444_c0_w16_m0
decoder_matrix,debug,s_w16_r17_12_444_c0,16,1,0,3,9fc273a1674270ee4690101cde5b7db9cff7ba4a52f36632d6caf983c6b8637f,False,PASS,safety_debug_s_w16_r17_12_444_c0_w16_m1
decoder_matrix,debug,s_w16_r17_12_444_c1,16,0,0,3,975c8b2073df8c087d7577c6a8e83d71fd2d50c8a816893ffc7dd8071937e8fd,False,PASS,safety_debug_s_w16_r17_12_444_c1_w16_m0
decoder_matrix,debug,s_w16_r17_12_444_c1,16,1,0,3,975c8b2073df8c087d7577c6a8e83d71fd2d50c8a816893ffc7dd8071937e8fd,False,PASS,safety_debug_s_w16_r17_12_444_c1_w16_m1
decoder_matrix,debug,s_w16_r18_8_420_c0,16,0,0,3,132a0905f9c0d11a03cbb5f166e7f2926f7a5f8ce6558e7f76930236f7507a02,False,PASS,safety_debug_s_w16_r18_8_420_c0_w16_m0
decoder_matrix,debug,s_w16_r18_8_420_c0,16,1,0,3,132a0905f9c0d11a03cbb5f166e7f2926f7a5f8ce6558e7f76930236f7507a02,False,PASS,safety_debug_s_w16_r18_8_420_c0_w16_m1
decoder_matrix,debug,s_w16_r18_8_420_c1,16,0,0,3,7d71819af02ec1d9b3cedfbc3b19fde1f66503c33ee4b43365562aa912df50a6,False,PASS,safety_debug_s_w16_r18_8_420_c1_w16_m0
decoder_matrix,debug,s_w16_r18_8_420_c1,16,1,0,3,7d71819af02ec1d9b3cedfbc3b19fde1f66503c33ee4b43365562aa912df50a6,False,PASS,safety_debug_s_w16_r18_8_420_c1_w16_m1
decoder_matrix,debug,s_w16_r18_8_444_c0,16,0,0,3,ae187697574017ca72f541ca158f8aa91f1163911810b9f4ecf951d89df15a16,False,PASS,safety_debug_s_w16_r18_8_444_c0_w16_m0
decoder_matrix,debug,s_w16_r18_8_444_c0,16,1,0,3,ae187697574017ca72f541ca158f8aa91f1163911810b9f4ecf951d89df15a16,False,PASS,safety_debug_s_w16_r18_8_444_c0_w16_m1
decoder_matrix,debug,s_w16_r18_8_444_c1,16,0,0,3,0b5eac090552c0dd9240d0052c1b253ac357137be4899660a92f25f977914a7d,False,PASS,safety_debug_s_w16_r18_8_444_c1_w16_m0
decoder_matrix,debug,s_w16_r18_8_444_c1,16,1,0,3,0b5eac090552c0dd9240d0052c1b253ac357137be4899660a92f25f977914a7d,False,PASS,safety_debug_s_w16_r18_8_444_c1_w16_m1
decoder_matrix,debug,s_w16_r18_10_420_c0,16,0,0,3,67939693eb35384ef262810ee03dfaca7ab6837248e047b1d22e9b9a2fdf5ce4,False,PASS,safety_debug_s_w16_r18_10_420_c0_w16_m0
decoder_matrix,debug,s_w16_r18_10_420_c0,16,1,0,3,67939693eb35384ef262810ee03dfaca7ab6837248e047b1d22e9b9a2fdf5ce4,False,PASS,safety_debug_s_w16_r18_10_420_c0_w16_m1
decoder_matrix,debug,s_w16_r18_10_420_c1,16,0,0,3,c0c136a0d4b46a06303e4d11a02a4afbb223c6484d08d3242c07952bc4f6af34,False,PASS,safety_debug_s_w16_r18_10_420_c1_w16_m0
decoder_matrix,debug,s_w16_r18_10_420_c1,16,1,0,3,c0c136a0d4b46a06303e4d11a02a4afbb223c6484d08d3242c07952bc4f6af34,False,PASS,safety_debug_s_w16_r18_10_420_c1_w16_m1
decoder_matrix,debug,s_w16_r18_10_444_c0,16,0,0,3,ecafa95f56715e22566b09c78570c52a9587e869e8d8167032f1e87543510539,False,PASS,safety_debug_s_w16_r18_10_444_c0_w16_m0
decoder_matrix,debug,s_w16_r18_10_444_c0,16,1,0,3,ecafa95f56715e22566b09c78570c52a9587e869e8d8167032f1e87543510539,False,PASS,safety_debug_s_w16_r18_10_444_c0_w16_m1
decoder_matrix,debug,s_w16_r18_10_444_c1,16,0,0,3,19909346cbda2575f25af56cc395bbdc47d1f8488048296c2eabf73b9122b7e8,False,PASS,safety_debug_s_w16_r18_10_444_c1_w16_m0
decoder_matrix,debug,s_w16_r18_10_444_c1,16,1,0,3,19909346cbda2575f25af56cc395bbdc47d1f8488048296c2eabf73b9122b7e8,False,PASS,safety_debug_s_w16_r18_10_444_c1_w16_m1
decoder_matrix,debug,s_w16_r18_12_420_c0,16,0,0,3,7b830bafdef9b417db71815e4bc2afed5a8259a2837e2d086a564ff9015414af,False,PASS,safety_debug_s_w16_r18_12_420_c0_w16_m0
decoder_matrix,debug,s_w16_r18_12_420_c0,16,1,0,3,7b830bafdef9b417db71815e4bc2afed5a8259a2837e2d086a564ff9015414af,False,PASS,safety_debug_s_w16_r18_12_420_c0_w16_m1
decoder_matrix,debug,s_w16_r18_12_420_c1,16,0,0,3,93d01769e2eca4d32b288aa52a67286bf9cd7c5a26ed22c91eded6924252af96,False,PASS,safety_debug_s_w16_r18_12_420_c1_w16_m0
decoder_matrix,debug,s_w16_r18_12_420_c1,16,1,0,3,93d01769e2eca4d32b288aa52a67286bf9cd7c5a26ed22c91eded6924252af96,False,PASS,safety_debug_s_w16_r18_12_420_c1_w16_m1
decoder_matrix,debug,s_w16_r18_12_444_c0,16,0,0,3,4dcddb279e81505694614925890597119f937825f448b6a9201a9b47256b6caa,False,PASS,safety_debug_s_w16_r18_12_444_c0_w16_m0
decoder_matrix,debug,s_w16_r18_12_444_c0,16,1,0,3,4dcddb279e81505694614925890597119f937825f448b6a9201a9b47256b6caa,False,PASS,safety_debug_s_w16_r18_12_444_c0_w16_m1
decoder_matrix,debug,s_w16_r18_12_444_c1,16,0,0,3,843c7240cda427f06573f0c6b7b725a65463586cba150fbe2c3947ddcee25510,False,PASS,safety_debug_s_w16_r18_12_444_c1_w16_m0
decoder_matrix,debug,s_w16_r18_12_444_c1,16,1,0,3,843c7240cda427f06573f0c6b7b725a65463586cba150fbe2c3947ddcee25510,False,PASS,safety_debug_s_w16_r18_12_444_c1_w16_m1
decoder_matrix,debug,s_w16_r131_8_420_c0,16,0,0,3,d84580966e1c661e1bf8b1571b03e8c8733bb92049d41d4f7cabba8d907373eb,False,PASS,safety_debug_s_w16_r131_8_420_c0_w16_m0
decoder_matrix,debug,s_w16_r131_8_420_c0,16,1,0,3,d84580966e1c661e1bf8b1571b03e8c8733bb92049d41d4f7cabba8d907373eb,False,PASS,safety_debug_s_w16_r131_8_420_c0_w16_m1
decoder_matrix,debug,s_w16_r131_8_420_c1,16,0,0,3,8143933a87a8362a6da0310444d0db14f9a478b778800f01dea79003b31e3a23,False,PASS,safety_debug_s_w16_r131_8_420_c1_w16_m0
decoder_matrix,debug,s_w16_r131_8_420_c1,16,1,0,3,8143933a87a8362a6da0310444d0db14f9a478b778800f01dea79003b31e3a23,False,PASS,safety_debug_s_w16_r131_8_420_c1_w16_m1
decoder_matrix,debug,s_w16_r131_8_444_c0,16,0,0,3,9facff1071583fd51590f0aa357e6ccf779d45a7b32010c9a19f79c4cd3dd0a4,False,PASS,safety_debug_s_w16_r131_8_444_c0_w16_m0
decoder_matrix,debug,s_w16_r131_8_444_c0,16,1,0,3,9facff1071583fd51590f0aa357e6ccf779d45a7b32010c9a19f79c4cd3dd0a4,False,PASS,safety_debug_s_w16_r131_8_444_c0_w16_m1
decoder_matrix,debug,s_w16_r131_8_444_c1,16,0,0,3,ce3b3a80d0fade7d1d005020d91cab40bceecf30402ae6f79f49798c75506536,False,PASS,safety_debug_s_w16_r131_8_444_c1_w16_m0
decoder_matrix,debug,s_w16_r131_8_444_c1,16,1,0,3,ce3b3a80d0fade7d1d005020d91cab40bceecf30402ae6f79f49798c75506536,False,PASS,safety_debug_s_w16_r131_8_444_c1_w16_m1
decoder_matrix,debug,s_w16_r131_10_420_c0,16,0,0,3,f722a4d0d3299547f1b0f2a890a797a6a6ebd9a8ad6afe322ae83bba7e649402,False,PASS,safety_debug_s_w16_r131_10_420_c0_w16_m0
decoder_matrix,debug,s_w16_r131_10_420_c0,16,1,0,3,f722a4d0d3299547f1b0f2a890a797a6a6ebd9a8ad6afe322ae83bba7e649402,False,PASS,safety_debug_s_w16_r131_10_420_c0_w16_m1
decoder_matrix,debug,s_w16_r131_10_420_c1,16,0,0,3,08e1f6b24e6700933fe56478ed70e744d61a013614f9749f1c93ff20dd4cb7a2,False,PASS,safety_debug_s_w16_r131_10_420_c1_w16_m0
decoder_matrix,debug,s_w16_r131_10_420_c1,16,1,0,3,08e1f6b24e6700933fe56478ed70e744d61a013614f9749f1c93ff20dd4cb7a2,False,PASS,safety_debug_s_w16_r131_10_420_c1_w16_m1
decoder_matrix,debug,s_w16_r131_10_444_c0,16,0,0,3,8a1c46cb37a327823acd3ef5d2facbb137489b7c5499302c7a426d3f1309caaa,False,PASS,safety_debug_s_w16_r131_10_444_c0_w16_m0
decoder_matrix,debug,s_w16_r131_10_444_c0,16,1,0,3,8a1c46cb37a327823acd3ef5d2facbb137489b7c5499302c7a426d3f1309caaa,False,PASS,safety_debug_s_w16_r131_10_444_c0_w16_m1
decoder_matrix,debug,s_w16_r131_10_444_c1,16,0,0,3,e4aae582839b4b68522c715f4971f83e28f65d84c6294a80329e9c2cf5db4798,False,PASS,safety_debug_s_w16_r131_10_444_c1_w16_m0
decoder_matrix,debug,s_w16_r131_10_444_c1,16,1,0,3,e4aae582839b4b68522c715f4971f83e28f65d84c6294a80329e9c2cf5db4798,False,PASS,safety_debug_s_w16_r131_10_444_c1_w16_m1
decoder_matrix,debug,s_w16_r131_12_420_c0,16,0,0,3,d2f8f0186fbef2a63c949dafc6998f103e21bf327e5b08213a348fe4cafb60e2,False,PASS,safety_debug_s_w16_r131_12_420_c0_w16_m0
decoder_matrix,debug,s_w16_r131_12_420_c0,16,1,0,3,d2f8f0186fbef2a63c949dafc6998f103e21bf327e5b08213a348fe4cafb60e2,False,PASS,safety_debug_s_w16_r131_12_420_c0_w16_m1
decoder_matrix,debug,s_w16_r131_12_420_c1,16,0,0,3,e91f2e4c2f481423ffe72bc4ee8f3d6af840874f6c37afa87b7bf398d67c54e5,False,PASS,safety_debug_s_w16_r131_12_420_c1_w16_m0
decoder_matrix,debug,s_w16_r131_12_420_c1,16,1,0,3,e91f2e4c2f481423ffe72bc4ee8f3d6af840874f6c37afa87b7bf398d67c54e5,False,PASS,safety_debug_s_w16_r131_12_420_c1_w16_m1
decoder_matrix,debug,s_w16_r131_12_444_c0,16,0,0,3,1d03c231dc92c4c1163eada220c0aba0be1a54c3d4910e40176169d8ab2d4bd6,False,PASS,safety_debug_s_w16_r131_12_444_c0_w16_m0
decoder_matrix,debug,s_w16_r131_12_444_c0,16,1,0,3,1d03c231dc92c4c1163eada220c0aba0be1a54c3d4910e40176169d8ab2d4bd6,False,PASS,safety_debug_s_w16_r131_12_444_c0_w16_m1
decoder_matrix,debug,s_w16_r131_12_444_c1,16,0,0,3,ee07a657cc53462c12167a34907dc53f34e0fca38a5065b17ee0d6bc4ee7ed7e,False,PASS,safety_debug_s_w16_r131_12_444_c1_w16_m0
decoder_matrix,debug,s_w16_r131_12_444_c1,16,1,0,3,ee07a657cc53462c12167a34907dc53f34e0fca38a5065b17ee0d6bc4ee7ed7e,False,PASS,safety_debug_s_w16_r131_12_444_c1_w16_m1
decoder_matrix,debug,sequence_8_420,1,0,0,21,07bb833b1ecabde88fc2fc9afeb31fe7b29d58af2da433300b0c963ff947b7e6,False,PASS,safety_debug_sequence_8_420_w1_m0
decoder_matrix,debug,sequence_8_420,1,1,0,21,07bb833b1ecabde88fc2fc9afeb31fe7b29d58af2da433300b0c963ff947b7e6,False,PASS,safety_debug_sequence_8_420_w1_m1
decoder_matrix,debug,sequence_8_420,2,0,0,21,07bb833b1ecabde88fc2fc9afeb31fe7b29d58af2da433300b0c963ff947b7e6,False,PASS,safety_debug_sequence_8_420_w2_m0
decoder_matrix,debug,sequence_8_420,2,1,0,21,07bb833b1ecabde88fc2fc9afeb31fe7b29d58af2da433300b0c963ff947b7e6,False,PASS,safety_debug_sequence_8_420_w2_m1
decoder_matrix,debug,sequence_8_420,8,0,0,21,07bb833b1ecabde88fc2fc9afeb31fe7b29d58af2da433300b0c963ff947b7e6,False,PASS,safety_debug_sequence_8_420_w8_m0
decoder_matrix,debug,sequence_8_420,8,1,0,21,07bb833b1ecabde88fc2fc9afeb31fe7b29d58af2da433300b0c963ff947b7e6,False,PASS,safety_debug_sequence_8_420_w8_m1
decoder_matrix,debug,sequence_8_420,16,0,0,21,07bb833b1ecabde88fc2fc9afeb31fe7b29d58af2da433300b0c963ff947b7e6,False,PASS,safety_debug_sequence_8_420_w16_m0
decoder_matrix,debug,sequence_8_420,16,1,0,21,07bb833b1ecabde88fc2fc9afeb31fe7b29d58af2da433300b0c963ff947b7e6,False,PASS,safety_debug_sequence_8_420_w16_m1
decoder_matrix,debug,sequence_8_444,1,0,0,21,fb70a8f3b758cee70f4bc548b6329c0b415c1e883aa73cf4554aa91e9ba31d15,False,PASS,safety_debug_sequence_8_444_w1_m0
decoder_matrix,debug,sequence_8_444,1,1,0,21,fb70a8f3b758cee70f4bc548b6329c0b415c1e883aa73cf4554aa91e9ba31d15,False,PASS,safety_debug_sequence_8_444_w1_m1
decoder_matrix,debug,sequence_8_444,2,0,0,21,fb70a8f3b758cee70f4bc548b6329c0b415c1e883aa73cf4554aa91e9ba31d15,False,PASS,safety_debug_sequence_8_444_w2_m0
decoder_matrix,debug,sequence_8_444,2,1,0,21,fb70a8f3b758cee70f4bc548b6329c0b415c1e883aa73cf4554aa91e9ba31d15,False,PASS,safety_debug_sequence_8_444_w2_m1
decoder_matrix,debug,sequence_8_444,8,0,0,21,fb70a8f3b758cee70f4bc548b6329c0b415c1e883aa73cf4554aa91e9ba31d15,False,PASS,safety_debug_sequence_8_444_w8_m0
decoder_matrix,debug,sequence_8_444,8,1,0,21,fb70a8f3b758cee70f4bc548b6329c0b415c1e883aa73cf4554aa91e9ba31d15,False,PASS,safety_debug_sequence_8_444_w8_m1
decoder_matrix,debug,sequence_8_444,16,0,0,21,fb70a8f3b758cee70f4bc548b6329c0b415c1e883aa73cf4554aa91e9ba31d15,False,PASS,safety_debug_sequence_8_444_w16_m0
decoder_matrix,debug,sequence_8_444,16,1,0,21,fb70a8f3b758cee70f4bc548b6329c0b415c1e883aa73cf4554aa91e9ba31d15,False,PASS,safety_debug_sequence_8_444_w16_m1
decoder_matrix,debug,sequence_10_420,1,0,0,21,679d1d9250e738a81eaaeab4549ef34d2ea20913bfd665c37842bbb9ac0cc156,False,PASS,safety_debug_sequence_10_420_w1_m0
decoder_matrix,debug,sequence_10_420,1,1,0,21,679d1d9250e738a81eaaeab4549ef34d2ea20913bfd665c37842bbb9ac0cc156,False,PASS,safety_debug_sequence_10_420_w1_m1
decoder_matrix,debug,sequence_10_420,2,0,0,21,679d1d9250e738a81eaaeab4549ef34d2ea20913bfd665c37842bbb9ac0cc156,False,PASS,safety_debug_sequence_10_420_w2_m0
decoder_matrix,debug,sequence_10_420,2,1,0,21,679d1d9250e738a81eaaeab4549ef34d2ea20913bfd665c37842bbb9ac0cc156,False,PASS,safety_debug_sequence_10_420_w2_m1
decoder_matrix,debug,sequence_10_420,8,0,0,21,679d1d9250e738a81eaaeab4549ef34d2ea20913bfd665c37842bbb9ac0cc156,False,PASS,safety_debug_sequence_10_420_w8_m0
decoder_matrix,debug,sequence_10_420,8,1,0,21,679d1d9250e738a81eaaeab4549ef34d2ea20913bfd665c37842bbb9ac0cc156,False,PASS,safety_debug_sequence_10_420_w8_m1
decoder_matrix,debug,sequence_10_420,16,0,0,21,679d1d9250e738a81eaaeab4549ef34d2ea20913bfd665c37842bbb9ac0cc156,False,PASS,safety_debug_sequence_10_420_w16_m0
decoder_matrix,debug,sequence_10_420,16,1,0,21,679d1d9250e738a81eaaeab4549ef34d2ea20913bfd665c37842bbb9ac0cc156,False,PASS,safety_debug_sequence_10_420_w16_m1
decoder_matrix,debug,sequence_10_444,1,0,0,21,3c3889d88fe938e9ba84c711dc99f891457f96996c8cb7cbccd5c96e5ab99cec,False,PASS,safety_debug_sequence_10_444_w1_m0
decoder_matrix,debug,sequence_10_444,1,1,0,21,3c3889d88fe938e9ba84c711dc99f891457f96996c8cb7cbccd5c96e5ab99cec,False,PASS,safety_debug_sequence_10_444_w1_m1
decoder_matrix,debug,sequence_10_444,2,0,0,21,3c3889d88fe938e9ba84c711dc99f891457f96996c8cb7cbccd5c96e5ab99cec,False,PASS,safety_debug_sequence_10_444_w2_m0
decoder_matrix,debug,sequence_10_444,2,1,0,21,3c3889d88fe938e9ba84c711dc99f891457f96996c8cb7cbccd5c96e5ab99cec,False,PASS,safety_debug_sequence_10_444_w2_m1
decoder_matrix,debug,sequence_10_444,8,0,0,21,3c3889d88fe938e9ba84c711dc99f891457f96996c8cb7cbccd5c96e5ab99cec,False,PASS,safety_debug_sequence_10_444_w8_m0
decoder_matrix,debug,sequence_10_444,8,1,0,21,3c3889d88fe938e9ba84c711dc99f891457f96996c8cb7cbccd5c96e5ab99cec,False,PASS,safety_debug_sequence_10_444_w8_m1
decoder_matrix,debug,sequence_10_444,16,0,0,21,3c3889d88fe938e9ba84c711dc99f891457f96996c8cb7cbccd5c96e5ab99cec,False,PASS,safety_debug_sequence_10_444_w16_m0
decoder_matrix,debug,sequence_10_444,16,1,0,21,3c3889d88fe938e9ba84c711dc99f891457f96996c8cb7cbccd5c96e5ab99cec,False,PASS,safety_debug_sequence_10_444_w16_m1
decoder_matrix,debug,sequence_12_420,1,0,0,21,2659ae6933402971c50b63873ec01c89b6c793bde93466ca79a135a31b6f31a3,False,PASS,safety_debug_sequence_12_420_w1_m0
decoder_matrix,debug,sequence_12_420,1,1,0,21,2659ae6933402971c50b63873ec01c89b6c793bde93466ca79a135a31b6f31a3,False,PASS,safety_debug_sequence_12_420_w1_m1
decoder_matrix,debug,sequence_12_420,2,0,0,21,2659ae6933402971c50b63873ec01c89b6c793bde93466ca79a135a31b6f31a3,False,PASS,safety_debug_sequence_12_420_w2_m0
decoder_matrix,debug,sequence_12_420,2,1,0,21,2659ae6933402971c50b63873ec01c89b6c793bde93466ca79a135a31b6f31a3,False,PASS,safety_debug_sequence_12_420_w2_m1
decoder_matrix,debug,sequence_12_420,8,0,0,21,2659ae6933402971c50b63873ec01c89b6c793bde93466ca79a135a31b6f31a3,False,PASS,safety_debug_sequence_12_420_w8_m0
decoder_matrix,debug,sequence_12_420,8,1,0,21,2659ae6933402971c50b63873ec01c89b6c793bde93466ca79a135a31b6f31a3,False,PASS,safety_debug_sequence_12_420_w8_m1
decoder_matrix,debug,sequence_12_420,16,0,0,21,2659ae6933402971c50b63873ec01c89b6c793bde93466ca79a135a31b6f31a3,False,PASS,safety_debug_sequence_12_420_w16_m0
decoder_matrix,debug,sequence_12_420,16,1,0,21,2659ae6933402971c50b63873ec01c89b6c793bde93466ca79a135a31b6f31a3,False,PASS,safety_debug_sequence_12_420_w16_m1
decoder_matrix,debug,sequence_12_444,1,0,0,21,6662ecd55ef2f52d00903e2f79a1956ef64c5444960398e22e42656560386ce0,False,PASS,safety_debug_sequence_12_444_w1_m0
decoder_matrix,debug,sequence_12_444,1,1,0,21,6662ecd55ef2f52d00903e2f79a1956ef64c5444960398e22e42656560386ce0,False,PASS,safety_debug_sequence_12_444_w1_m1
decoder_matrix,debug,sequence_12_444,2,0,0,21,6662ecd55ef2f52d00903e2f79a1956ef64c5444960398e22e42656560386ce0,False,PASS,safety_debug_sequence_12_444_w2_m0
decoder_matrix,debug,sequence_12_444,2,1,0,21,6662ecd55ef2f52d00903e2f79a1956ef64c5444960398e22e42656560386ce0,False,PASS,safety_debug_sequence_12_444_w2_m1
decoder_matrix,debug,sequence_12_444,8,0,0,21,6662ecd55ef2f52d00903e2f79a1956ef64c5444960398e22e42656560386ce0,False,PASS,safety_debug_sequence_12_444_w8_m0
decoder_matrix,debug,sequence_12_444,8,1,0,21,6662ecd55ef2f52d00903e2f79a1956ef64c5444960398e22e42656560386ce0,False,PASS,safety_debug_sequence_12_444_w8_m1
decoder_matrix,debug,sequence_12_444,16,0,0,21,6662ecd55ef2f52d00903e2f79a1956ef64c5444960398e22e42656560386ce0,False,PASS,safety_debug_sequence_12_444_w16_m0
decoder_matrix,debug,sequence_12_444,16,1,0,21,6662ecd55ef2f52d00903e2f79a1956ef64c5444960398e22e42656560386ce0,False,PASS,safety_debug_sequence_12_444_w16_m1
decoder_matrix,asan,s_w1_r1_8_420_c0,1,0,0,3,9543a0fcc37023bcc43189b408123b65fcad8cf16cf61a1b382542390147d0c8,False,PASS,safety_asan_s_w1_r1_8_420_c0_w1_m0
decoder_matrix,asan,s_w1_r1_8_420_c0,1,1,0,3,9543a0fcc37023bcc43189b408123b65fcad8cf16cf61a1b382542390147d0c8,False,PASS,safety_asan_s_w1_r1_8_420_c0_w1_m1
decoder_matrix,asan,s_w1_r1_8_420_c1,1,0,0,3,f72ec11dde05cc90b20c70187667b18fd481aeaa3f897ec70e730b0cdc6bfb1a,False,PASS,safety_asan_s_w1_r1_8_420_c1_w1_m0
decoder_matrix,asan,s_w1_r1_8_420_c1,1,1,0,3,f72ec11dde05cc90b20c70187667b18fd481aeaa3f897ec70e730b0cdc6bfb1a,False,PASS,safety_asan_s_w1_r1_8_420_c1_w1_m1
decoder_matrix,asan,s_w1_r1_8_444_c0,1,0,0,3,129ed30da9651aff7cca78facf8d31bfe0c5df5c248312fbb21a58acaa19640a,False,PASS,safety_asan_s_w1_r1_8_444_c0_w1_m0
decoder_matrix,asan,s_w1_r1_8_444_c0,1,1,0,3,129ed30da9651aff7cca78facf8d31bfe0c5df5c248312fbb21a58acaa19640a,False,PASS,safety_asan_s_w1_r1_8_444_c0_w1_m1
decoder_matrix,asan,s_w1_r1_8_444_c1,1,0,0,3,fbf54c718edfb2690b3556dde0af6a10e200c2552850668bd1d198ba8709f1c9,False,PASS,safety_asan_s_w1_r1_8_444_c1_w1_m0
decoder_matrix,asan,s_w1_r1_8_444_c1,1,1,0,3,fbf54c718edfb2690b3556dde0af6a10e200c2552850668bd1d198ba8709f1c9,False,PASS,safety_asan_s_w1_r1_8_444_c1_w1_m1
decoder_matrix,asan,s_w1_r1_10_420_c0,1,0,0,3,8acf9831151e5aaf2181f4a9017b205c1aaa27dfaa35ab5b42470e5f81ae1908,False,PASS,safety_asan_s_w1_r1_10_420_c0_w1_m0
decoder_matrix,asan,s_w1_r1_10_420_c0,1,1,0,3,8acf9831151e5aaf2181f4a9017b205c1aaa27dfaa35ab5b42470e5f81ae1908,False,PASS,safety_asan_s_w1_r1_10_420_c0_w1_m1
decoder_matrix,asan,s_w1_r1_10_420_c1,1,0,0,3,0223bd104da2aba19bb7e0d2a3eb8a28715fa10dce82fe9022be429165338a3a,False,PASS,safety_asan_s_w1_r1_10_420_c1_w1_m0
decoder_matrix,asan,s_w1_r1_10_420_c1,1,1,0,3,0223bd104da2aba19bb7e0d2a3eb8a28715fa10dce82fe9022be429165338a3a,False,PASS,safety_asan_s_w1_r1_10_420_c1_w1_m1
decoder_matrix,asan,s_w1_r1_10_444_c0,1,0,0,3,01c59f38fc4478e889d9780e7ebea367e5c8ad02f847a872ca2467eeaf8cd780,False,PASS,safety_asan_s_w1_r1_10_444_c0_w1_m0
decoder_matrix,asan,s_w1_r1_10_444_c0,1,1,0,3,01c59f38fc4478e889d9780e7ebea367e5c8ad02f847a872ca2467eeaf8cd780,False,PASS,safety_asan_s_w1_r1_10_444_c0_w1_m1
decoder_matrix,asan,s_w1_r1_10_444_c1,1,0,0,3,b994600cd6275f6f2622b32c1b8975c6e17170d162c0554957dea278eb2a0c3d,False,PASS,safety_asan_s_w1_r1_10_444_c1_w1_m0
decoder_matrix,asan,s_w1_r1_10_444_c1,1,1,0,3,b994600cd6275f6f2622b32c1b8975c6e17170d162c0554957dea278eb2a0c3d,False,PASS,safety_asan_s_w1_r1_10_444_c1_w1_m1
decoder_matrix,asan,s_w1_r1_12_420_c0,1,0,0,3,bf31ec4a6553b4375e68b5687c74bdeb771c0ae7d4f099e06c5949bf19443747,False,PASS,safety_asan_s_w1_r1_12_420_c0_w1_m0
decoder_matrix,asan,s_w1_r1_12_420_c0,1,1,0,3,bf31ec4a6553b4375e68b5687c74bdeb771c0ae7d4f099e06c5949bf19443747,False,PASS,safety_asan_s_w1_r1_12_420_c0_w1_m1
decoder_matrix,asan,s_w1_r1_12_420_c1,1,0,0,3,fff85ad1abe97c165543cc3f7a1518f9d58f52df06fd1654a8bbb50648050f54,False,PASS,safety_asan_s_w1_r1_12_420_c1_w1_m0
decoder_matrix,asan,s_w1_r1_12_420_c1,1,1,0,3,fff85ad1abe97c165543cc3f7a1518f9d58f52df06fd1654a8bbb50648050f54,False,PASS,safety_asan_s_w1_r1_12_420_c1_w1_m1
decoder_matrix,asan,s_w1_r1_12_444_c0,1,0,0,3,c8caf6981bf765f8d891668d892a8dbda2135d413f6fe1bcb630dbfe9f3faead,False,PASS,safety_asan_s_w1_r1_12_444_c0_w1_m0
decoder_matrix,asan,s_w1_r1_12_444_c0,1,1,0,3,c8caf6981bf765f8d891668d892a8dbda2135d413f6fe1bcb630dbfe9f3faead,False,PASS,safety_asan_s_w1_r1_12_444_c0_w1_m1
decoder_matrix,asan,s_w1_r1_12_444_c1,1,0,0,3,59066f9f3a6aacd91acd524068260819b5e38f269844ebb3a2dd38761b84afed,False,PASS,safety_asan_s_w1_r1_12_444_c1_w1_m0
decoder_matrix,asan,s_w1_r1_12_444_c1,1,1,0,3,59066f9f3a6aacd91acd524068260819b5e38f269844ebb3a2dd38761b84afed,False,PASS,safety_asan_s_w1_r1_12_444_c1_w1_m1
decoder_matrix,asan,s_w1_r2_8_420_c0,1,0,0,3,625ad39a45d7ab8371db2fe85dcd154ab9a960114b8f7a8e23d645343609bcaa,False,PASS,safety_asan_s_w1_r2_8_420_c0_w1_m0
decoder_matrix,asan,s_w1_r2_8_420_c0,1,1,0,3,625ad39a45d7ab8371db2fe85dcd154ab9a960114b8f7a8e23d645343609bcaa,False,PASS,safety_asan_s_w1_r2_8_420_c0_w1_m1
decoder_matrix,asan,s_w1_r2_8_420_c1,1,0,0,3,2a419c96057a7b4b9893f2d4bbaba44595a1dcef5ae1803d0025acb8d2c9fc5c,False,PASS,safety_asan_s_w1_r2_8_420_c1_w1_m0
decoder_matrix,asan,s_w1_r2_8_420_c1,1,1,0,3,2a419c96057a7b4b9893f2d4bbaba44595a1dcef5ae1803d0025acb8d2c9fc5c,False,PASS,safety_asan_s_w1_r2_8_420_c1_w1_m1
decoder_matrix,asan,s_w1_r2_8_444_c0,1,0,0,3,84d805e0ed8305ba5bc9911ef06a348f6c7dadd1d227e3a55e1683efd630626b,False,PASS,safety_asan_s_w1_r2_8_444_c0_w1_m0
decoder_matrix,asan,s_w1_r2_8_444_c0,1,1,0,3,84d805e0ed8305ba5bc9911ef06a348f6c7dadd1d227e3a55e1683efd630626b,False,PASS,safety_asan_s_w1_r2_8_444_c0_w1_m1
decoder_matrix,asan,s_w1_r2_8_444_c1,1,0,0,3,64f848bd2187c329e0eac6047202621ad59a18764a37efcb358668726bc6ac04,False,PASS,safety_asan_s_w1_r2_8_444_c1_w1_m0
decoder_matrix,asan,s_w1_r2_8_444_c1,1,1,0,3,64f848bd2187c329e0eac6047202621ad59a18764a37efcb358668726bc6ac04,False,PASS,safety_asan_s_w1_r2_8_444_c1_w1_m1
decoder_matrix,asan,s_w1_r2_10_420_c0,1,0,0,3,ea5ffd5f87f0c074b40b948072954853d5e2d30ce4852edf2e8fff7e6739574f,False,PASS,safety_asan_s_w1_r2_10_420_c0_w1_m0
decoder_matrix,asan,s_w1_r2_10_420_c0,1,1,0,3,ea5ffd5f87f0c074b40b948072954853d5e2d30ce4852edf2e8fff7e6739574f,False,PASS,safety_asan_s_w1_r2_10_420_c0_w1_m1
decoder_matrix,asan,s_w1_r2_10_420_c1,1,0,0,3,1836f835d9ba4ff1f7a552988be6ce7f1862b8d56b98a7ea0eebd5c8d99d5ec7,False,PASS,safety_asan_s_w1_r2_10_420_c1_w1_m0
decoder_matrix,asan,s_w1_r2_10_420_c1,1,1,0,3,1836f835d9ba4ff1f7a552988be6ce7f1862b8d56b98a7ea0eebd5c8d99d5ec7,False,PASS,safety_asan_s_w1_r2_10_420_c1_w1_m1
decoder_matrix,asan,s_w1_r2_10_444_c0,1,0,0,3,b9aa3d1f0dfca7bde0f21e6feed95f24dab9513bc7420fe97ecab5b84f9f58f3,False,PASS,safety_asan_s_w1_r2_10_444_c0_w1_m0
decoder_matrix,asan,s_w1_r2_10_444_c0,1,1,0,3,b9aa3d1f0dfca7bde0f21e6feed95f24dab9513bc7420fe97ecab5b84f9f58f3,False,PASS,safety_asan_s_w1_r2_10_444_c0_w1_m1
decoder_matrix,asan,s_w1_r2_10_444_c1,1,0,0,3,a14d6c6625a0a093914aaa5efaa9f18753537ffabd06bab59fc227392cafaefa,False,PASS,safety_asan_s_w1_r2_10_444_c1_w1_m0
decoder_matrix,asan,s_w1_r2_10_444_c1,1,1,0,3,a14d6c6625a0a093914aaa5efaa9f18753537ffabd06bab59fc227392cafaefa,False,PASS,safety_asan_s_w1_r2_10_444_c1_w1_m1
decoder_matrix,asan,s_w1_r2_12_420_c0,1,0,0,3,d6ab014902457cc60a6b6afb6d920493c705451fb7e4c7aaa94473e6f2bd367b,False,PASS,safety_asan_s_w1_r2_12_420_c0_w1_m0
decoder_matrix,asan,s_w1_r2_12_420_c0,1,1,0,3,d6ab014902457cc60a6b6afb6d920493c705451fb7e4c7aaa94473e6f2bd367b,False,PASS,safety_asan_s_w1_r2_12_420_c0_w1_m1
decoder_matrix,asan,s_w1_r2_12_420_c1,1,0,0,3,677d5f5e81f8af89a3984dbc1c7809bc35b27ea891c275e2c7ba2ecf2a04f938,False,PASS,safety_asan_s_w1_r2_12_420_c1_w1_m0
decoder_matrix,asan,s_w1_r2_12_420_c1,1,1,0,3,677d5f5e81f8af89a3984dbc1c7809bc35b27ea891c275e2c7ba2ecf2a04f938,False,PASS,safety_asan_s_w1_r2_12_420_c1_w1_m1
decoder_matrix,asan,s_w1_r2_12_444_c0,1,0,0,3,55a0ac62dff32fc6e2c3a9a991fcccfa20f2e87eb8fd023702ef0c0a71b83cbf,False,PASS,safety_asan_s_w1_r2_12_444_c0_w1_m0
decoder_matrix,asan,s_w1_r2_12_444_c0,1,1,0,3,55a0ac62dff32fc6e2c3a9a991fcccfa20f2e87eb8fd023702ef0c0a71b83cbf,False,PASS,safety_asan_s_w1_r2_12_444_c0_w1_m1
decoder_matrix,asan,s_w1_r2_12_444_c1,1,0,0,3,55b62ba35f6c7040387db20b52548b25bc2d3fcf464be3db28c4ad30dc75f666,False,PASS,safety_asan_s_w1_r2_12_444_c1_w1_m0
decoder_matrix,asan,s_w1_r2_12_444_c1,1,1,0,3,55b62ba35f6c7040387db20b52548b25bc2d3fcf464be3db28c4ad30dc75f666,False,PASS,safety_asan_s_w1_r2_12_444_c1_w1_m1
decoder_matrix,asan,s_w1_r3_8_420_c0,1,0,0,3,bc5a956d050eaaf1f55b969dc8147a0301a1a7396bd06a9f3321eab4776d60bd,False,PASS,safety_asan_s_w1_r3_8_420_c0_w1_m0
decoder_matrix,asan,s_w1_r3_8_420_c0,1,1,0,3,bc5a956d050eaaf1f55b969dc8147a0301a1a7396bd06a9f3321eab4776d60bd,False,PASS,safety_asan_s_w1_r3_8_420_c0_w1_m1
decoder_matrix,asan,s_w1_r3_8_420_c1,1,0,0,3,4621dc4377f13d3481a8655b0b98c0cf031c11f3163a19b4b5fde224bf6cacce,False,PASS,safety_asan_s_w1_r3_8_420_c1_w1_m0
decoder_matrix,asan,s_w1_r3_8_420_c1,1,1,0,3,4621dc4377f13d3481a8655b0b98c0cf031c11f3163a19b4b5fde224bf6cacce,False,PASS,safety_asan_s_w1_r3_8_420_c1_w1_m1
decoder_matrix,asan,s_w1_r3_8_444_c0,1,0,0,3,9b128b057a4ed2220a5c03d7583b1cc4f97d4e54707d1aafd3e60b55c97c8386,False,PASS,safety_asan_s_w1_r3_8_444_c0_w1_m0
decoder_matrix,asan,s_w1_r3_8_444_c0,1,1,0,3,9b128b057a4ed2220a5c03d7583b1cc4f97d4e54707d1aafd3e60b55c97c8386,False,PASS,safety_asan_s_w1_r3_8_444_c0_w1_m1
decoder_matrix,asan,s_w1_r3_8_444_c1,1,0,0,3,e35222ac4e4af3844e4594b1a660e02bee62f69da9a400d9600da062576fb797,False,PASS,safety_asan_s_w1_r3_8_444_c1_w1_m0
decoder_matrix,asan,s_w1_r3_8_444_c1,1,1,0,3,e35222ac4e4af3844e4594b1a660e02bee62f69da9a400d9600da062576fb797,False,PASS,safety_asan_s_w1_r3_8_444_c1_w1_m1
decoder_matrix,asan,s_w1_r3_10_420_c0,1,0,0,3,56b80dd719a3ec6d2869b76815443e2bd30f696ca6b7dc4ee4e4081424d2b9f5,False,PASS,safety_asan_s_w1_r3_10_420_c0_w1_m0
decoder_matrix,asan,s_w1_r3_10_420_c0,1,1,0,3,56b80dd719a3ec6d2869b76815443e2bd30f696ca6b7dc4ee4e4081424d2b9f5,False,PASS,safety_asan_s_w1_r3_10_420_c0_w1_m1
decoder_matrix,asan,s_w1_r3_10_420_c1,1,0,0,3,621f080e652c68c2907f2d934b646196c7c40680a13dd80feb732e2cb8dfd94d,False,PASS,safety_asan_s_w1_r3_10_420_c1_w1_m0
decoder_matrix,asan,s_w1_r3_10_420_c1,1,1,0,3,621f080e652c68c2907f2d934b646196c7c40680a13dd80feb732e2cb8dfd94d,False,PASS,safety_asan_s_w1_r3_10_420_c1_w1_m1
decoder_matrix,asan,s_w1_r3_10_444_c0,1,0,0,3,2889649113638d08cdf2f8d224cd61e86ccc6a0ae87a60366fe60a885e83625b,False,PASS,safety_asan_s_w1_r3_10_444_c0_w1_m0
decoder_matrix,asan,s_w1_r3_10_444_c0,1,1,0,3,2889649113638d08cdf2f8d224cd61e86ccc6a0ae87a60366fe60a885e83625b,False,PASS,safety_asan_s_w1_r3_10_444_c0_w1_m1
decoder_matrix,asan,s_w1_r3_10_444_c1,1,0,0,3,8461ce8f5eae54a9dcc7d207fb6d5ee09c8dfd4e62c82d191204e3fa864a422e,False,PASS,safety_asan_s_w1_r3_10_444_c1_w1_m0
decoder_matrix,asan,s_w1_r3_10_444_c1,1,1,0,3,8461ce8f5eae54a9dcc7d207fb6d5ee09c8dfd4e62c82d191204e3fa864a422e,False,PASS,safety_asan_s_w1_r3_10_444_c1_w1_m1
decoder_matrix,asan,s_w1_r3_12_420_c0,1,0,0,3,9e0372835018f8064a5186e07d12d26bfae13cdf04ab2eeae23e56120e4095e5,False,PASS,safety_asan_s_w1_r3_12_420_c0_w1_m0
decoder_matrix,asan,s_w1_r3_12_420_c0,1,1,0,3,9e0372835018f8064a5186e07d12d26bfae13cdf04ab2eeae23e56120e4095e5,False,PASS,safety_asan_s_w1_r3_12_420_c0_w1_m1
decoder_matrix,asan,s_w1_r3_12_420_c1,1,0,0,3,c92eb81023b4f2c04e9a0dd238c95ae3d72ca177b7029cb044665ea8ebcb8793,False,PASS,safety_asan_s_w1_r3_12_420_c1_w1_m0
decoder_matrix,asan,s_w1_r3_12_420_c1,1,1,0,3,c92eb81023b4f2c04e9a0dd238c95ae3d72ca177b7029cb044665ea8ebcb8793,False,PASS,safety_asan_s_w1_r3_12_420_c1_w1_m1
decoder_matrix,asan,s_w1_r3_12_444_c0,1,0,0,3,30a4d67410a05a217536729a2605aa5d4e02a86b6691d0476bfcc871adf0cf3f,False,PASS,safety_asan_s_w1_r3_12_444_c0_w1_m0
decoder_matrix,asan,s_w1_r3_12_444_c0,1,1,0,3,30a4d67410a05a217536729a2605aa5d4e02a86b6691d0476bfcc871adf0cf3f,False,PASS,safety_asan_s_w1_r3_12_444_c0_w1_m1
decoder_matrix,asan,s_w1_r3_12_444_c1,1,0,0,3,848c51faac6f669520e2415f19c001e69eb4a3dafbd1b123e921d06a728f4148,False,PASS,safety_asan_s_w1_r3_12_444_c1_w1_m0
decoder_matrix,asan,s_w1_r3_12_444_c1,1,1,0,3,848c51faac6f669520e2415f19c001e69eb4a3dafbd1b123e921d06a728f4148,False,PASS,safety_asan_s_w1_r3_12_444_c1_w1_m1
decoder_matrix,asan,s_w1_r11_8_420_c0,1,0,0,3,6d9fcebdedf80f9d0cb6d209703e1eb97286483105ddbbd2b6da7303774381aa,False,PASS,safety_asan_s_w1_r11_8_420_c0_w1_m0
decoder_matrix,asan,s_w1_r11_8_420_c0,1,1,0,3,6d9fcebdedf80f9d0cb6d209703e1eb97286483105ddbbd2b6da7303774381aa,False,PASS,safety_asan_s_w1_r11_8_420_c0_w1_m1
decoder_matrix,asan,s_w1_r11_8_420_c1,1,0,0,3,b27e06e3ffb5d97159994256e8d1cdc8f7ff6c6580879d6903ea7732e3b5a537,False,PASS,safety_asan_s_w1_r11_8_420_c1_w1_m0
decoder_matrix,asan,s_w1_r11_8_420_c1,1,1,0,3,b27e06e3ffb5d97159994256e8d1cdc8f7ff6c6580879d6903ea7732e3b5a537,False,PASS,safety_asan_s_w1_r11_8_420_c1_w1_m1
decoder_matrix,asan,s_w1_r11_8_444_c0,1,0,0,3,696388d4d5e1f3e9ff73f4d138fc292eb0aeb705dc1f3d9c8ee4daad1e958e6e,False,PASS,safety_asan_s_w1_r11_8_444_c0_w1_m0
decoder_matrix,asan,s_w1_r11_8_444_c0,1,1,0,3,696388d4d5e1f3e9ff73f4d138fc292eb0aeb705dc1f3d9c8ee4daad1e958e6e,False,PASS,safety_asan_s_w1_r11_8_444_c0_w1_m1
decoder_matrix,asan,s_w1_r11_8_444_c1,1,0,0,3,f5595f546feb1336bacc9a31229d97f1f2bfca3b05108f2beb58db0b1a29e155,False,PASS,safety_asan_s_w1_r11_8_444_c1_w1_m0
decoder_matrix,asan,s_w1_r11_8_444_c1,1,1,0,3,f5595f546feb1336bacc9a31229d97f1f2bfca3b05108f2beb58db0b1a29e155,False,PASS,safety_asan_s_w1_r11_8_444_c1_w1_m1
decoder_matrix,asan,s_w1_r11_10_420_c0,1,0,0,3,e539643a4604a1ecdef2c6e34982a25864fb9a6e704b8c05220f0dce4fd79e3b,False,PASS,safety_asan_s_w1_r11_10_420_c0_w1_m0
decoder_matrix,asan,s_w1_r11_10_420_c0,1,1,0,3,e539643a4604a1ecdef2c6e34982a25864fb9a6e704b8c05220f0dce4fd79e3b,False,PASS,safety_asan_s_w1_r11_10_420_c0_w1_m1
decoder_matrix,asan,s_w1_r11_10_420_c1,1,0,0,3,ffe9254adfd9661b4023ba27203ee6d669f375a2701b61b18e39b6f7ded7943b,False,PASS,safety_asan_s_w1_r11_10_420_c1_w1_m0
decoder_matrix,asan,s_w1_r11_10_420_c1,1,1,0,3,ffe9254adfd9661b4023ba27203ee6d669f375a2701b61b18e39b6f7ded7943b,False,PASS,safety_asan_s_w1_r11_10_420_c1_w1_m1
decoder_matrix,asan,s_w1_r11_10_444_c0,1,0,0,3,9ddf680d25168982078c1e331380633361640975c0917ec88a55cb97dc10f6bb,False,PASS,safety_asan_s_w1_r11_10_444_c0_w1_m0
decoder_matrix,asan,s_w1_r11_10_444_c0,1,1,0,3,9ddf680d25168982078c1e331380633361640975c0917ec88a55cb97dc10f6bb,False,PASS,safety_asan_s_w1_r11_10_444_c0_w1_m1
decoder_matrix,asan,s_w1_r11_10_444_c1,1,0,0,3,ecb9bfc9dc8695a0db52afa77fb85af7eefe5d53db166be76b2a0d78517fd615,False,PASS,safety_asan_s_w1_r11_10_444_c1_w1_m0
decoder_matrix,asan,s_w1_r11_10_444_c1,1,1,0,3,ecb9bfc9dc8695a0db52afa77fb85af7eefe5d53db166be76b2a0d78517fd615,False,PASS,safety_asan_s_w1_r11_10_444_c1_w1_m1
decoder_matrix,asan,s_w1_r11_12_420_c0,1,0,0,3,7ad1af0566817a4625226bd1763191fb07da3497101028fece56a05fb15544bc,False,PASS,safety_asan_s_w1_r11_12_420_c0_w1_m0
decoder_matrix,asan,s_w1_r11_12_420_c0,1,1,0,3,7ad1af0566817a4625226bd1763191fb07da3497101028fece56a05fb15544bc,False,PASS,safety_asan_s_w1_r11_12_420_c0_w1_m1
decoder_matrix,asan,s_w1_r11_12_420_c1,1,0,0,3,9dad14bb409e5b764945653e08b772981edd42248daa2a8e38299080b03342dc,False,PASS,safety_asan_s_w1_r11_12_420_c1_w1_m0
decoder_matrix,asan,s_w1_r11_12_420_c1,1,1,0,3,9dad14bb409e5b764945653e08b772981edd42248daa2a8e38299080b03342dc,False,PASS,safety_asan_s_w1_r11_12_420_c1_w1_m1
decoder_matrix,asan,s_w1_r11_12_444_c0,1,0,0,3,1b3d2b6a1234913d8eea1a78f5ad3cea8038ad1abec3bda894fbe665b6a24a8e,False,PASS,safety_asan_s_w1_r11_12_444_c0_w1_m0
decoder_matrix,asan,s_w1_r11_12_444_c0,1,1,0,3,1b3d2b6a1234913d8eea1a78f5ad3cea8038ad1abec3bda894fbe665b6a24a8e,False,PASS,safety_asan_s_w1_r11_12_444_c0_w1_m1
decoder_matrix,asan,s_w1_r11_12_444_c1,1,0,0,3,9e387416f162a6175ee7e7120d3e7e68ad3eb00cb702771340f130a6ff215bea,False,PASS,safety_asan_s_w1_r11_12_444_c1_w1_m0
decoder_matrix,asan,s_w1_r11_12_444_c1,1,1,0,3,9e387416f162a6175ee7e7120d3e7e68ad3eb00cb702771340f130a6ff215bea,False,PASS,safety_asan_s_w1_r11_12_444_c1_w1_m1
decoder_matrix,asan,s_w2_r1_8_420_c0,2,0,0,3,9543a0fcc37023bcc43189b408123b65fcad8cf16cf61a1b382542390147d0c8,False,PASS,safety_asan_s_w2_r1_8_420_c0_w2_m0
decoder_matrix,asan,s_w2_r1_8_420_c0,2,1,0,3,9543a0fcc37023bcc43189b408123b65fcad8cf16cf61a1b382542390147d0c8,False,PASS,safety_asan_s_w2_r1_8_420_c0_w2_m1
decoder_matrix,asan,s_w2_r1_8_420_c1,2,0,0,3,f72ec11dde05cc90b20c70187667b18fd481aeaa3f897ec70e730b0cdc6bfb1a,False,PASS,safety_asan_s_w2_r1_8_420_c1_w2_m0
decoder_matrix,asan,s_w2_r1_8_420_c1,2,1,0,3,f72ec11dde05cc90b20c70187667b18fd481aeaa3f897ec70e730b0cdc6bfb1a,False,PASS,safety_asan_s_w2_r1_8_420_c1_w2_m1
decoder_matrix,asan,s_w2_r1_8_444_c0,2,0,0,3,129ed30da9651aff7cca78facf8d31bfe0c5df5c248312fbb21a58acaa19640a,False,PASS,safety_asan_s_w2_r1_8_444_c0_w2_m0
decoder_matrix,asan,s_w2_r1_8_444_c0,2,1,0,3,129ed30da9651aff7cca78facf8d31bfe0c5df5c248312fbb21a58acaa19640a,False,PASS,safety_asan_s_w2_r1_8_444_c0_w2_m1
decoder_matrix,asan,s_w2_r1_8_444_c1,2,0,0,3,fbf54c718edfb2690b3556dde0af6a10e200c2552850668bd1d198ba8709f1c9,False,PASS,safety_asan_s_w2_r1_8_444_c1_w2_m0
decoder_matrix,asan,s_w2_r1_8_444_c1,2,1,0,3,fbf54c718edfb2690b3556dde0af6a10e200c2552850668bd1d198ba8709f1c9,False,PASS,safety_asan_s_w2_r1_8_444_c1_w2_m1
decoder_matrix,asan,s_w2_r1_10_420_c0,2,0,0,3,8acf9831151e5aaf2181f4a9017b205c1aaa27dfaa35ab5b42470e5f81ae1908,False,PASS,safety_asan_s_w2_r1_10_420_c0_w2_m0
decoder_matrix,asan,s_w2_r1_10_420_c0,2,1,0,3,8acf9831151e5aaf2181f4a9017b205c1aaa27dfaa35ab5b42470e5f81ae1908,False,PASS,safety_asan_s_w2_r1_10_420_c0_w2_m1
decoder_matrix,asan,s_w2_r1_10_420_c1,2,0,0,3,0223bd104da2aba19bb7e0d2a3eb8a28715fa10dce82fe9022be429165338a3a,False,PASS,safety_asan_s_w2_r1_10_420_c1_w2_m0
decoder_matrix,asan,s_w2_r1_10_420_c1,2,1,0,3,0223bd104da2aba19bb7e0d2a3eb8a28715fa10dce82fe9022be429165338a3a,False,PASS,safety_asan_s_w2_r1_10_420_c1_w2_m1
decoder_matrix,asan,s_w2_r1_10_444_c0,2,0,0,3,01c59f38fc4478e889d9780e7ebea367e5c8ad02f847a872ca2467eeaf8cd780,False,PASS,safety_asan_s_w2_r1_10_444_c0_w2_m0
decoder_matrix,asan,s_w2_r1_10_444_c0,2,1,0,3,01c59f38fc4478e889d9780e7ebea367e5c8ad02f847a872ca2467eeaf8cd780,False,PASS,safety_asan_s_w2_r1_10_444_c0_w2_m1
decoder_matrix,asan,s_w2_r1_10_444_c1,2,0,0,3,b994600cd6275f6f2622b32c1b8975c6e17170d162c0554957dea278eb2a0c3d,False,PASS,safety_asan_s_w2_r1_10_444_c1_w2_m0
decoder_matrix,asan,s_w2_r1_10_444_c1,2,1,0,3,b994600cd6275f6f2622b32c1b8975c6e17170d162c0554957dea278eb2a0c3d,False,PASS,safety_asan_s_w2_r1_10_444_c1_w2_m1
decoder_matrix,asan,s_w2_r1_12_420_c0,2,0,0,3,bf31ec4a6553b4375e68b5687c74bdeb771c0ae7d4f099e06c5949bf19443747,False,PASS,safety_asan_s_w2_r1_12_420_c0_w2_m0
decoder_matrix,asan,s_w2_r1_12_420_c0,2,1,0,3,bf31ec4a6553b4375e68b5687c74bdeb771c0ae7d4f099e06c5949bf19443747,False,PASS,safety_asan_s_w2_r1_12_420_c0_w2_m1
decoder_matrix,asan,s_w2_r1_12_420_c1,2,0,0,3,fff85ad1abe97c165543cc3f7a1518f9d58f52df06fd1654a8bbb50648050f54,False,PASS,safety_asan_s_w2_r1_12_420_c1_w2_m0
decoder_matrix,asan,s_w2_r1_12_420_c1,2,1,0,3,fff85ad1abe97c165543cc3f7a1518f9d58f52df06fd1654a8bbb50648050f54,False,PASS,safety_asan_s_w2_r1_12_420_c1_w2_m1
decoder_matrix,asan,s_w2_r1_12_444_c0,2,0,0,3,c8caf6981bf765f8d891668d892a8dbda2135d413f6fe1bcb630dbfe9f3faead,False,PASS,safety_asan_s_w2_r1_12_444_c0_w2_m0
decoder_matrix,asan,s_w2_r1_12_444_c0,2,1,0,3,c8caf6981bf765f8d891668d892a8dbda2135d413f6fe1bcb630dbfe9f3faead,False,PASS,safety_asan_s_w2_r1_12_444_c0_w2_m1
decoder_matrix,asan,s_w2_r1_12_444_c1,2,0,0,3,59066f9f3a6aacd91acd524068260819b5e38f269844ebb3a2dd38761b84afed,False,PASS,safety_asan_s_w2_r1_12_444_c1_w2_m0
decoder_matrix,asan,s_w2_r1_12_444_c1,2,1,0,3,59066f9f3a6aacd91acd524068260819b5e38f269844ebb3a2dd38761b84afed,False,PASS,safety_asan_s_w2_r1_12_444_c1_w2_m1
decoder_matrix,asan,s_w2_r3_8_420_c0,2,0,0,3,bc5a956d050eaaf1f55b969dc8147a0301a1a7396bd06a9f3321eab4776d60bd,False,PASS,safety_asan_s_w2_r3_8_420_c0_w2_m0
decoder_matrix,asan,s_w2_r3_8_420_c0,2,1,0,3,bc5a956d050eaaf1f55b969dc8147a0301a1a7396bd06a9f3321eab4776d60bd,False,PASS,safety_asan_s_w2_r3_8_420_c0_w2_m1
decoder_matrix,asan,s_w2_r3_8_420_c1,2,0,0,3,4621dc4377f13d3481a8655b0b98c0cf031c11f3163a19b4b5fde224bf6cacce,False,PASS,safety_asan_s_w2_r3_8_420_c1_w2_m0
decoder_matrix,asan,s_w2_r3_8_420_c1,2,1,0,3,4621dc4377f13d3481a8655b0b98c0cf031c11f3163a19b4b5fde224bf6cacce,False,PASS,safety_asan_s_w2_r3_8_420_c1_w2_m1
decoder_matrix,asan,s_w2_r3_8_444_c0,2,0,0,3,9b128b057a4ed2220a5c03d7583b1cc4f97d4e54707d1aafd3e60b55c97c8386,False,PASS,safety_asan_s_w2_r3_8_444_c0_w2_m0
decoder_matrix,asan,s_w2_r3_8_444_c0,2,1,0,3,9b128b057a4ed2220a5c03d7583b1cc4f97d4e54707d1aafd3e60b55c97c8386,False,PASS,safety_asan_s_w2_r3_8_444_c0_w2_m1
decoder_matrix,asan,s_w2_r3_8_444_c1,2,0,0,3,e35222ac4e4af3844e4594b1a660e02bee62f69da9a400d9600da062576fb797,False,PASS,safety_asan_s_w2_r3_8_444_c1_w2_m0
decoder_matrix,asan,s_w2_r3_8_444_c1,2,1,0,3,e35222ac4e4af3844e4594b1a660e02bee62f69da9a400d9600da062576fb797,False,PASS,safety_asan_s_w2_r3_8_444_c1_w2_m1
decoder_matrix,asan,s_w2_r3_10_420_c0,2,0,0,3,56b80dd719a3ec6d2869b76815443e2bd30f696ca6b7dc4ee4e4081424d2b9f5,False,PASS,safety_asan_s_w2_r3_10_420_c0_w2_m0
decoder_matrix,asan,s_w2_r3_10_420_c0,2,1,0,3,56b80dd719a3ec6d2869b76815443e2bd30f696ca6b7dc4ee4e4081424d2b9f5,False,PASS,safety_asan_s_w2_r3_10_420_c0_w2_m1
decoder_matrix,asan,s_w2_r3_10_420_c1,2,0,0,3,621f080e652c68c2907f2d934b646196c7c40680a13dd80feb732e2cb8dfd94d,False,PASS,safety_asan_s_w2_r3_10_420_c1_w2_m0
decoder_matrix,asan,s_w2_r3_10_420_c1,2,1,0,3,621f080e652c68c2907f2d934b646196c7c40680a13dd80feb732e2cb8dfd94d,False,PASS,safety_asan_s_w2_r3_10_420_c1_w2_m1
decoder_matrix,asan,s_w2_r3_10_444_c0,2,0,0,3,2889649113638d08cdf2f8d224cd61e86ccc6a0ae87a60366fe60a885e83625b,False,PASS,safety_asan_s_w2_r3_10_444_c0_w2_m0
decoder_matrix,asan,s_w2_r3_10_444_c0,2,1,0,3,2889649113638d08cdf2f8d224cd61e86ccc6a0ae87a60366fe60a885e83625b,False,PASS,safety_asan_s_w2_r3_10_444_c0_w2_m1
decoder_matrix,asan,s_w2_r3_10_444_c1,2,0,0,3,8461ce8f5eae54a9dcc7d207fb6d5ee09c8dfd4e62c82d191204e3fa864a422e,False,PASS,safety_asan_s_w2_r3_10_444_c1_w2_m0
decoder_matrix,asan,s_w2_r3_10_444_c1,2,1,0,3,8461ce8f5eae54a9dcc7d207fb6d5ee09c8dfd4e62c82d191204e3fa864a422e,False,PASS,safety_asan_s_w2_r3_10_444_c1_w2_m1
decoder_matrix,asan,s_w2_r3_12_420_c0,2,0,0,3,9e0372835018f8064a5186e07d12d26bfae13cdf04ab2eeae23e56120e4095e5,False,PASS,safety_asan_s_w2_r3_12_420_c0_w2_m0
decoder_matrix,asan,s_w2_r3_12_420_c0,2,1,0,3,9e0372835018f8064a5186e07d12d26bfae13cdf04ab2eeae23e56120e4095e5,False,PASS,safety_asan_s_w2_r3_12_420_c0_w2_m1
decoder_matrix,asan,s_w2_r3_12_420_c1,2,0,0,3,c92eb81023b4f2c04e9a0dd238c95ae3d72ca177b7029cb044665ea8ebcb8793,False,PASS,safety_asan_s_w2_r3_12_420_c1_w2_m0
decoder_matrix,asan,s_w2_r3_12_420_c1,2,1,0,3,c92eb81023b4f2c04e9a0dd238c95ae3d72ca177b7029cb044665ea8ebcb8793,False,PASS,safety_asan_s_w2_r3_12_420_c1_w2_m1
decoder_matrix,asan,s_w2_r3_12_444_c0,2,0,0,3,30a4d67410a05a217536729a2605aa5d4e02a86b6691d0476bfcc871adf0cf3f,False,PASS,safety_asan_s_w2_r3_12_444_c0_w2_m0
decoder_matrix,asan,s_w2_r3_12_444_c0,2,1,0,3,30a4d67410a05a217536729a2605aa5d4e02a86b6691d0476bfcc871adf0cf3f,False,PASS,safety_asan_s_w2_r3_12_444_c0_w2_m1
decoder_matrix,asan,s_w2_r3_12_444_c1,2,0,0,3,848c51faac6f669520e2415f19c001e69eb4a3dafbd1b123e921d06a728f4148,False,PASS,safety_asan_s_w2_r3_12_444_c1_w2_m0
decoder_matrix,asan,s_w2_r3_12_444_c1,2,1,0,3,848c51faac6f669520e2415f19c001e69eb4a3dafbd1b123e921d06a728f4148,False,PASS,safety_asan_s_w2_r3_12_444_c1_w2_m1
decoder_matrix,asan,s_w2_r4_8_420_c0,2,0,0,3,34a47c0755a0e85e99ba06b5d40cad76aaff87a931d33afa3c5f40c56b947e27,False,PASS,safety_asan_s_w2_r4_8_420_c0_w2_m0
decoder_matrix,asan,s_w2_r4_8_420_c0,2,1,0,3,34a47c0755a0e85e99ba06b5d40cad76aaff87a931d33afa3c5f40c56b947e27,False,PASS,safety_asan_s_w2_r4_8_420_c0_w2_m1
decoder_matrix,asan,s_w2_r4_8_420_c1,2,0,0,3,0797eb71bc364c109d7fa5b23ede2e365c6f903d1dc04059039a244c74f8f059,False,PASS,safety_asan_s_w2_r4_8_420_c1_w2_m0
decoder_matrix,asan,s_w2_r4_8_420_c1,2,1,0,3,0797eb71bc364c109d7fa5b23ede2e365c6f903d1dc04059039a244c74f8f059,False,PASS,safety_asan_s_w2_r4_8_420_c1_w2_m1
decoder_matrix,asan,s_w2_r4_8_444_c0,2,0,0,3,2565421710e897acfc63cce0450758a8167a21296f35078be0be7ea59d4d4164,False,PASS,safety_asan_s_w2_r4_8_444_c0_w2_m0
decoder_matrix,asan,s_w2_r4_8_444_c0,2,1,0,3,2565421710e897acfc63cce0450758a8167a21296f35078be0be7ea59d4d4164,False,PASS,safety_asan_s_w2_r4_8_444_c0_w2_m1
decoder_matrix,asan,s_w2_r4_8_444_c1,2,0,0,3,32e7982ae9e6dee5f293e3daf269a5ddb0a2dde98ba8cdd06304fb2ae9c19b62,False,PASS,safety_asan_s_w2_r4_8_444_c1_w2_m0
decoder_matrix,asan,s_w2_r4_8_444_c1,2,1,0,3,32e7982ae9e6dee5f293e3daf269a5ddb0a2dde98ba8cdd06304fb2ae9c19b62,False,PASS,safety_asan_s_w2_r4_8_444_c1_w2_m1
decoder_matrix,asan,s_w2_r4_10_420_c0,2,0,0,3,69a35f4cad8061b2ce185c106a3cff323c7ae59fc2a8b1cd29c5c3930b845af5,False,PASS,safety_asan_s_w2_r4_10_420_c0_w2_m0
decoder_matrix,asan,s_w2_r4_10_420_c0,2,1,0,3,69a35f4cad8061b2ce185c106a3cff323c7ae59fc2a8b1cd29c5c3930b845af5,False,PASS,safety_asan_s_w2_r4_10_420_c0_w2_m1
decoder_matrix,asan,s_w2_r4_10_420_c1,2,0,0,3,07e5b287e762166a06b9d800712ed8c04aabe9f12d9ffd850f1724d7e2743239,False,PASS,safety_asan_s_w2_r4_10_420_c1_w2_m0
decoder_matrix,asan,s_w2_r4_10_420_c1,2,1,0,3,07e5b287e762166a06b9d800712ed8c04aabe9f12d9ffd850f1724d7e2743239,False,PASS,safety_asan_s_w2_r4_10_420_c1_w2_m1
decoder_matrix,asan,s_w2_r4_10_444_c0,2,0,0,3,adaa816eada1ea832f3bbb33efea2792f461a21bfe5ab191e066082c07ec5988,False,PASS,safety_asan_s_w2_r4_10_444_c0_w2_m0
decoder_matrix,asan,s_w2_r4_10_444_c0,2,1,0,3,adaa816eada1ea832f3bbb33efea2792f461a21bfe5ab191e066082c07ec5988,False,PASS,safety_asan_s_w2_r4_10_444_c0_w2_m1
decoder_matrix,asan,s_w2_r4_10_444_c1,2,0,0,3,092292d9df7953f9e6ac7376ea2fab9681f6421d6eb332ba3845bff0f231709f,False,PASS,safety_asan_s_w2_r4_10_444_c1_w2_m0
decoder_matrix,asan,s_w2_r4_10_444_c1,2,1,0,3,092292d9df7953f9e6ac7376ea2fab9681f6421d6eb332ba3845bff0f231709f,False,PASS,safety_asan_s_w2_r4_10_444_c1_w2_m1
decoder_matrix,asan,s_w2_r4_12_420_c0,2,0,0,3,e6f727584cd92d7a7e1fe4b47ae96d51ccb163fcccb293f307cc4c4e3c5e9e73,False,PASS,safety_asan_s_w2_r4_12_420_c0_w2_m0
decoder_matrix,asan,s_w2_r4_12_420_c0,2,1,0,3,e6f727584cd92d7a7e1fe4b47ae96d51ccb163fcccb293f307cc4c4e3c5e9e73,False,PASS,safety_asan_s_w2_r4_12_420_c0_w2_m1
decoder_matrix,asan,s_w2_r4_12_420_c1,2,0,0,3,60f8b4a8c4f623c77472cb85b1ac290c9ae2fcce08e1264612925f07a317728c,False,PASS,safety_asan_s_w2_r4_12_420_c1_w2_m0
decoder_matrix,asan,s_w2_r4_12_420_c1,2,1,0,3,60f8b4a8c4f623c77472cb85b1ac290c9ae2fcce08e1264612925f07a317728c,False,PASS,safety_asan_s_w2_r4_12_420_c1_w2_m1
decoder_matrix,asan,s_w2_r4_12_444_c0,2,0,0,3,7e07a630b84963b7761cb96d0c16acf226d0ee614b83dc31c871e5f0303b8253,False,PASS,safety_asan_s_w2_r4_12_444_c0_w2_m0
decoder_matrix,asan,s_w2_r4_12_444_c0,2,1,0,3,7e07a630b84963b7761cb96d0c16acf226d0ee614b83dc31c871e5f0303b8253,False,PASS,safety_asan_s_w2_r4_12_444_c0_w2_m1
decoder_matrix,asan,s_w2_r4_12_444_c1,2,0,0,3,8699090c7613a91d61403d846b13befa7ff8bbcd0f9b4031e188450e1385508e,False,PASS,safety_asan_s_w2_r4_12_444_c1_w2_m0
decoder_matrix,asan,s_w2_r4_12_444_c1,2,1,0,3,8699090c7613a91d61403d846b13befa7ff8bbcd0f9b4031e188450e1385508e,False,PASS,safety_asan_s_w2_r4_12_444_c1_w2_m1
decoder_matrix,asan,s_w2_r19_8_420_c0,2,0,0,3,befa37f061741a2a809e57ba4940696443116607b7060932975ba1c28c7e06a0,False,PASS,safety_asan_s_w2_r19_8_420_c0_w2_m0
decoder_matrix,asan,s_w2_r19_8_420_c0,2,1,0,3,befa37f061741a2a809e57ba4940696443116607b7060932975ba1c28c7e06a0,False,PASS,safety_asan_s_w2_r19_8_420_c0_w2_m1
decoder_matrix,asan,s_w2_r19_8_420_c1,2,0,0,3,6609226361df318ccff389f44deea54dc44a2a8b7ae60024e3702cd2d64d9080,False,PASS,safety_asan_s_w2_r19_8_420_c1_w2_m0
decoder_matrix,asan,s_w2_r19_8_420_c1,2,1,0,3,6609226361df318ccff389f44deea54dc44a2a8b7ae60024e3702cd2d64d9080,False,PASS,safety_asan_s_w2_r19_8_420_c1_w2_m1
decoder_matrix,asan,s_w2_r19_8_444_c0,2,0,0,3,569141436b94e6cad9beb70f9729e02079965c9282c6b7529b52e1fb9879ec09,False,PASS,safety_asan_s_w2_r19_8_444_c0_w2_m0
decoder_matrix,asan,s_w2_r19_8_444_c0,2,1,0,3,569141436b94e6cad9beb70f9729e02079965c9282c6b7529b52e1fb9879ec09,False,PASS,safety_asan_s_w2_r19_8_444_c0_w2_m1
decoder_matrix,asan,s_w2_r19_8_444_c1,2,0,0,3,4b0bcd9163210ba66e86edb5bce2ab5c55382609e989cc0d29b16369e4c1e6cb,False,PASS,safety_asan_s_w2_r19_8_444_c1_w2_m0
decoder_matrix,asan,s_w2_r19_8_444_c1,2,1,0,3,4b0bcd9163210ba66e86edb5bce2ab5c55382609e989cc0d29b16369e4c1e6cb,False,PASS,safety_asan_s_w2_r19_8_444_c1_w2_m1
decoder_matrix,asan,s_w2_r19_10_420_c0,2,0,0,3,ecab412bb3ea54f9fec3230ad82f1cbdb2a6aee2b62992623938c7a5df4f63d5,False,PASS,safety_asan_s_w2_r19_10_420_c0_w2_m0
decoder_matrix,asan,s_w2_r19_10_420_c0,2,1,0,3,ecab412bb3ea54f9fec3230ad82f1cbdb2a6aee2b62992623938c7a5df4f63d5,False,PASS,safety_asan_s_w2_r19_10_420_c0_w2_m1
decoder_matrix,asan,s_w2_r19_10_420_c1,2,0,0,3,9c4d54d2fe6bf8b35c090562397d33c43f8622c6de2db889ceb7ba490f475ca8,False,PASS,safety_asan_s_w2_r19_10_420_c1_w2_m0
decoder_matrix,asan,s_w2_r19_10_420_c1,2,1,0,3,9c4d54d2fe6bf8b35c090562397d33c43f8622c6de2db889ceb7ba490f475ca8,False,PASS,safety_asan_s_w2_r19_10_420_c1_w2_m1
decoder_matrix,asan,s_w2_r19_10_444_c0,2,0,0,3,eb300012408e9dc9a47b2914efa723e3ba572a3d868cbb3fd34b7c57caaec4ef,False,PASS,safety_asan_s_w2_r19_10_444_c0_w2_m0
decoder_matrix,asan,s_w2_r19_10_444_c0,2,1,0,3,eb300012408e9dc9a47b2914efa723e3ba572a3d868cbb3fd34b7c57caaec4ef,False,PASS,safety_asan_s_w2_r19_10_444_c0_w2_m1
decoder_matrix,asan,s_w2_r19_10_444_c1,2,0,0,3,4bf9ab802170c6ff5b5f2fc74eb19647f40faa5d6426757e29baa689603899ac,False,PASS,safety_asan_s_w2_r19_10_444_c1_w2_m0
decoder_matrix,asan,s_w2_r19_10_444_c1,2,1,0,3,4bf9ab802170c6ff5b5f2fc74eb19647f40faa5d6426757e29baa689603899ac,False,PASS,safety_asan_s_w2_r19_10_444_c1_w2_m1
decoder_matrix,asan,s_w2_r19_12_420_c0,2,0,0,3,3de6bb0e5573375587e313e2e2dcd8711b779f2d3bc5675ba879cd47139f0c78,False,PASS,safety_asan_s_w2_r19_12_420_c0_w2_m0
decoder_matrix,asan,s_w2_r19_12_420_c0,2,1,0,3,3de6bb0e5573375587e313e2e2dcd8711b779f2d3bc5675ba879cd47139f0c78,False,PASS,safety_asan_s_w2_r19_12_420_c0_w2_m1
decoder_matrix,asan,s_w2_r19_12_420_c1,2,0,0,3,781fbdf410ef895d57a34e6ffa893a7ddd21c35171c049cd7c0dea739b47057e,False,PASS,safety_asan_s_w2_r19_12_420_c1_w2_m0
decoder_matrix,asan,s_w2_r19_12_420_c1,2,1,0,3,781fbdf410ef895d57a34e6ffa893a7ddd21c35171c049cd7c0dea739b47057e,False,PASS,safety_asan_s_w2_r19_12_420_c1_w2_m1
decoder_matrix,asan,s_w2_r19_12_444_c0,2,0,0,3,73648d78861a745eea81ea7ca59133b7875c95d3feb1f8ce403fe2b96ddcd142,False,PASS,safety_asan_s_w2_r19_12_444_c0_w2_m0
decoder_matrix,asan,s_w2_r19_12_444_c0,2,1,0,3,73648d78861a745eea81ea7ca59133b7875c95d3feb1f8ce403fe2b96ddcd142,False,PASS,safety_asan_s_w2_r19_12_444_c0_w2_m1
decoder_matrix,asan,s_w2_r19_12_444_c1,2,0,0,3,069374065191eed3428bf05552db86b0fe33fac73eeb1ab7e5d355eaed3d93af,False,PASS,safety_asan_s_w2_r19_12_444_c1_w2_m0
decoder_matrix,asan,s_w2_r19_12_444_c1,2,1,0,3,069374065191eed3428bf05552db86b0fe33fac73eeb1ab7e5d355eaed3d93af,False,PASS,safety_asan_s_w2_r19_12_444_c1_w2_m1
decoder_matrix,asan,s_w8_r7_8_420_c0,8,0,0,3,827aa6704312eb10bf3d2af2e81fdacb4f1f6df4f68bfcb70a9e607d2eb2aeba,False,PASS,safety_asan_s_w8_r7_8_420_c0_w8_m0
decoder_matrix,asan,s_w8_r7_8_420_c0,8,1,0,3,827aa6704312eb10bf3d2af2e81fdacb4f1f6df4f68bfcb70a9e607d2eb2aeba,False,PASS,safety_asan_s_w8_r7_8_420_c0_w8_m1
decoder_matrix,asan,s_w8_r7_8_420_c1,8,0,0,3,5e8354879f216de5d01eb376cdc0d400ae6d208018090c304efd125de24129b0,False,PASS,safety_asan_s_w8_r7_8_420_c1_w8_m0
decoder_matrix,asan,s_w8_r7_8_420_c1,8,1,0,3,5e8354879f216de5d01eb376cdc0d400ae6d208018090c304efd125de24129b0,False,PASS,safety_asan_s_w8_r7_8_420_c1_w8_m1
decoder_matrix,asan,s_w8_r7_8_444_c0,8,0,0,3,eec5b5bcb50865c4d7232f08582bb5db150e32fd172c0c807703930b159f82a4,False,PASS,safety_asan_s_w8_r7_8_444_c0_w8_m0
decoder_matrix,asan,s_w8_r7_8_444_c0,8,1,0,3,eec5b5bcb50865c4d7232f08582bb5db150e32fd172c0c807703930b159f82a4,False,PASS,safety_asan_s_w8_r7_8_444_c0_w8_m1
decoder_matrix,asan,s_w8_r7_8_444_c1,8,0,0,3,f02d737334da7f9006881f9506dd7db6d3b84a9f101d041081f841fecf7a8525,False,PASS,safety_asan_s_w8_r7_8_444_c1_w8_m0
decoder_matrix,asan,s_w8_r7_8_444_c1,8,1,0,3,f02d737334da7f9006881f9506dd7db6d3b84a9f101d041081f841fecf7a8525,False,PASS,safety_asan_s_w8_r7_8_444_c1_w8_m1
decoder_matrix,asan,s_w8_r7_10_420_c0,8,0,0,3,c0f14b28df5beadfc4ef75140e04aa5954755a75ef8aa227aeded83cc879a800,False,PASS,safety_asan_s_w8_r7_10_420_c0_w8_m0
decoder_matrix,asan,s_w8_r7_10_420_c0,8,1,0,3,c0f14b28df5beadfc4ef75140e04aa5954755a75ef8aa227aeded83cc879a800,False,PASS,safety_asan_s_w8_r7_10_420_c0_w8_m1
decoder_matrix,asan,s_w8_r7_10_420_c1,8,0,0,3,8c8fba504ae981475b4fc684ccd7fa8957e2ae791a6d4632663ad9a645a66143,False,PASS,safety_asan_s_w8_r7_10_420_c1_w8_m0
decoder_matrix,asan,s_w8_r7_10_420_c1,8,1,0,3,8c8fba504ae981475b4fc684ccd7fa8957e2ae791a6d4632663ad9a645a66143,False,PASS,safety_asan_s_w8_r7_10_420_c1_w8_m1
decoder_matrix,asan,s_w8_r7_10_444_c0,8,0,0,3,ba170b9e9fed2469d6369b0ce46c79957cf1ed4a9124034e3808403b6488ed71,False,PASS,safety_asan_s_w8_r7_10_444_c0_w8_m0
decoder_matrix,asan,s_w8_r7_10_444_c0,8,1,0,3,ba170b9e9fed2469d6369b0ce46c79957cf1ed4a9124034e3808403b6488ed71,False,PASS,safety_asan_s_w8_r7_10_444_c0_w8_m1
decoder_matrix,asan,s_w8_r7_10_444_c1,8,0,0,3,fafb9248690a2ad2108bb092026d4244c96ec4ede78f9e6f58bb3f5fb929ae49,False,PASS,safety_asan_s_w8_r7_10_444_c1_w8_m0
decoder_matrix,asan,s_w8_r7_10_444_c1,8,1,0,3,fafb9248690a2ad2108bb092026d4244c96ec4ede78f9e6f58bb3f5fb929ae49,False,PASS,safety_asan_s_w8_r7_10_444_c1_w8_m1
decoder_matrix,asan,s_w8_r7_12_420_c0,8,0,0,3,1278865abe4c428125a3692c64454641dfccfa1e5f89b4fe274b4e20ef6f240d,False,PASS,safety_asan_s_w8_r7_12_420_c0_w8_m0
decoder_matrix,asan,s_w8_r7_12_420_c0,8,1,0,3,1278865abe4c428125a3692c64454641dfccfa1e5f89b4fe274b4e20ef6f240d,False,PASS,safety_asan_s_w8_r7_12_420_c0_w8_m1
decoder_matrix,asan,s_w8_r7_12_420_c1,8,0,0,3,aa7de8c7ebc279cb139c4d9cfe169878c3d1c4b673dd08d95105a17dcfda8010,False,PASS,safety_asan_s_w8_r7_12_420_c1_w8_m0
decoder_matrix,asan,s_w8_r7_12_420_c1,8,1,0,3,aa7de8c7ebc279cb139c4d9cfe169878c3d1c4b673dd08d95105a17dcfda8010,False,PASS,safety_asan_s_w8_r7_12_420_c1_w8_m1
decoder_matrix,asan,s_w8_r7_12_444_c0,8,0,0,3,14f33c187181a7d0d5e32709442494735a1533a19074a75a8dda5dc63a87b59f,False,PASS,safety_asan_s_w8_r7_12_444_c0_w8_m0
decoder_matrix,asan,s_w8_r7_12_444_c0,8,1,0,3,14f33c187181a7d0d5e32709442494735a1533a19074a75a8dda5dc63a87b59f,False,PASS,safety_asan_s_w8_r7_12_444_c0_w8_m1
decoder_matrix,asan,s_w8_r7_12_444_c1,8,0,0,3,ad8eb3e8c8484f8e6ad349c4c1172fa0d381f069eb5a2ec2dacd7938f05fde6c,False,PASS,safety_asan_s_w8_r7_12_444_c1_w8_m0
decoder_matrix,asan,s_w8_r7_12_444_c1,8,1,0,3,ad8eb3e8c8484f8e6ad349c4c1172fa0d381f069eb5a2ec2dacd7938f05fde6c,False,PASS,safety_asan_s_w8_r7_12_444_c1_w8_m1
decoder_matrix,asan,s_w8_r9_8_420_c0,8,0,0,3,e9622a78fdca176dc61cc153346b5efe5069d5e1bfa5c4a20695884f3d30e21d,False,PASS,safety_asan_s_w8_r9_8_420_c0_w8_m0
decoder_matrix,asan,s_w8_r9_8_420_c0,8,1,0,3,e9622a78fdca176dc61cc153346b5efe5069d5e1bfa5c4a20695884f3d30e21d,False,PASS,safety_asan_s_w8_r9_8_420_c0_w8_m1
decoder_matrix,asan,s_w8_r9_8_420_c1,8,0,0,3,cc31878760c4eab77a410370fa177753ca6b815542e7854df0dfa5a1b540ab6c,False,PASS,safety_asan_s_w8_r9_8_420_c1_w8_m0
decoder_matrix,asan,s_w8_r9_8_420_c1,8,1,0,3,cc31878760c4eab77a410370fa177753ca6b815542e7854df0dfa5a1b540ab6c,False,PASS,safety_asan_s_w8_r9_8_420_c1_w8_m1
decoder_matrix,asan,s_w8_r9_8_444_c0,8,0,0,3,8b9ee011d58bb886775d46e9bb404d9225ffb5f60594277c8f01adfbb49e6b34,False,PASS,safety_asan_s_w8_r9_8_444_c0_w8_m0
decoder_matrix,asan,s_w8_r9_8_444_c0,8,1,0,3,8b9ee011d58bb886775d46e9bb404d9225ffb5f60594277c8f01adfbb49e6b34,False,PASS,safety_asan_s_w8_r9_8_444_c0_w8_m1
decoder_matrix,asan,s_w8_r9_8_444_c1,8,0,0,3,272d6bed9360c31ae941562b3559cb9788980debab55ee4be261718778e28005,False,PASS,safety_asan_s_w8_r9_8_444_c1_w8_m0
decoder_matrix,asan,s_w8_r9_8_444_c1,8,1,0,3,272d6bed9360c31ae941562b3559cb9788980debab55ee4be261718778e28005,False,PASS,safety_asan_s_w8_r9_8_444_c1_w8_m1
decoder_matrix,asan,s_w8_r9_10_420_c0,8,0,0,3,d703b1ba9ba78d05e5022882dc7311719258ec961cb10d49f60875af01f83c93,False,PASS,safety_asan_s_w8_r9_10_420_c0_w8_m0
decoder_matrix,asan,s_w8_r9_10_420_c0,8,1,0,3,d703b1ba9ba78d05e5022882dc7311719258ec961cb10d49f60875af01f83c93,False,PASS,safety_asan_s_w8_r9_10_420_c0_w8_m1
decoder_matrix,asan,s_w8_r9_10_420_c1,8,0,0,3,9d829f237ffdb2c6f57fbc5872c55bac9a58211f050fffd164d882cd6387e15f,False,PASS,safety_asan_s_w8_r9_10_420_c1_w8_m0
decoder_matrix,asan,s_w8_r9_10_420_c1,8,1,0,3,9d829f237ffdb2c6f57fbc5872c55bac9a58211f050fffd164d882cd6387e15f,False,PASS,safety_asan_s_w8_r9_10_420_c1_w8_m1
decoder_matrix,asan,s_w8_r9_10_444_c0,8,0,0,3,b984bdcb8401ace349200562426c35da1c7742545cf4e3da735bd3be8c9ea2c4,False,PASS,safety_asan_s_w8_r9_10_444_c0_w8_m0
decoder_matrix,asan,s_w8_r9_10_444_c0,8,1,0,3,b984bdcb8401ace349200562426c35da1c7742545cf4e3da735bd3be8c9ea2c4,False,PASS,safety_asan_s_w8_r9_10_444_c0_w8_m1
decoder_matrix,asan,s_w8_r9_10_444_c1,8,0,0,3,ee87267043c2fbf9fa11481da72649668c5a711220682703ca4b4602cf750f65,False,PASS,safety_asan_s_w8_r9_10_444_c1_w8_m0
decoder_matrix,asan,s_w8_r9_10_444_c1,8,1,0,3,ee87267043c2fbf9fa11481da72649668c5a711220682703ca4b4602cf750f65,False,PASS,safety_asan_s_w8_r9_10_444_c1_w8_m1
decoder_matrix,asan,s_w8_r9_12_420_c0,8,0,0,3,cf48733abbf5425e0ed860f491f71a61786ed772f8b2e3eece84b2efaa45d94c,False,PASS,safety_asan_s_w8_r9_12_420_c0_w8_m0
decoder_matrix,asan,s_w8_r9_12_420_c0,8,1,0,3,cf48733abbf5425e0ed860f491f71a61786ed772f8b2e3eece84b2efaa45d94c,False,PASS,safety_asan_s_w8_r9_12_420_c0_w8_m1
decoder_matrix,asan,s_w8_r9_12_420_c1,8,0,0,3,960ddcfa7093cb1442b3682d9a7a78f85e27d309cdf92d2693bc87650f2a849c,False,PASS,safety_asan_s_w8_r9_12_420_c1_w8_m0
decoder_matrix,asan,s_w8_r9_12_420_c1,8,1,0,3,960ddcfa7093cb1442b3682d9a7a78f85e27d309cdf92d2693bc87650f2a849c,False,PASS,safety_asan_s_w8_r9_12_420_c1_w8_m1
decoder_matrix,asan,s_w8_r9_12_444_c0,8,0,0,3,8b2db433b308ea35ef02caf89270d551d1881cb8825226d52a8a786f778117fa,False,PASS,safety_asan_s_w8_r9_12_444_c0_w8_m0
decoder_matrix,asan,s_w8_r9_12_444_c0,8,1,0,3,8b2db433b308ea35ef02caf89270d551d1881cb8825226d52a8a786f778117fa,False,PASS,safety_asan_s_w8_r9_12_444_c0_w8_m1
decoder_matrix,asan,s_w8_r9_12_444_c1,8,0,0,3,22fb46fded26010d4853fb6cfff2f6f36942a266781ca29198ff1e440fcce27d,False,PASS,safety_asan_s_w8_r9_12_444_c1_w8_m0
decoder_matrix,asan,s_w8_r9_12_444_c1,8,1,0,3,22fb46fded26010d4853fb6cfff2f6f36942a266781ca29198ff1e440fcce27d,False,PASS,safety_asan_s_w8_r9_12_444_c1_w8_m1
decoder_matrix,asan,s_w8_r10_8_420_c0,8,0,0,3,f0ee95982fcf6c78d99541882d53b6aff79452b5a70cbb3f4ef57ceb9c92d5fd,False,PASS,safety_asan_s_w8_r10_8_420_c0_w8_m0
decoder_matrix,asan,s_w8_r10_8_420_c0,8,1,0,3,f0ee95982fcf6c78d99541882d53b6aff79452b5a70cbb3f4ef57ceb9c92d5fd,False,PASS,safety_asan_s_w8_r10_8_420_c0_w8_m1
decoder_matrix,asan,s_w8_r10_8_420_c1,8,0,0,3,618c6726d274526378842f94622c97644eac6bd8406a0ba203db322ddc4e232d,False,PASS,safety_asan_s_w8_r10_8_420_c1_w8_m0
decoder_matrix,asan,s_w8_r10_8_420_c1,8,1,0,3,618c6726d274526378842f94622c97644eac6bd8406a0ba203db322ddc4e232d,False,PASS,safety_asan_s_w8_r10_8_420_c1_w8_m1
decoder_matrix,asan,s_w8_r10_8_444_c0,8,0,0,3,56d09b8f7347fe3df23d6793c5fcefdad636ed4a722742882eb8112cef791e38,False,PASS,safety_asan_s_w8_r10_8_444_c0_w8_m0
decoder_matrix,asan,s_w8_r10_8_444_c0,8,1,0,3,56d09b8f7347fe3df23d6793c5fcefdad636ed4a722742882eb8112cef791e38,False,PASS,safety_asan_s_w8_r10_8_444_c0_w8_m1
decoder_matrix,asan,s_w8_r10_8_444_c1,8,0,0,3,43fe4db8b4e0a7545eb10d215b83687db1f4bf51ae99159e3f91823b2590a932,False,PASS,safety_asan_s_w8_r10_8_444_c1_w8_m0
decoder_matrix,asan,s_w8_r10_8_444_c1,8,1,0,3,43fe4db8b4e0a7545eb10d215b83687db1f4bf51ae99159e3f91823b2590a932,False,PASS,safety_asan_s_w8_r10_8_444_c1_w8_m1
decoder_matrix,asan,s_w8_r10_10_420_c0,8,0,0,3,9bf9ab89974726067666ebecd2613f0229c012e1f1f809f0bf9a6d8bab4f5973,False,PASS,safety_asan_s_w8_r10_10_420_c0_w8_m0
decoder_matrix,asan,s_w8_r10_10_420_c0,8,1,0,3,9bf9ab89974726067666ebecd2613f0229c012e1f1f809f0bf9a6d8bab4f5973,False,PASS,safety_asan_s_w8_r10_10_420_c0_w8_m1
decoder_matrix,asan,s_w8_r10_10_420_c1,8,0,0,3,c3b9b9d4dfef78fe00509a4ddae149c18b16f58ce816ead37a0d6b1bfda6e608,False,PASS,safety_asan_s_w8_r10_10_420_c1_w8_m0
decoder_matrix,asan,s_w8_r10_10_420_c1,8,1,0,3,c3b9b9d4dfef78fe00509a4ddae149c18b16f58ce816ead37a0d6b1bfda6e608,False,PASS,safety_asan_s_w8_r10_10_420_c1_w8_m1
decoder_matrix,asan,s_w8_r10_10_444_c0,8,0,0,3,27afea3539cbba2ac955da264d6b2dd86bbc4d33582a0d49f1a6bf670ad0cd17,False,PASS,safety_asan_s_w8_r10_10_444_c0_w8_m0
decoder_matrix,asan,s_w8_r10_10_444_c0,8,1,0,3,27afea3539cbba2ac955da264d6b2dd86bbc4d33582a0d49f1a6bf670ad0cd17,False,PASS,safety_asan_s_w8_r10_10_444_c0_w8_m1
decoder_matrix,asan,s_w8_r10_10_444_c1,8,0,0,3,32bc5f8f88777e1f51e253ee2ed05fc7269c5e183bb987c23fffa13c8ca4ae7c,False,PASS,safety_asan_s_w8_r10_10_444_c1_w8_m0
decoder_matrix,asan,s_w8_r10_10_444_c1,8,1,0,3,32bc5f8f88777e1f51e253ee2ed05fc7269c5e183bb987c23fffa13c8ca4ae7c,False,PASS,safety_asan_s_w8_r10_10_444_c1_w8_m1
decoder_matrix,asan,s_w8_r10_12_420_c0,8,0,0,3,f665c3e3cf885edbcde71f1a3d139ba4f7d90825f5f5ba0174f62d36aaed0a70,False,PASS,safety_asan_s_w8_r10_12_420_c0_w8_m0
decoder_matrix,asan,s_w8_r10_12_420_c0,8,1,0,3,f665c3e3cf885edbcde71f1a3d139ba4f7d90825f5f5ba0174f62d36aaed0a70,False,PASS,safety_asan_s_w8_r10_12_420_c0_w8_m1
decoder_matrix,asan,s_w8_r10_12_420_c1,8,0,0,3,f10e58d4362bdf81fe710c1f9ab715d01ae281a431a4a8573de5604edcfe0b55,False,PASS,safety_asan_s_w8_r10_12_420_c1_w8_m0
decoder_matrix,asan,s_w8_r10_12_420_c1,8,1,0,3,f10e58d4362bdf81fe710c1f9ab715d01ae281a431a4a8573de5604edcfe0b55,False,PASS,safety_asan_s_w8_r10_12_420_c1_w8_m1
decoder_matrix,asan,s_w8_r10_12_444_c0,8,0,0,3,7cbe050eeb7c40935bf845cb0b1b622feec53d031c8893b7cb37ad0c3f366edd,False,PASS,safety_asan_s_w8_r10_12_444_c0_w8_m0
decoder_matrix,asan,s_w8_r10_12_444_c0,8,1,0,3,7cbe050eeb7c40935bf845cb0b1b622feec53d031c8893b7cb37ad0c3f366edd,False,PASS,safety_asan_s_w8_r10_12_444_c0_w8_m1
decoder_matrix,asan,s_w8_r10_12_444_c1,8,0,0,3,61d7f16e202cdcb94a2b2a2ee84744de8b2c9424d8f0634050c02db0044402d6,False,PASS,safety_asan_s_w8_r10_12_444_c1_w8_m0
decoder_matrix,asan,s_w8_r10_12_444_c1,8,1,0,3,61d7f16e202cdcb94a2b2a2ee84744de8b2c9424d8f0634050c02db0044402d6,False,PASS,safety_asan_s_w8_r10_12_444_c1_w8_m1
decoder_matrix,asan,s_w8_r67_8_420_c0,8,0,0,3,ed62c3c2e1e2a85383401c35766ec67c4970ada029e873a9d7e564791f6f3604,False,PASS,safety_asan_s_w8_r67_8_420_c0_w8_m0
decoder_matrix,asan,s_w8_r67_8_420_c0,8,1,0,3,ed62c3c2e1e2a85383401c35766ec67c4970ada029e873a9d7e564791f6f3604,False,PASS,safety_asan_s_w8_r67_8_420_c0_w8_m1
decoder_matrix,asan,s_w8_r67_8_420_c1,8,0,0,3,0f5cc35ab3db96c25b356e2c391380ca2c61a05ee1114dd75f11dff8e6d4be48,False,PASS,safety_asan_s_w8_r67_8_420_c1_w8_m0
decoder_matrix,asan,s_w8_r67_8_420_c1,8,1,0,3,0f5cc35ab3db96c25b356e2c391380ca2c61a05ee1114dd75f11dff8e6d4be48,False,PASS,safety_asan_s_w8_r67_8_420_c1_w8_m1
decoder_matrix,asan,s_w8_r67_8_444_c0,8,0,0,3,deed8e71a650fc87877848d87253d4c675a18caa77a537d9a2f4819e43aef889,False,PASS,safety_asan_s_w8_r67_8_444_c0_w8_m0
decoder_matrix,asan,s_w8_r67_8_444_c0,8,1,0,3,deed8e71a650fc87877848d87253d4c675a18caa77a537d9a2f4819e43aef889,False,PASS,safety_asan_s_w8_r67_8_444_c0_w8_m1
decoder_matrix,asan,s_w8_r67_8_444_c1,8,0,0,3,1bc3e0f0cdf6a4aba2821b0380ef3c7a1f4ad799074bcc021aaf762b7f5d68e9,False,PASS,safety_asan_s_w8_r67_8_444_c1_w8_m0
decoder_matrix,asan,s_w8_r67_8_444_c1,8,1,0,3,1bc3e0f0cdf6a4aba2821b0380ef3c7a1f4ad799074bcc021aaf762b7f5d68e9,False,PASS,safety_asan_s_w8_r67_8_444_c1_w8_m1
decoder_matrix,asan,s_w8_r67_10_420_c0,8,0,0,3,ece1a424fde4eaede3e7d881aa7e8e40d27ed83e6debfddf17646a2c70070937,False,PASS,safety_asan_s_w8_r67_10_420_c0_w8_m0
decoder_matrix,asan,s_w8_r67_10_420_c0,8,1,0,3,ece1a424fde4eaede3e7d881aa7e8e40d27ed83e6debfddf17646a2c70070937,False,PASS,safety_asan_s_w8_r67_10_420_c0_w8_m1
decoder_matrix,asan,s_w8_r67_10_420_c1,8,0,0,3,a038da5a354b525a213dffa83a024ec44195b52ae0487b466b6d2fe9ed3bf4fd,False,PASS,safety_asan_s_w8_r67_10_420_c1_w8_m0
decoder_matrix,asan,s_w8_r67_10_420_c1,8,1,0,3,a038da5a354b525a213dffa83a024ec44195b52ae0487b466b6d2fe9ed3bf4fd,False,PASS,safety_asan_s_w8_r67_10_420_c1_w8_m1
decoder_matrix,asan,s_w8_r67_10_444_c0,8,0,0,3,17a12ddc54091629a22fd3804872505226044794725512e01e6cceb4c6db4a9f,False,PASS,safety_asan_s_w8_r67_10_444_c0_w8_m0
decoder_matrix,asan,s_w8_r67_10_444_c0,8,1,0,3,17a12ddc54091629a22fd3804872505226044794725512e01e6cceb4c6db4a9f,False,PASS,safety_asan_s_w8_r67_10_444_c0_w8_m1
decoder_matrix,asan,s_w8_r67_10_444_c1,8,0,0,3,9a773934e8867e050a4f15c89905d2e0f9b5862113933fd89d5a406449bb9d97,False,PASS,safety_asan_s_w8_r67_10_444_c1_w8_m0
decoder_matrix,asan,s_w8_r67_10_444_c1,8,1,0,3,9a773934e8867e050a4f15c89905d2e0f9b5862113933fd89d5a406449bb9d97,False,PASS,safety_asan_s_w8_r67_10_444_c1_w8_m1
decoder_matrix,asan,s_w8_r67_12_420_c0,8,0,0,3,9b9b3e52ab4ba0642ad4b8e98550751cf2f6610c48298db6f94ab04c9b05c06d,False,PASS,safety_asan_s_w8_r67_12_420_c0_w8_m0
decoder_matrix,asan,s_w8_r67_12_420_c0,8,1,0,3,9b9b3e52ab4ba0642ad4b8e98550751cf2f6610c48298db6f94ab04c9b05c06d,False,PASS,safety_asan_s_w8_r67_12_420_c0_w8_m1
decoder_matrix,asan,s_w8_r67_12_420_c1,8,0,0,3,ab050783289a1b8f6ec2cd264693a7135ace65bb9f8485cefea75d7cb5fe72e3,False,PASS,safety_asan_s_w8_r67_12_420_c1_w8_m0
decoder_matrix,asan,s_w8_r67_12_420_c1,8,1,0,3,ab050783289a1b8f6ec2cd264693a7135ace65bb9f8485cefea75d7cb5fe72e3,False,PASS,safety_asan_s_w8_r67_12_420_c1_w8_m1
decoder_matrix,asan,s_w8_r67_12_444_c0,8,0,0,3,1c9a7b5da137dfb3c8b62e0b9f5f43a8458326f15d0967f0921f4d905a3c49b4,False,PASS,safety_asan_s_w8_r67_12_444_c0_w8_m0
decoder_matrix,asan,s_w8_r67_12_444_c0,8,1,0,3,1c9a7b5da137dfb3c8b62e0b9f5f43a8458326f15d0967f0921f4d905a3c49b4,False,PASS,safety_asan_s_w8_r67_12_444_c0_w8_m1
decoder_matrix,asan,s_w8_r67_12_444_c1,8,0,0,3,bbfaf84418576d1578f4439869981aa02c811636425ef713f624a87912c7b956,False,PASS,safety_asan_s_w8_r67_12_444_c1_w8_m0
decoder_matrix,asan,s_w8_r67_12_444_c1,8,1,0,3,bbfaf84418576d1578f4439869981aa02c811636425ef713f624a87912c7b956,False,PASS,safety_asan_s_w8_r67_12_444_c1_w8_m1
decoder_matrix,asan,s_w16_r15_8_420_c0,16,0,0,3,7e321c6e86abfedfa64cd3ae5ea734c1ed3c3a98662245e6997fe6a32756983a,False,PASS,safety_asan_s_w16_r15_8_420_c0_w16_m0
decoder_matrix,asan,s_w16_r15_8_420_c0,16,1,0,3,7e321c6e86abfedfa64cd3ae5ea734c1ed3c3a98662245e6997fe6a32756983a,False,PASS,safety_asan_s_w16_r15_8_420_c0_w16_m1
decoder_matrix,asan,s_w16_r15_8_420_c1,16,0,0,3,9eb7a8792049f266a30fd479c5c0ef2f506e3e95fbb7061f0af48a01b0ebab3e,False,PASS,safety_asan_s_w16_r15_8_420_c1_w16_m0
decoder_matrix,asan,s_w16_r15_8_420_c1,16,1,0,3,9eb7a8792049f266a30fd479c5c0ef2f506e3e95fbb7061f0af48a01b0ebab3e,False,PASS,safety_asan_s_w16_r15_8_420_c1_w16_m1
decoder_matrix,asan,s_w16_r15_8_444_c0,16,0,0,3,88e59a9f90b8bca834ea8a64b32ced2e0058c9b99239368987b53113e2e036ac,False,PASS,safety_asan_s_w16_r15_8_444_c0_w16_m0
decoder_matrix,asan,s_w16_r15_8_444_c0,16,1,0,3,88e59a9f90b8bca834ea8a64b32ced2e0058c9b99239368987b53113e2e036ac,False,PASS,safety_asan_s_w16_r15_8_444_c0_w16_m1
decoder_matrix,asan,s_w16_r15_8_444_c1,16,0,0,3,42e2476a2241f8b1aa6d757f9416b5dff3f2fd8e88786a9fe8d2418d59dad522,False,PASS,safety_asan_s_w16_r15_8_444_c1_w16_m0
decoder_matrix,asan,s_w16_r15_8_444_c1,16,1,0,3,42e2476a2241f8b1aa6d757f9416b5dff3f2fd8e88786a9fe8d2418d59dad522,False,PASS,safety_asan_s_w16_r15_8_444_c1_w16_m1
decoder_matrix,asan,s_w16_r15_10_420_c0,16,0,0,3,7706a96944be8478dde322c27cbe3fc2503b85e324c31193f40f171b23017372,False,PASS,safety_asan_s_w16_r15_10_420_c0_w16_m0
decoder_matrix,asan,s_w16_r15_10_420_c0,16,1,0,3,7706a96944be8478dde322c27cbe3fc2503b85e324c31193f40f171b23017372,False,PASS,safety_asan_s_w16_r15_10_420_c0_w16_m1
decoder_matrix,asan,s_w16_r15_10_420_c1,16,0,0,3,ee6cedd66de801ad2b08708faec8ed170399dd3d06f586949886a7719ae9cfef,False,PASS,safety_asan_s_w16_r15_10_420_c1_w16_m0
decoder_matrix,asan,s_w16_r15_10_420_c1,16,1,0,3,ee6cedd66de801ad2b08708faec8ed170399dd3d06f586949886a7719ae9cfef,False,PASS,safety_asan_s_w16_r15_10_420_c1_w16_m1
decoder_matrix,asan,s_w16_r15_10_444_c0,16,0,0,3,9e427a8f8557dc09d60b0e38759b4562a7ac1a8ec70a2fe4b903ce2e727091f7,False,PASS,safety_asan_s_w16_r15_10_444_c0_w16_m0
decoder_matrix,asan,s_w16_r15_10_444_c0,16,1,0,3,9e427a8f8557dc09d60b0e38759b4562a7ac1a8ec70a2fe4b903ce2e727091f7,False,PASS,safety_asan_s_w16_r15_10_444_c0_w16_m1
decoder_matrix,asan,s_w16_r15_10_444_c1,16,0,0,3,932019ac5650627a46619078bdda1f643c1613cf04a43494d05d8730ce38bebf,False,PASS,safety_asan_s_w16_r15_10_444_c1_w16_m0
decoder_matrix,asan,s_w16_r15_10_444_c1,16,1,0,3,932019ac5650627a46619078bdda1f643c1613cf04a43494d05d8730ce38bebf,False,PASS,safety_asan_s_w16_r15_10_444_c1_w16_m1
decoder_matrix,asan,s_w16_r15_12_420_c0,16,0,0,3,b6f38fc4f1f1238c14f5ef91f5adba9b2beb57601e782a945a7b5d70d99a57b2,False,PASS,safety_asan_s_w16_r15_12_420_c0_w16_m0
decoder_matrix,asan,s_w16_r15_12_420_c0,16,1,0,3,b6f38fc4f1f1238c14f5ef91f5adba9b2beb57601e782a945a7b5d70d99a57b2,False,PASS,safety_asan_s_w16_r15_12_420_c0_w16_m1
decoder_matrix,asan,s_w16_r15_12_420_c1,16,0,0,3,61ebfbd7efee25a14c694fd4ce2e2542e35f3a130a75b6c6614d358350d23160,False,PASS,safety_asan_s_w16_r15_12_420_c1_w16_m0
decoder_matrix,asan,s_w16_r15_12_420_c1,16,1,0,3,61ebfbd7efee25a14c694fd4ce2e2542e35f3a130a75b6c6614d358350d23160,False,PASS,safety_asan_s_w16_r15_12_420_c1_w16_m1
decoder_matrix,asan,s_w16_r15_12_444_c0,16,0,0,3,06b8957cf968551604e4d0b368f03670cebda582f2bd0b74ec09a67d9c6c40b5,False,PASS,safety_asan_s_w16_r15_12_444_c0_w16_m0
decoder_matrix,asan,s_w16_r15_12_444_c0,16,1,0,3,06b8957cf968551604e4d0b368f03670cebda582f2bd0b74ec09a67d9c6c40b5,False,PASS,safety_asan_s_w16_r15_12_444_c0_w16_m1
decoder_matrix,asan,s_w16_r15_12_444_c1,16,0,0,3,50cf675f0b67b85b4cdf0c98f54018e15d390078b2be9b19f14ea93683577342,False,PASS,safety_asan_s_w16_r15_12_444_c1_w16_m0
decoder_matrix,asan,s_w16_r15_12_444_c1,16,1,0,3,50cf675f0b67b85b4cdf0c98f54018e15d390078b2be9b19f14ea93683577342,False,PASS,safety_asan_s_w16_r15_12_444_c1_w16_m1
decoder_matrix,asan,s_w16_r17_8_420_c0,16,0,0,3,92553246507f3739c827c92b2a18c65cf0404d16211482eb6594bd610893a0f0,False,PASS,safety_asan_s_w16_r17_8_420_c0_w16_m0
decoder_matrix,asan,s_w16_r17_8_420_c0,16,1,0,3,92553246507f3739c827c92b2a18c65cf0404d16211482eb6594bd610893a0f0,False,PASS,safety_asan_s_w16_r17_8_420_c0_w16_m1
decoder_matrix,asan,s_w16_r17_8_420_c1,16,0,0,3,4fadaacf0dff3767444295cc01ea78fd04bc34bed719b7d2d5866e4a70e0938e,False,PASS,safety_asan_s_w16_r17_8_420_c1_w16_m0
decoder_matrix,asan,s_w16_r17_8_420_c1,16,1,0,3,4fadaacf0dff3767444295cc01ea78fd04bc34bed719b7d2d5866e4a70e0938e,False,PASS,safety_asan_s_w16_r17_8_420_c1_w16_m1
decoder_matrix,asan,s_w16_r17_8_444_c0,16,0,0,3,930a288c2d7b2f57c755284254996a083aafb09bf6a3dfb69f5837c90226967c,False,PASS,safety_asan_s_w16_r17_8_444_c0_w16_m0
decoder_matrix,asan,s_w16_r17_8_444_c0,16,1,0,3,930a288c2d7b2f57c755284254996a083aafb09bf6a3dfb69f5837c90226967c,False,PASS,safety_asan_s_w16_r17_8_444_c0_w16_m1
decoder_matrix,asan,s_w16_r17_8_444_c1,16,0,0,3,f0c57b2f1cc68ad975f2ff769133ffb6392c5f7f0a2d15c9940910f7d44e3a44,False,PASS,safety_asan_s_w16_r17_8_444_c1_w16_m0
decoder_matrix,asan,s_w16_r17_8_444_c1,16,1,0,3,f0c57b2f1cc68ad975f2ff769133ffb6392c5f7f0a2d15c9940910f7d44e3a44,False,PASS,safety_asan_s_w16_r17_8_444_c1_w16_m1
decoder_matrix,asan,s_w16_r17_10_420_c0,16,0,0,3,516953d4a1d05636d7f92e7c1e8bf72b1a1c1c1b531e6a8cd0b92eda946b619d,False,PASS,safety_asan_s_w16_r17_10_420_c0_w16_m0
decoder_matrix,asan,s_w16_r17_10_420_c0,16,1,0,3,516953d4a1d05636d7f92e7c1e8bf72b1a1c1c1b531e6a8cd0b92eda946b619d,False,PASS,safety_asan_s_w16_r17_10_420_c0_w16_m1
decoder_matrix,asan,s_w16_r17_10_420_c1,16,0,0,3,38fc8f60a131f7dfc2a8e52f65ee87ada497a0b73449226697c08d13c58a1521,False,PASS,safety_asan_s_w16_r17_10_420_c1_w16_m0
decoder_matrix,asan,s_w16_r17_10_420_c1,16,1,0,3,38fc8f60a131f7dfc2a8e52f65ee87ada497a0b73449226697c08d13c58a1521,False,PASS,safety_asan_s_w16_r17_10_420_c1_w16_m1
decoder_matrix,asan,s_w16_r17_10_444_c0,16,0,0,3,aefbeb15a485f1b83991e8deb644c5547dae0e5605f0d32843c84a1b3d8e47fb,False,PASS,safety_asan_s_w16_r17_10_444_c0_w16_m0
decoder_matrix,asan,s_w16_r17_10_444_c0,16,1,0,3,aefbeb15a485f1b83991e8deb644c5547dae0e5605f0d32843c84a1b3d8e47fb,False,PASS,safety_asan_s_w16_r17_10_444_c0_w16_m1
decoder_matrix,asan,s_w16_r17_10_444_c1,16,0,0,3,719f300699d24b30cf2f1d82afb4dfa0417c02fb5df8fce082bd9aba96db3133,False,PASS,safety_asan_s_w16_r17_10_444_c1_w16_m0
decoder_matrix,asan,s_w16_r17_10_444_c1,16,1,0,3,719f300699d24b30cf2f1d82afb4dfa0417c02fb5df8fce082bd9aba96db3133,False,PASS,safety_asan_s_w16_r17_10_444_c1_w16_m1
decoder_matrix,asan,s_w16_r17_12_420_c0,16,0,0,3,df318840accda2f7937f2107a0019f0a7d486d1b20c804e62d45007d2b5a3476,False,PASS,safety_asan_s_w16_r17_12_420_c0_w16_m0
decoder_matrix,asan,s_w16_r17_12_420_c0,16,1,0,3,df318840accda2f7937f2107a0019f0a7d486d1b20c804e62d45007d2b5a3476,False,PASS,safety_asan_s_w16_r17_12_420_c0_w16_m1
decoder_matrix,asan,s_w16_r17_12_420_c1,16,0,0,3,64c9ff4674c4ef8091bb87de9386466aaeeef9b1ec5451d312a93c391afd4d77,False,PASS,safety_asan_s_w16_r17_12_420_c1_w16_m0
decoder_matrix,asan,s_w16_r17_12_420_c1,16,1,0,3,64c9ff4674c4ef8091bb87de9386466aaeeef9b1ec5451d312a93c391afd4d77,False,PASS,safety_asan_s_w16_r17_12_420_c1_w16_m1
decoder_matrix,asan,s_w16_r17_12_444_c0,16,0,0,3,9fc273a1674270ee4690101cde5b7db9cff7ba4a52f36632d6caf983c6b8637f,False,PASS,safety_asan_s_w16_r17_12_444_c0_w16_m0
decoder_matrix,asan,s_w16_r17_12_444_c0,16,1,0,3,9fc273a1674270ee4690101cde5b7db9cff7ba4a52f36632d6caf983c6b8637f,False,PASS,safety_asan_s_w16_r17_12_444_c0_w16_m1
decoder_matrix,asan,s_w16_r17_12_444_c1,16,0,0,3,975c8b2073df8c087d7577c6a8e83d71fd2d50c8a816893ffc7dd8071937e8fd,False,PASS,safety_asan_s_w16_r17_12_444_c1_w16_m0
decoder_matrix,asan,s_w16_r17_12_444_c1,16,1,0,3,975c8b2073df8c087d7577c6a8e83d71fd2d50c8a816893ffc7dd8071937e8fd,False,PASS,safety_asan_s_w16_r17_12_444_c1_w16_m1
decoder_matrix,asan,s_w16_r18_8_420_c0,16,0,0,3,132a0905f9c0d11a03cbb5f166e7f2926f7a5f8ce6558e7f76930236f7507a02,False,PASS,safety_asan_s_w16_r18_8_420_c0_w16_m0
decoder_matrix,asan,s_w16_r18_8_420_c0,16,1,0,3,132a0905f9c0d11a03cbb5f166e7f2926f7a5f8ce6558e7f76930236f7507a02,False,PASS,safety_asan_s_w16_r18_8_420_c0_w16_m1
decoder_matrix,asan,s_w16_r18_8_420_c1,16,0,0,3,7d71819af02ec1d9b3cedfbc3b19fde1f66503c33ee4b43365562aa912df50a6,False,PASS,safety_asan_s_w16_r18_8_420_c1_w16_m0
decoder_matrix,asan,s_w16_r18_8_420_c1,16,1,0,3,7d71819af02ec1d9b3cedfbc3b19fde1f66503c33ee4b43365562aa912df50a6,False,PASS,safety_asan_s_w16_r18_8_420_c1_w16_m1
decoder_matrix,asan,s_w16_r18_8_444_c0,16,0,0,3,ae187697574017ca72f541ca158f8aa91f1163911810b9f4ecf951d89df15a16,False,PASS,safety_asan_s_w16_r18_8_444_c0_w16_m0
decoder_matrix,asan,s_w16_r18_8_444_c0,16,1,0,3,ae187697574017ca72f541ca158f8aa91f1163911810b9f4ecf951d89df15a16,False,PASS,safety_asan_s_w16_r18_8_444_c0_w16_m1
decoder_matrix,asan,s_w16_r18_8_444_c1,16,0,0,3,0b5eac090552c0dd9240d0052c1b253ac357137be4899660a92f25f977914a7d,False,PASS,safety_asan_s_w16_r18_8_444_c1_w16_m0
decoder_matrix,asan,s_w16_r18_8_444_c1,16,1,0,3,0b5eac090552c0dd9240d0052c1b253ac357137be4899660a92f25f977914a7d,False,PASS,safety_asan_s_w16_r18_8_444_c1_w16_m1
decoder_matrix,asan,s_w16_r18_10_420_c0,16,0,0,3,67939693eb35384ef262810ee03dfaca7ab6837248e047b1d22e9b9a2fdf5ce4,False,PASS,safety_asan_s_w16_r18_10_420_c0_w16_m0
decoder_matrix,asan,s_w16_r18_10_420_c0,16,1,0,3,67939693eb35384ef262810ee03dfaca7ab6837248e047b1d22e9b9a2fdf5ce4,False,PASS,safety_asan_s_w16_r18_10_420_c0_w16_m1
decoder_matrix,asan,s_w16_r18_10_420_c1,16,0,0,3,c0c136a0d4b46a06303e4d11a02a4afbb223c6484d08d3242c07952bc4f6af34,False,PASS,safety_asan_s_w16_r18_10_420_c1_w16_m0
decoder_matrix,asan,s_w16_r18_10_420_c1,16,1,0,3,c0c136a0d4b46a06303e4d11a02a4afbb223c6484d08d3242c07952bc4f6af34,False,PASS,safety_asan_s_w16_r18_10_420_c1_w16_m1
decoder_matrix,asan,s_w16_r18_10_444_c0,16,0,0,3,ecafa95f56715e22566b09c78570c52a9587e869e8d8167032f1e87543510539,False,PASS,safety_asan_s_w16_r18_10_444_c0_w16_m0
decoder_matrix,asan,s_w16_r18_10_444_c0,16,1,0,3,ecafa95f56715e22566b09c78570c52a9587e869e8d8167032f1e87543510539,False,PASS,safety_asan_s_w16_r18_10_444_c0_w16_m1
decoder_matrix,asan,s_w16_r18_10_444_c1,16,0,0,3,19909346cbda2575f25af56cc395bbdc47d1f8488048296c2eabf73b9122b7e8,False,PASS,safety_asan_s_w16_r18_10_444_c1_w16_m0
decoder_matrix,asan,s_w16_r18_10_444_c1,16,1,0,3,19909346cbda2575f25af56cc395bbdc47d1f8488048296c2eabf73b9122b7e8,False,PASS,safety_asan_s_w16_r18_10_444_c1_w16_m1
decoder_matrix,asan,s_w16_r18_12_420_c0,16,0,0,3,7b830bafdef9b417db71815e4bc2afed5a8259a2837e2d086a564ff9015414af,False,PASS,safety_asan_s_w16_r18_12_420_c0_w16_m0
decoder_matrix,asan,s_w16_r18_12_420_c0,16,1,0,3,7b830bafdef9b417db71815e4bc2afed5a8259a2837e2d086a564ff9015414af,False,PASS,safety_asan_s_w16_r18_12_420_c0_w16_m1
decoder_matrix,asan,s_w16_r18_12_420_c1,16,0,0,3,93d01769e2eca4d32b288aa52a67286bf9cd7c5a26ed22c91eded6924252af96,False,PASS,safety_asan_s_w16_r18_12_420_c1_w16_m0
decoder_matrix,asan,s_w16_r18_12_420_c1,16,1,0,3,93d01769e2eca4d32b288aa52a67286bf9cd7c5a26ed22c91eded6924252af96,False,PASS,safety_asan_s_w16_r18_12_420_c1_w16_m1
decoder_matrix,asan,s_w16_r18_12_444_c0,16,0,0,3,4dcddb279e81505694614925890597119f937825f448b6a9201a9b47256b6caa,False,PASS,safety_asan_s_w16_r18_12_444_c0_w16_m0
decoder_matrix,asan,s_w16_r18_12_444_c0,16,1,0,3,4dcddb279e81505694614925890597119f937825f448b6a9201a9b47256b6caa,False,PASS,safety_asan_s_w16_r18_12_444_c0_w16_m1
decoder_matrix,asan,s_w16_r18_12_444_c1,16,0,0,3,843c7240cda427f06573f0c6b7b725a65463586cba150fbe2c3947ddcee25510,False,PASS,safety_asan_s_w16_r18_12_444_c1_w16_m0
decoder_matrix,asan,s_w16_r18_12_444_c1,16,1,0,3,843c7240cda427f06573f0c6b7b725a65463586cba150fbe2c3947ddcee25510,False,PASS,safety_asan_s_w16_r18_12_444_c1_w16_m1
decoder_matrix,asan,s_w16_r131_8_420_c0,16,0,0,3,d84580966e1c661e1bf8b1571b03e8c8733bb92049d41d4f7cabba8d907373eb,False,PASS,safety_asan_s_w16_r131_8_420_c0_w16_m0
decoder_matrix,asan,s_w16_r131_8_420_c0,16,1,0,3,d84580966e1c661e1bf8b1571b03e8c8733bb92049d41d4f7cabba8d907373eb,False,PASS,safety_asan_s_w16_r131_8_420_c0_w16_m1
decoder_matrix,asan,s_w16_r131_8_420_c1,16,0,0,3,8143933a87a8362a6da0310444d0db14f9a478b778800f01dea79003b31e3a23,False,PASS,safety_asan_s_w16_r131_8_420_c1_w16_m0
decoder_matrix,asan,s_w16_r131_8_420_c1,16,1,0,3,8143933a87a8362a6da0310444d0db14f9a478b778800f01dea79003b31e3a23,False,PASS,safety_asan_s_w16_r131_8_420_c1_w16_m1
decoder_matrix,asan,s_w16_r131_8_444_c0,16,0,0,3,9facff1071583fd51590f0aa357e6ccf779d45a7b32010c9a19f79c4cd3dd0a4,False,PASS,safety_asan_s_w16_r131_8_444_c0_w16_m0
decoder_matrix,asan,s_w16_r131_8_444_c0,16,1,0,3,9facff1071583fd51590f0aa357e6ccf779d45a7b32010c9a19f79c4cd3dd0a4,False,PASS,safety_asan_s_w16_r131_8_444_c0_w16_m1
decoder_matrix,asan,s_w16_r131_8_444_c1,16,0,0,3,ce3b3a80d0fade7d1d005020d91cab40bceecf30402ae6f79f49798c75506536,False,PASS,safety_asan_s_w16_r131_8_444_c1_w16_m0
decoder_matrix,asan,s_w16_r131_8_444_c1,16,1,0,3,ce3b3a80d0fade7d1d005020d91cab40bceecf30402ae6f79f49798c75506536,False,PASS,safety_asan_s_w16_r131_8_444_c1_w16_m1
decoder_matrix,asan,s_w16_r131_10_420_c0,16,0,0,3,f722a4d0d3299547f1b0f2a890a797a6a6ebd9a8ad6afe322ae83bba7e649402,False,PASS,safety_asan_s_w16_r131_10_420_c0_w16_m0
decoder_matrix,asan,s_w16_r131_10_420_c0,16,1,0,3,f722a4d0d3299547f1b0f2a890a797a6a6ebd9a8ad6afe322ae83bba7e649402,False,PASS,safety_asan_s_w16_r131_10_420_c0_w16_m1
decoder_matrix,asan,s_w16_r131_10_420_c1,16,0,0,3,08e1f6b24e6700933fe56478ed70e744d61a013614f9749f1c93ff20dd4cb7a2,False,PASS,safety_asan_s_w16_r131_10_420_c1_w16_m0
decoder_matrix,asan,s_w16_r131_10_420_c1,16,1,0,3,08e1f6b24e6700933fe56478ed70e744d61a013614f9749f1c93ff20dd4cb7a2,False,PASS,safety_asan_s_w16_r131_10_420_c1_w16_m1
decoder_matrix,asan,s_w16_r131_10_444_c0,16,0,0,3,8a1c46cb37a327823acd3ef5d2facbb137489b7c5499302c7a426d3f1309caaa,False,PASS,safety_asan_s_w16_r131_10_444_c0_w16_m0
decoder_matrix,asan,s_w16_r131_10_444_c0,16,1,0,3,8a1c46cb37a327823acd3ef5d2facbb137489b7c5499302c7a426d3f1309caaa,False,PASS,safety_asan_s_w16_r131_10_444_c0_w16_m1
decoder_matrix,asan,s_w16_r131_10_444_c1,16,0,0,3,e4aae582839b4b68522c715f4971f83e28f65d84c6294a80329e9c2cf5db4798,False,PASS,safety_asan_s_w16_r131_10_444_c1_w16_m0
decoder_matrix,asan,s_w16_r131_10_444_c1,16,1,0,3,e4aae582839b4b68522c715f4971f83e28f65d84c6294a80329e9c2cf5db4798,False,PASS,safety_asan_s_w16_r131_10_444_c1_w16_m1
decoder_matrix,asan,s_w16_r131_12_420_c0,16,0,0,3,d2f8f0186fbef2a63c949dafc6998f103e21bf327e5b08213a348fe4cafb60e2,False,PASS,safety_asan_s_w16_r131_12_420_c0_w16_m0
decoder_matrix,asan,s_w16_r131_12_420_c0,16,1,0,3,d2f8f0186fbef2a63c949dafc6998f103e21bf327e5b08213a348fe4cafb60e2,False,PASS,safety_asan_s_w16_r131_12_420_c0_w16_m1
decoder_matrix,asan,s_w16_r131_12_420_c1,16,0,0,3,e91f2e4c2f481423ffe72bc4ee8f3d6af840874f6c37afa87b7bf398d67c54e5,False,PASS,safety_asan_s_w16_r131_12_420_c1_w16_m0
decoder_matrix,asan,s_w16_r131_12_420_c1,16,1,0,3,e91f2e4c2f481423ffe72bc4ee8f3d6af840874f6c37afa87b7bf398d67c54e5,False,PASS,safety_asan_s_w16_r131_12_420_c1_w16_m1
decoder_matrix,asan,s_w16_r131_12_444_c0,16,0,0,3,1d03c231dc92c4c1163eada220c0aba0be1a54c3d4910e40176169d8ab2d4bd6,False,PASS,safety_asan_s_w16_r131_12_444_c0_w16_m0
decoder_matrix,asan,s_w16_r131_12_444_c0,16,1,0,3,1d03c231dc92c4c1163eada220c0aba0be1a54c3d4910e40176169d8ab2d4bd6,False,PASS,safety_asan_s_w16_r131_12_444_c0_w16_m1
decoder_matrix,asan,s_w16_r131_12_444_c1,16,0,0,3,ee07a657cc53462c12167a34907dc53f34e0fca38a5065b17ee0d6bc4ee7ed7e,False,PASS,safety_asan_s_w16_r131_12_444_c1_w16_m0
decoder_matrix,asan,s_w16_r131_12_444_c1,16,1,0,3,ee07a657cc53462c12167a34907dc53f34e0fca38a5065b17ee0d6bc4ee7ed7e,False,PASS,safety_asan_s_w16_r131_12_444_c1_w16_m1
decoder_matrix,asan,sequence_8_420,1,0,0,21,07bb833b1ecabde88fc2fc9afeb31fe7b29d58af2da433300b0c963ff947b7e6,False,PASS,safety_asan_sequence_8_420_w1_m0
decoder_matrix,asan,sequence_8_420,1,1,0,21,07bb833b1ecabde88fc2fc9afeb31fe7b29d58af2da433300b0c963ff947b7e6,False,PASS,safety_asan_sequence_8_420_w1_m1
decoder_matrix,asan,sequence_8_420,2,0,0,21,07bb833b1ecabde88fc2fc9afeb31fe7b29d58af2da433300b0c963ff947b7e6,False,PASS,safety_asan_sequence_8_420_w2_m0
decoder_matrix,asan,sequence_8_420,2,1,0,21,07bb833b1ecabde88fc2fc9afeb31fe7b29d58af2da433300b0c963ff947b7e6,False,PASS,safety_asan_sequence_8_420_w2_m1
decoder_matrix,asan,sequence_8_420,8,0,0,21,07bb833b1ecabde88fc2fc9afeb31fe7b29d58af2da433300b0c963ff947b7e6,False,PASS,safety_asan_sequence_8_420_w8_m0
decoder_matrix,asan,sequence_8_420,8,1,0,21,07bb833b1ecabde88fc2fc9afeb31fe7b29d58af2da433300b0c963ff947b7e6,False,PASS,safety_asan_sequence_8_420_w8_m1
decoder_matrix,asan,sequence_8_420,16,0,0,21,07bb833b1ecabde88fc2fc9afeb31fe7b29d58af2da433300b0c963ff947b7e6,False,PASS,safety_asan_sequence_8_420_w16_m0
decoder_matrix,asan,sequence_8_420,16,1,0,21,07bb833b1ecabde88fc2fc9afeb31fe7b29d58af2da433300b0c963ff947b7e6,False,PASS,safety_asan_sequence_8_420_w16_m1
decoder_matrix,asan,sequence_8_444,1,0,0,21,fb70a8f3b758cee70f4bc548b6329c0b415c1e883aa73cf4554aa91e9ba31d15,False,PASS,safety_asan_sequence_8_444_w1_m0
decoder_matrix,asan,sequence_8_444,1,1,0,21,fb70a8f3b758cee70f4bc548b6329c0b415c1e883aa73cf4554aa91e9ba31d15,False,PASS,safety_asan_sequence_8_444_w1_m1
decoder_matrix,asan,sequence_8_444,2,0,0,21,fb70a8f3b758cee70f4bc548b6329c0b415c1e883aa73cf4554aa91e9ba31d15,False,PASS,safety_asan_sequence_8_444_w2_m0
decoder_matrix,asan,sequence_8_444,2,1,0,21,fb70a8f3b758cee70f4bc548b6329c0b415c1e883aa73cf4554aa91e9ba31d15,False,PASS,safety_asan_sequence_8_444_w2_m1
decoder_matrix,asan,sequence_8_444,8,0,0,21,fb70a8f3b758cee70f4bc548b6329c0b415c1e883aa73cf4554aa91e9ba31d15,False,PASS,safety_asan_sequence_8_444_w8_m0
decoder_matrix,asan,sequence_8_444,8,1,0,21,fb70a8f3b758cee70f4bc548b6329c0b415c1e883aa73cf4554aa91e9ba31d15,False,PASS,safety_asan_sequence_8_444_w8_m1
decoder_matrix,asan,sequence_8_444,16,0,0,21,fb70a8f3b758cee70f4bc548b6329c0b415c1e883aa73cf4554aa91e9ba31d15,False,PASS,safety_asan_sequence_8_444_w16_m0
decoder_matrix,asan,sequence_8_444,16,1,0,21,fb70a8f3b758cee70f4bc548b6329c0b415c1e883aa73cf4554aa91e9ba31d15,False,PASS,safety_asan_sequence_8_444_w16_m1
decoder_matrix,asan,sequence_10_420,1,0,0,21,679d1d9250e738a81eaaeab4549ef34d2ea20913bfd665c37842bbb9ac0cc156,False,PASS,safety_asan_sequence_10_420_w1_m0
decoder_matrix,asan,sequence_10_420,1,1,0,21,679d1d9250e738a81eaaeab4549ef34d2ea20913bfd665c37842bbb9ac0cc156,False,PASS,safety_asan_sequence_10_420_w1_m1
decoder_matrix,asan,sequence_10_420,2,0,0,21,679d1d9250e738a81eaaeab4549ef34d2ea20913bfd665c37842bbb9ac0cc156,False,PASS,safety_asan_sequence_10_420_w2_m0
decoder_matrix,asan,sequence_10_420,2,1,0,21,679d1d9250e738a81eaaeab4549ef34d2ea20913bfd665c37842bbb9ac0cc156,False,PASS,safety_asan_sequence_10_420_w2_m1
decoder_matrix,asan,sequence_10_420,8,0,0,21,679d1d9250e738a81eaaeab4549ef34d2ea20913bfd665c37842bbb9ac0cc156,False,PASS,safety_asan_sequence_10_420_w8_m0
decoder_matrix,asan,sequence_10_420,8,1,0,21,679d1d9250e738a81eaaeab4549ef34d2ea20913bfd665c37842bbb9ac0cc156,False,PASS,safety_asan_sequence_10_420_w8_m1
decoder_matrix,asan,sequence_10_420,16,0,0,21,679d1d9250e738a81eaaeab4549ef34d2ea20913bfd665c37842bbb9ac0cc156,False,PASS,safety_asan_sequence_10_420_w16_m0
decoder_matrix,asan,sequence_10_420,16,1,0,21,679d1d9250e738a81eaaeab4549ef34d2ea20913bfd665c37842bbb9ac0cc156,False,PASS,safety_asan_sequence_10_420_w16_m1
decoder_matrix,asan,sequence_10_444,1,0,0,21,3c3889d88fe938e9ba84c711dc99f891457f96996c8cb7cbccd5c96e5ab99cec,False,PASS,safety_asan_sequence_10_444_w1_m0
decoder_matrix,asan,sequence_10_444,1,1,0,21,3c3889d88fe938e9ba84c711dc99f891457f96996c8cb7cbccd5c96e5ab99cec,False,PASS,safety_asan_sequence_10_444_w1_m1
decoder_matrix,asan,sequence_10_444,2,0,0,21,3c3889d88fe938e9ba84c711dc99f891457f96996c8cb7cbccd5c96e5ab99cec,False,PASS,safety_asan_sequence_10_444_w2_m0
decoder_matrix,asan,sequence_10_444,2,1,0,21,3c3889d88fe938e9ba84c711dc99f891457f96996c8cb7cbccd5c96e5ab99cec,False,PASS,safety_asan_sequence_10_444_w2_m1
decoder_matrix,asan,sequence_10_444,8,0,0,21,3c3889d88fe938e9ba84c711dc99f891457f96996c8cb7cbccd5c96e5ab99cec,False,PASS,safety_asan_sequence_10_444_w8_m0
decoder_matrix,asan,sequence_10_444,8,1,0,21,3c3889d88fe938e9ba84c711dc99f891457f96996c8cb7cbccd5c96e5ab99cec,False,PASS,safety_asan_sequence_10_444_w8_m1
decoder_matrix,asan,sequence_10_444,16,0,0,21,3c3889d88fe938e9ba84c711dc99f891457f96996c8cb7cbccd5c96e5ab99cec,False,PASS,safety_asan_sequence_10_444_w16_m0
decoder_matrix,asan,sequence_10_444,16,1,0,21,3c3889d88fe938e9ba84c711dc99f891457f96996c8cb7cbccd5c96e5ab99cec,False,PASS,safety_asan_sequence_10_444_w16_m1
decoder_matrix,asan,sequence_12_420,1,0,0,21,2659ae6933402971c50b63873ec01c89b6c793bde93466ca79a135a31b6f31a3,False,PASS,safety_asan_sequence_12_420_w1_m0
decoder_matrix,asan,sequence_12_420,1,1,0,21,2659ae6933402971c50b63873ec01c89b6c793bde93466ca79a135a31b6f31a3,False,PASS,safety_asan_sequence_12_420_w1_m1
decoder_matrix,asan,sequence_12_420,2,0,0,21,2659ae6933402971c50b63873ec01c89b6c793bde93466ca79a135a31b6f31a3,False,PASS,safety_asan_sequence_12_420_w2_m0
decoder_matrix,asan,sequence_12_420,2,1,0,21,2659ae6933402971c50b63873ec01c89b6c793bde93466ca79a135a31b6f31a3,False,PASS,safety_asan_sequence_12_420_w2_m1
decoder_matrix,asan,sequence_12_420,8,0,0,21,2659ae6933402971c50b63873ec01c89b6c793bde93466ca79a135a31b6f31a3,False,PASS,safety_asan_sequence_12_420_w8_m0
decoder_matrix,asan,sequence_12_420,8,1,0,21,2659ae6933402971c50b63873ec01c89b6c793bde93466ca79a135a31b6f31a3,False,PASS,safety_asan_sequence_12_420_w8_m1
decoder_matrix,asan,sequence_12_420,16,0,0,21,2659ae6933402971c50b63873ec01c89b6c793bde93466ca79a135a31b6f31a3,False,PASS,safety_asan_sequence_12_420_w16_m0
decoder_matrix,asan,sequence_12_420,16,1,0,21,2659ae6933402971c50b63873ec01c89b6c793bde93466ca79a135a31b6f31a3,False,PASS,safety_asan_sequence_12_420_w16_m1
decoder_matrix,asan,sequence_12_444,1,0,0,21,6662ecd55ef2f52d00903e2f79a1956ef64c5444960398e22e42656560386ce0,False,PASS,safety_asan_sequence_12_444_w1_m0
decoder_matrix,asan,sequence_12_444,1,1,0,21,6662ecd55ef2f52d00903e2f79a1956ef64c5444960398e22e42656560386ce0,False,PASS,safety_asan_sequence_12_444_w1_m1
decoder_matrix,asan,sequence_12_444,2,0,0,21,6662ecd55ef2f52d00903e2f79a1956ef64c5444960398e22e42656560386ce0,False,PASS,safety_asan_sequence_12_444_w2_m0
decoder_matrix,asan,sequence_12_444,2,1,0,21,6662ecd55ef2f52d00903e2f79a1956ef64c5444960398e22e42656560386ce0,False,PASS,safety_asan_sequence_12_444_w2_m1
decoder_matrix,asan,sequence_12_444,8,0,0,21,6662ecd55ef2f52d00903e2f79a1956ef64c5444960398e22e42656560386ce0,False,PASS,safety_asan_sequence_12_444_w8_m0
decoder_matrix,asan,sequence_12_444,8,1,0,21,6662ecd55ef2f52d00903e2f79a1956ef64c5444960398e22e42656560386ce0,False,PASS,safety_asan_sequence_12_444_w8_m1
decoder_matrix,asan,sequence_12_444,16,0,0,21,6662ecd55ef2f52d00903e2f79a1956ef64c5444960398e22e42656560386ce0,False,PASS,safety_asan_sequence_12_444_w16_m0
decoder_matrix,asan,sequence_12_444,16,1,0,21,6662ecd55ef2f52d00903e2f79a1956ef64c5444960398e22e42656560386ce0,False,PASS,safety_asan_sequence_12_444_w16_m1
decoder_matrix,tsan,s_w1_r1_8_420_c0,1,0,0,3,9543a0fcc37023bcc43189b408123b65fcad8cf16cf61a1b382542390147d0c8,False,PASS,safety_tsan_s_w1_r1_8_420_c0_w1_m0
decoder_matrix,tsan,s_w1_r1_8_420_c0,1,1,0,3,9543a0fcc37023bcc43189b408123b65fcad8cf16cf61a1b382542390147d0c8,False,PASS,safety_tsan_s_w1_r1_8_420_c0_w1_m1
decoder_matrix,tsan,s_w1_r1_8_420_c1,1,0,0,3,f72ec11dde05cc90b20c70187667b18fd481aeaa3f897ec70e730b0cdc6bfb1a,False,PASS,safety_tsan_s_w1_r1_8_420_c1_w1_m0
decoder_matrix,tsan,s_w1_r1_8_420_c1,1,1,0,3,f72ec11dde05cc90b20c70187667b18fd481aeaa3f897ec70e730b0cdc6bfb1a,False,PASS,safety_tsan_s_w1_r1_8_420_c1_w1_m1
decoder_matrix,tsan,s_w1_r1_8_444_c0,1,0,0,3,129ed30da9651aff7cca78facf8d31bfe0c5df5c248312fbb21a58acaa19640a,False,PASS,safety_tsan_s_w1_r1_8_444_c0_w1_m0
decoder_matrix,tsan,s_w1_r1_8_444_c0,1,1,0,3,129ed30da9651aff7cca78facf8d31bfe0c5df5c248312fbb21a58acaa19640a,False,PASS,safety_tsan_s_w1_r1_8_444_c0_w1_m1
decoder_matrix,tsan,s_w1_r1_8_444_c1,1,0,0,3,fbf54c718edfb2690b3556dde0af6a10e200c2552850668bd1d198ba8709f1c9,False,PASS,safety_tsan_s_w1_r1_8_444_c1_w1_m0
decoder_matrix,tsan,s_w1_r1_8_444_c1,1,1,0,3,fbf54c718edfb2690b3556dde0af6a10e200c2552850668bd1d198ba8709f1c9,False,PASS,safety_tsan_s_w1_r1_8_444_c1_w1_m1
decoder_matrix,tsan,s_w1_r1_10_420_c0,1,0,0,3,8acf9831151e5aaf2181f4a9017b205c1aaa27dfaa35ab5b42470e5f81ae1908,False,PASS,safety_tsan_s_w1_r1_10_420_c0_w1_m0
decoder_matrix,tsan,s_w1_r1_10_420_c0,1,1,0,3,8acf9831151e5aaf2181f4a9017b205c1aaa27dfaa35ab5b42470e5f81ae1908,False,PASS,safety_tsan_s_w1_r1_10_420_c0_w1_m1
decoder_matrix,tsan,s_w1_r1_10_420_c1,1,0,0,3,0223bd104da2aba19bb7e0d2a3eb8a28715fa10dce82fe9022be429165338a3a,False,PASS,safety_tsan_s_w1_r1_10_420_c1_w1_m0
decoder_matrix,tsan,s_w1_r1_10_420_c1,1,1,0,3,0223bd104da2aba19bb7e0d2a3eb8a28715fa10dce82fe9022be429165338a3a,False,PASS,safety_tsan_s_w1_r1_10_420_c1_w1_m1
decoder_matrix,tsan,s_w1_r1_10_444_c0,1,0,0,3,01c59f38fc4478e889d9780e7ebea367e5c8ad02f847a872ca2467eeaf8cd780,False,PASS,safety_tsan_s_w1_r1_10_444_c0_w1_m0
decoder_matrix,tsan,s_w1_r1_10_444_c0,1,1,0,3,01c59f38fc4478e889d9780e7ebea367e5c8ad02f847a872ca2467eeaf8cd780,False,PASS,safety_tsan_s_w1_r1_10_444_c0_w1_m1
decoder_matrix,tsan,s_w1_r1_10_444_c1,1,0,0,3,b994600cd6275f6f2622b32c1b8975c6e17170d162c0554957dea278eb2a0c3d,False,PASS,safety_tsan_s_w1_r1_10_444_c1_w1_m0
decoder_matrix,tsan,s_w1_r1_10_444_c1,1,1,0,3,b994600cd6275f6f2622b32c1b8975c6e17170d162c0554957dea278eb2a0c3d,False,PASS,safety_tsan_s_w1_r1_10_444_c1_w1_m1
decoder_matrix,tsan,s_w1_r1_12_420_c0,1,0,0,3,bf31ec4a6553b4375e68b5687c74bdeb771c0ae7d4f099e06c5949bf19443747,False,PASS,safety_tsan_s_w1_r1_12_420_c0_w1_m0
decoder_matrix,tsan,s_w1_r1_12_420_c0,1,1,0,3,bf31ec4a6553b4375e68b5687c74bdeb771c0ae7d4f099e06c5949bf19443747,False,PASS,safety_tsan_s_w1_r1_12_420_c0_w1_m1
decoder_matrix,tsan,s_w1_r1_12_420_c1,1,0,0,3,fff85ad1abe97c165543cc3f7a1518f9d58f52df06fd1654a8bbb50648050f54,False,PASS,safety_tsan_s_w1_r1_12_420_c1_w1_m0
decoder_matrix,tsan,s_w1_r1_12_420_c1,1,1,0,3,fff85ad1abe97c165543cc3f7a1518f9d58f52df06fd1654a8bbb50648050f54,False,PASS,safety_tsan_s_w1_r1_12_420_c1_w1_m1
decoder_matrix,tsan,s_w1_r1_12_444_c0,1,0,0,3,c8caf6981bf765f8d891668d892a8dbda2135d413f6fe1bcb630dbfe9f3faead,False,PASS,safety_tsan_s_w1_r1_12_444_c0_w1_m0
decoder_matrix,tsan,s_w1_r1_12_444_c0,1,1,0,3,c8caf6981bf765f8d891668d892a8dbda2135d413f6fe1bcb630dbfe9f3faead,False,PASS,safety_tsan_s_w1_r1_12_444_c0_w1_m1
decoder_matrix,tsan,s_w1_r1_12_444_c1,1,0,0,3,59066f9f3a6aacd91acd524068260819b5e38f269844ebb3a2dd38761b84afed,False,PASS,safety_tsan_s_w1_r1_12_444_c1_w1_m0
decoder_matrix,tsan,s_w1_r1_12_444_c1,1,1,0,3,59066f9f3a6aacd91acd524068260819b5e38f269844ebb3a2dd38761b84afed,False,PASS,safety_tsan_s_w1_r1_12_444_c1_w1_m1
decoder_matrix,tsan,s_w1_r2_8_420_c0,1,0,0,3,625ad39a45d7ab8371db2fe85dcd154ab9a960114b8f7a8e23d645343609bcaa,False,PASS,safety_tsan_s_w1_r2_8_420_c0_w1_m0
decoder_matrix,tsan,s_w1_r2_8_420_c0,1,1,0,3,625ad39a45d7ab8371db2fe85dcd154ab9a960114b8f7a8e23d645343609bcaa,False,PASS,safety_tsan_s_w1_r2_8_420_c0_w1_m1
decoder_matrix,tsan,s_w1_r2_8_420_c1,1,0,0,3,2a419c96057a7b4b9893f2d4bbaba44595a1dcef5ae1803d0025acb8d2c9fc5c,False,PASS,safety_tsan_s_w1_r2_8_420_c1_w1_m0
decoder_matrix,tsan,s_w1_r2_8_420_c1,1,1,0,3,2a419c96057a7b4b9893f2d4bbaba44595a1dcef5ae1803d0025acb8d2c9fc5c,False,PASS,safety_tsan_s_w1_r2_8_420_c1_w1_m1
decoder_matrix,tsan,s_w1_r2_8_444_c0,1,0,0,3,84d805e0ed8305ba5bc9911ef06a348f6c7dadd1d227e3a55e1683efd630626b,False,PASS,safety_tsan_s_w1_r2_8_444_c0_w1_m0
decoder_matrix,tsan,s_w1_r2_8_444_c0,1,1,0,3,84d805e0ed8305ba5bc9911ef06a348f6c7dadd1d227e3a55e1683efd630626b,False,PASS,safety_tsan_s_w1_r2_8_444_c0_w1_m1
decoder_matrix,tsan,s_w1_r2_8_444_c1,1,0,0,3,64f848bd2187c329e0eac6047202621ad59a18764a37efcb358668726bc6ac04,False,PASS,safety_tsan_s_w1_r2_8_444_c1_w1_m0
decoder_matrix,tsan,s_w1_r2_8_444_c1,1,1,0,3,64f848bd2187c329e0eac6047202621ad59a18764a37efcb358668726bc6ac04,False,PASS,safety_tsan_s_w1_r2_8_444_c1_w1_m1
decoder_matrix,tsan,s_w1_r2_10_420_c0,1,0,0,3,ea5ffd5f87f0c074b40b948072954853d5e2d30ce4852edf2e8fff7e6739574f,False,PASS,safety_tsan_s_w1_r2_10_420_c0_w1_m0
decoder_matrix,tsan,s_w1_r2_10_420_c0,1,1,0,3,ea5ffd5f87f0c074b40b948072954853d5e2d30ce4852edf2e8fff7e6739574f,False,PASS,safety_tsan_s_w1_r2_10_420_c0_w1_m1
decoder_matrix,tsan,s_w1_r2_10_420_c1,1,0,0,3,1836f835d9ba4ff1f7a552988be6ce7f1862b8d56b98a7ea0eebd5c8d99d5ec7,False,PASS,safety_tsan_s_w1_r2_10_420_c1_w1_m0
decoder_matrix,tsan,s_w1_r2_10_420_c1,1,1,0,3,1836f835d9ba4ff1f7a552988be6ce7f1862b8d56b98a7ea0eebd5c8d99d5ec7,False,PASS,safety_tsan_s_w1_r2_10_420_c1_w1_m1
decoder_matrix,tsan,s_w1_r2_10_444_c0,1,0,0,3,b9aa3d1f0dfca7bde0f21e6feed95f24dab9513bc7420fe97ecab5b84f9f58f3,False,PASS,safety_tsan_s_w1_r2_10_444_c0_w1_m0
decoder_matrix,tsan,s_w1_r2_10_444_c0,1,1,0,3,b9aa3d1f0dfca7bde0f21e6feed95f24dab9513bc7420fe97ecab5b84f9f58f3,False,PASS,safety_tsan_s_w1_r2_10_444_c0_w1_m1
decoder_matrix,tsan,s_w1_r2_10_444_c1,1,0,0,3,a14d6c6625a0a093914aaa5efaa9f18753537ffabd06bab59fc227392cafaefa,False,PASS,safety_tsan_s_w1_r2_10_444_c1_w1_m0
decoder_matrix,tsan,s_w1_r2_10_444_c1,1,1,0,3,a14d6c6625a0a093914aaa5efaa9f18753537ffabd06bab59fc227392cafaefa,False,PASS,safety_tsan_s_w1_r2_10_444_c1_w1_m1
decoder_matrix,tsan,s_w1_r2_12_420_c0,1,0,0,3,d6ab014902457cc60a6b6afb6d920493c705451fb7e4c7aaa94473e6f2bd367b,False,PASS,safety_tsan_s_w1_r2_12_420_c0_w1_m0
decoder_matrix,tsan,s_w1_r2_12_420_c0,1,1,0,3,d6ab014902457cc60a6b6afb6d920493c705451fb7e4c7aaa94473e6f2bd367b,False,PASS,safety_tsan_s_w1_r2_12_420_c0_w1_m1
decoder_matrix,tsan,s_w1_r2_12_420_c1,1,0,0,3,677d5f5e81f8af89a3984dbc1c7809bc35b27ea891c275e2c7ba2ecf2a04f938,False,PASS,safety_tsan_s_w1_r2_12_420_c1_w1_m0
decoder_matrix,tsan,s_w1_r2_12_420_c1,1,1,0,3,677d5f5e81f8af89a3984dbc1c7809bc35b27ea891c275e2c7ba2ecf2a04f938,False,PASS,safety_tsan_s_w1_r2_12_420_c1_w1_m1
decoder_matrix,tsan,s_w1_r2_12_444_c0,1,0,0,3,55a0ac62dff32fc6e2c3a9a991fcccfa20f2e87eb8fd023702ef0c0a71b83cbf,False,PASS,safety_tsan_s_w1_r2_12_444_c0_w1_m0
decoder_matrix,tsan,s_w1_r2_12_444_c0,1,1,0,3,55a0ac62dff32fc6e2c3a9a991fcccfa20f2e87eb8fd023702ef0c0a71b83cbf,False,PASS,safety_tsan_s_w1_r2_12_444_c0_w1_m1
decoder_matrix,tsan,s_w1_r2_12_444_c1,1,0,0,3,55b62ba35f6c7040387db20b52548b25bc2d3fcf464be3db28c4ad30dc75f666,False,PASS,safety_tsan_s_w1_r2_12_444_c1_w1_m0
decoder_matrix,tsan,s_w1_r2_12_444_c1,1,1,0,3,55b62ba35f6c7040387db20b52548b25bc2d3fcf464be3db28c4ad30dc75f666,False,PASS,safety_tsan_s_w1_r2_12_444_c1_w1_m1
decoder_matrix,tsan,s_w1_r3_8_420_c0,1,0,0,3,bc5a956d050eaaf1f55b969dc8147a0301a1a7396bd06a9f3321eab4776d60bd,False,PASS,safety_tsan_s_w1_r3_8_420_c0_w1_m0
decoder_matrix,tsan,s_w1_r3_8_420_c0,1,1,0,3,bc5a956d050eaaf1f55b969dc8147a0301a1a7396bd06a9f3321eab4776d60bd,False,PASS,safety_tsan_s_w1_r3_8_420_c0_w1_m1
decoder_matrix,tsan,s_w1_r3_8_420_c1,1,0,0,3,4621dc4377f13d3481a8655b0b98c0cf031c11f3163a19b4b5fde224bf6cacce,False,PASS,safety_tsan_s_w1_r3_8_420_c1_w1_m0
decoder_matrix,tsan,s_w1_r3_8_420_c1,1,1,0,3,4621dc4377f13d3481a8655b0b98c0cf031c11f3163a19b4b5fde224bf6cacce,False,PASS,safety_tsan_s_w1_r3_8_420_c1_w1_m1
decoder_matrix,tsan,s_w1_r3_8_444_c0,1,0,0,3,9b128b057a4ed2220a5c03d7583b1cc4f97d4e54707d1aafd3e60b55c97c8386,False,PASS,safety_tsan_s_w1_r3_8_444_c0_w1_m0
decoder_matrix,tsan,s_w1_r3_8_444_c0,1,1,0,3,9b128b057a4ed2220a5c03d7583b1cc4f97d4e54707d1aafd3e60b55c97c8386,False,PASS,safety_tsan_s_w1_r3_8_444_c0_w1_m1
decoder_matrix,tsan,s_w1_r3_8_444_c1,1,0,0,3,e35222ac4e4af3844e4594b1a660e02bee62f69da9a400d9600da062576fb797,False,PASS,safety_tsan_s_w1_r3_8_444_c1_w1_m0
decoder_matrix,tsan,s_w1_r3_8_444_c1,1,1,0,3,e35222ac4e4af3844e4594b1a660e02bee62f69da9a400d9600da062576fb797,False,PASS,safety_tsan_s_w1_r3_8_444_c1_w1_m1
decoder_matrix,tsan,s_w1_r3_10_420_c0,1,0,0,3,56b80dd719a3ec6d2869b76815443e2bd30f696ca6b7dc4ee4e4081424d2b9f5,False,PASS,safety_tsan_s_w1_r3_10_420_c0_w1_m0
decoder_matrix,tsan,s_w1_r3_10_420_c0,1,1,0,3,56b80dd719a3ec6d2869b76815443e2bd30f696ca6b7dc4ee4e4081424d2b9f5,False,PASS,safety_tsan_s_w1_r3_10_420_c0_w1_m1
decoder_matrix,tsan,s_w1_r3_10_420_c1,1,0,0,3,621f080e652c68c2907f2d934b646196c7c40680a13dd80feb732e2cb8dfd94d,False,PASS,safety_tsan_s_w1_r3_10_420_c1_w1_m0
decoder_matrix,tsan,s_w1_r3_10_420_c1,1,1,0,3,621f080e652c68c2907f2d934b646196c7c40680a13dd80feb732e2cb8dfd94d,False,PASS,safety_tsan_s_w1_r3_10_420_c1_w1_m1
decoder_matrix,tsan,s_w1_r3_10_444_c0,1,0,0,3,2889649113638d08cdf2f8d224cd61e86ccc6a0ae87a60366fe60a885e83625b,False,PASS,safety_tsan_s_w1_r3_10_444_c0_w1_m0
decoder_matrix,tsan,s_w1_r3_10_444_c0,1,1,0,3,2889649113638d08cdf2f8d224cd61e86ccc6a0ae87a60366fe60a885e83625b,False,PASS,safety_tsan_s_w1_r3_10_444_c0_w1_m1
decoder_matrix,tsan,s_w1_r3_10_444_c1,1,0,0,3,8461ce8f5eae54a9dcc7d207fb6d5ee09c8dfd4e62c82d191204e3fa864a422e,False,PASS,safety_tsan_s_w1_r3_10_444_c1_w1_m0
decoder_matrix,tsan,s_w1_r3_10_444_c1,1,1,0,3,8461ce8f5eae54a9dcc7d207fb6d5ee09c8dfd4e62c82d191204e3fa864a422e,False,PASS,safety_tsan_s_w1_r3_10_444_c1_w1_m1
decoder_matrix,tsan,s_w1_r3_12_420_c0,1,0,0,3,9e0372835018f8064a5186e07d12d26bfae13cdf04ab2eeae23e56120e4095e5,False,PASS,safety_tsan_s_w1_r3_12_420_c0_w1_m0
decoder_matrix,tsan,s_w1_r3_12_420_c0,1,1,0,3,9e0372835018f8064a5186e07d12d26bfae13cdf04ab2eeae23e56120e4095e5,False,PASS,safety_tsan_s_w1_r3_12_420_c0_w1_m1
decoder_matrix,tsan,s_w1_r3_12_420_c1,1,0,0,3,c92eb81023b4f2c04e9a0dd238c95ae3d72ca177b7029cb044665ea8ebcb8793,False,PASS,safety_tsan_s_w1_r3_12_420_c1_w1_m0
decoder_matrix,tsan,s_w1_r3_12_420_c1,1,1,0,3,c92eb81023b4f2c04e9a0dd238c95ae3d72ca177b7029cb044665ea8ebcb8793,False,PASS,safety_tsan_s_w1_r3_12_420_c1_w1_m1
decoder_matrix,tsan,s_w1_r3_12_444_c0,1,0,0,3,30a4d67410a05a217536729a2605aa5d4e02a86b6691d0476bfcc871adf0cf3f,False,PASS,safety_tsan_s_w1_r3_12_444_c0_w1_m0
decoder_matrix,tsan,s_w1_r3_12_444_c0,1,1,0,3,30a4d67410a05a217536729a2605aa5d4e02a86b6691d0476bfcc871adf0cf3f,False,PASS,safety_tsan_s_w1_r3_12_444_c0_w1_m1
decoder_matrix,tsan,s_w1_r3_12_444_c1,1,0,0,3,848c51faac6f669520e2415f19c001e69eb4a3dafbd1b123e921d06a728f4148,False,PASS,safety_tsan_s_w1_r3_12_444_c1_w1_m0
decoder_matrix,tsan,s_w1_r3_12_444_c1,1,1,0,3,848c51faac6f669520e2415f19c001e69eb4a3dafbd1b123e921d06a728f4148,False,PASS,safety_tsan_s_w1_r3_12_444_c1_w1_m1
decoder_matrix,tsan,s_w1_r11_8_420_c0,1,0,0,3,6d9fcebdedf80f9d0cb6d209703e1eb97286483105ddbbd2b6da7303774381aa,False,PASS,safety_tsan_s_w1_r11_8_420_c0_w1_m0
decoder_matrix,tsan,s_w1_r11_8_420_c0,1,1,0,3,6d9fcebdedf80f9d0cb6d209703e1eb97286483105ddbbd2b6da7303774381aa,False,PASS,safety_tsan_s_w1_r11_8_420_c0_w1_m1
decoder_matrix,tsan,s_w1_r11_8_420_c1,1,0,0,3,b27e06e3ffb5d97159994256e8d1cdc8f7ff6c6580879d6903ea7732e3b5a537,False,PASS,safety_tsan_s_w1_r11_8_420_c1_w1_m0
decoder_matrix,tsan,s_w1_r11_8_420_c1,1,1,0,3,b27e06e3ffb5d97159994256e8d1cdc8f7ff6c6580879d6903ea7732e3b5a537,False,PASS,safety_tsan_s_w1_r11_8_420_c1_w1_m1
decoder_matrix,tsan,s_w1_r11_8_444_c0,1,0,0,3,696388d4d5e1f3e9ff73f4d138fc292eb0aeb705dc1f3d9c8ee4daad1e958e6e,False,PASS,safety_tsan_s_w1_r11_8_444_c0_w1_m0
decoder_matrix,tsan,s_w1_r11_8_444_c0,1,1,0,3,696388d4d5e1f3e9ff73f4d138fc292eb0aeb705dc1f3d9c8ee4daad1e958e6e,False,PASS,safety_tsan_s_w1_r11_8_444_c0_w1_m1
decoder_matrix,tsan,s_w1_r11_8_444_c1,1,0,0,3,f5595f546feb1336bacc9a31229d97f1f2bfca3b05108f2beb58db0b1a29e155,False,PASS,safety_tsan_s_w1_r11_8_444_c1_w1_m0
decoder_matrix,tsan,s_w1_r11_8_444_c1,1,1,0,3,f5595f546feb1336bacc9a31229d97f1f2bfca3b05108f2beb58db0b1a29e155,False,PASS,safety_tsan_s_w1_r11_8_444_c1_w1_m1
decoder_matrix,tsan,s_w1_r11_10_420_c0,1,0,0,3,e539643a4604a1ecdef2c6e34982a25864fb9a6e704b8c05220f0dce4fd79e3b,False,PASS,safety_tsan_s_w1_r11_10_420_c0_w1_m0
decoder_matrix,tsan,s_w1_r11_10_420_c0,1,1,0,3,e539643a4604a1ecdef2c6e34982a25864fb9a6e704b8c05220f0dce4fd79e3b,False,PASS,safety_tsan_s_w1_r11_10_420_c0_w1_m1
decoder_matrix,tsan,s_w1_r11_10_420_c1,1,0,0,3,ffe9254adfd9661b4023ba27203ee6d669f375a2701b61b18e39b6f7ded7943b,False,PASS,safety_tsan_s_w1_r11_10_420_c1_w1_m0
decoder_matrix,tsan,s_w1_r11_10_420_c1,1,1,0,3,ffe9254adfd9661b4023ba27203ee6d669f375a2701b61b18e39b6f7ded7943b,False,PASS,safety_tsan_s_w1_r11_10_420_c1_w1_m1
decoder_matrix,tsan,s_w1_r11_10_444_c0,1,0,0,3,9ddf680d25168982078c1e331380633361640975c0917ec88a55cb97dc10f6bb,False,PASS,safety_tsan_s_w1_r11_10_444_c0_w1_m0
decoder_matrix,tsan,s_w1_r11_10_444_c0,1,1,0,3,9ddf680d25168982078c1e331380633361640975c0917ec88a55cb97dc10f6bb,False,PASS,safety_tsan_s_w1_r11_10_444_c0_w1_m1
decoder_matrix,tsan,s_w1_r11_10_444_c1,1,0,0,3,ecb9bfc9dc8695a0db52afa77fb85af7eefe5d53db166be76b2a0d78517fd615,False,PASS,safety_tsan_s_w1_r11_10_444_c1_w1_m0
decoder_matrix,tsan,s_w1_r11_10_444_c1,1,1,0,3,ecb9bfc9dc8695a0db52afa77fb85af7eefe5d53db166be76b2a0d78517fd615,False,PASS,safety_tsan_s_w1_r11_10_444_c1_w1_m1
decoder_matrix,tsan,s_w1_r11_12_420_c0,1,0,0,3,7ad1af0566817a4625226bd1763191fb07da3497101028fece56a05fb15544bc,False,PASS,safety_tsan_s_w1_r11_12_420_c0_w1_m0
decoder_matrix,tsan,s_w1_r11_12_420_c0,1,1,0,3,7ad1af0566817a4625226bd1763191fb07da3497101028fece56a05fb15544bc,False,PASS,safety_tsan_s_w1_r11_12_420_c0_w1_m1
decoder_matrix,tsan,s_w1_r11_12_420_c1,1,0,0,3,9dad14bb409e5b764945653e08b772981edd42248daa2a8e38299080b03342dc,False,PASS,safety_tsan_s_w1_r11_12_420_c1_w1_m0
decoder_matrix,tsan,s_w1_r11_12_420_c1,1,1,0,3,9dad14bb409e5b764945653e08b772981edd42248daa2a8e38299080b03342dc,False,PASS,safety_tsan_s_w1_r11_12_420_c1_w1_m1
decoder_matrix,tsan,s_w1_r11_12_444_c0,1,0,0,3,1b3d2b6a1234913d8eea1a78f5ad3cea8038ad1abec3bda894fbe665b6a24a8e,False,PASS,safety_tsan_s_w1_r11_12_444_c0_w1_m0
decoder_matrix,tsan,s_w1_r11_12_444_c0,1,1,0,3,1b3d2b6a1234913d8eea1a78f5ad3cea8038ad1abec3bda894fbe665b6a24a8e,False,PASS,safety_tsan_s_w1_r11_12_444_c0_w1_m1
decoder_matrix,tsan,s_w1_r11_12_444_c1,1,0,0,3,9e387416f162a6175ee7e7120d3e7e68ad3eb00cb702771340f130a6ff215bea,False,PASS,safety_tsan_s_w1_r11_12_444_c1_w1_m0
decoder_matrix,tsan,s_w1_r11_12_444_c1,1,1,0,3,9e387416f162a6175ee7e7120d3e7e68ad3eb00cb702771340f130a6ff215bea,False,PASS,safety_tsan_s_w1_r11_12_444_c1_w1_m1
decoder_matrix,tsan,s_w2_r1_8_420_c0,2,0,0,3,9543a0fcc37023bcc43189b408123b65fcad8cf16cf61a1b382542390147d0c8,False,PASS,safety_tsan_s_w2_r1_8_420_c0_w2_m0
decoder_matrix,tsan,s_w2_r1_8_420_c0,2,1,0,3,9543a0fcc37023bcc43189b408123b65fcad8cf16cf61a1b382542390147d0c8,False,PASS,safety_tsan_s_w2_r1_8_420_c0_w2_m1
decoder_matrix,tsan,s_w2_r1_8_420_c1,2,0,0,3,f72ec11dde05cc90b20c70187667b18fd481aeaa3f897ec70e730b0cdc6bfb1a,False,PASS,safety_tsan_s_w2_r1_8_420_c1_w2_m0
decoder_matrix,tsan,s_w2_r1_8_420_c1,2,1,0,3,f72ec11dde05cc90b20c70187667b18fd481aeaa3f897ec70e730b0cdc6bfb1a,False,PASS,safety_tsan_s_w2_r1_8_420_c1_w2_m1
decoder_matrix,tsan,s_w2_r1_8_444_c0,2,0,0,3,129ed30da9651aff7cca78facf8d31bfe0c5df5c248312fbb21a58acaa19640a,False,PASS,safety_tsan_s_w2_r1_8_444_c0_w2_m0
decoder_matrix,tsan,s_w2_r1_8_444_c0,2,1,0,3,129ed30da9651aff7cca78facf8d31bfe0c5df5c248312fbb21a58acaa19640a,False,PASS,safety_tsan_s_w2_r1_8_444_c0_w2_m1
decoder_matrix,tsan,s_w2_r1_8_444_c1,2,0,0,3,fbf54c718edfb2690b3556dde0af6a10e200c2552850668bd1d198ba8709f1c9,False,PASS,safety_tsan_s_w2_r1_8_444_c1_w2_m0
decoder_matrix,tsan,s_w2_r1_8_444_c1,2,1,0,3,fbf54c718edfb2690b3556dde0af6a10e200c2552850668bd1d198ba8709f1c9,False,PASS,safety_tsan_s_w2_r1_8_444_c1_w2_m1
decoder_matrix,tsan,s_w2_r1_10_420_c0,2,0,0,3,8acf9831151e5aaf2181f4a9017b205c1aaa27dfaa35ab5b42470e5f81ae1908,False,PASS,safety_tsan_s_w2_r1_10_420_c0_w2_m0
decoder_matrix,tsan,s_w2_r1_10_420_c0,2,1,0,3,8acf9831151e5aaf2181f4a9017b205c1aaa27dfaa35ab5b42470e5f81ae1908,False,PASS,safety_tsan_s_w2_r1_10_420_c0_w2_m1
decoder_matrix,tsan,s_w2_r1_10_420_c1,2,0,0,3,0223bd104da2aba19bb7e0d2a3eb8a28715fa10dce82fe9022be429165338a3a,False,PASS,safety_tsan_s_w2_r1_10_420_c1_w2_m0
decoder_matrix,tsan,s_w2_r1_10_420_c1,2,1,0,3,0223bd104da2aba19bb7e0d2a3eb8a28715fa10dce82fe9022be429165338a3a,False,PASS,safety_tsan_s_w2_r1_10_420_c1_w2_m1
decoder_matrix,tsan,s_w2_r1_10_444_c0,2,0,0,3,01c59f38fc4478e889d9780e7ebea367e5c8ad02f847a872ca2467eeaf8cd780,False,PASS,safety_tsan_s_w2_r1_10_444_c0_w2_m0
decoder_matrix,tsan,s_w2_r1_10_444_c0,2,1,0,3,01c59f38fc4478e889d9780e7ebea367e5c8ad02f847a872ca2467eeaf8cd780,False,PASS,safety_tsan_s_w2_r1_10_444_c0_w2_m1
decoder_matrix,tsan,s_w2_r1_10_444_c1,2,0,0,3,b994600cd6275f6f2622b32c1b8975c6e17170d162c0554957dea278eb2a0c3d,False,PASS,safety_tsan_s_w2_r1_10_444_c1_w2_m0
decoder_matrix,tsan,s_w2_r1_10_444_c1,2,1,0,3,b994600cd6275f6f2622b32c1b8975c6e17170d162c0554957dea278eb2a0c3d,False,PASS,safety_tsan_s_w2_r1_10_444_c1_w2_m1
decoder_matrix,tsan,s_w2_r1_12_420_c0,2,0,0,3,bf31ec4a6553b4375e68b5687c74bdeb771c0ae7d4f099e06c5949bf19443747,False,PASS,safety_tsan_s_w2_r1_12_420_c0_w2_m0
decoder_matrix,tsan,s_w2_r1_12_420_c0,2,1,0,3,bf31ec4a6553b4375e68b5687c74bdeb771c0ae7d4f099e06c5949bf19443747,False,PASS,safety_tsan_s_w2_r1_12_420_c0_w2_m1
decoder_matrix,tsan,s_w2_r1_12_420_c1,2,0,0,3,fff85ad1abe97c165543cc3f7a1518f9d58f52df06fd1654a8bbb50648050f54,False,PASS,safety_tsan_s_w2_r1_12_420_c1_w2_m0
decoder_matrix,tsan,s_w2_r1_12_420_c1,2,1,0,3,fff85ad1abe97c165543cc3f7a1518f9d58f52df06fd1654a8bbb50648050f54,False,PASS,safety_tsan_s_w2_r1_12_420_c1_w2_m1
decoder_matrix,tsan,s_w2_r1_12_444_c0,2,0,0,3,c8caf6981bf765f8d891668d892a8dbda2135d413f6fe1bcb630dbfe9f3faead,False,PASS,safety_tsan_s_w2_r1_12_444_c0_w2_m0
decoder_matrix,tsan,s_w2_r1_12_444_c0,2,1,0,3,c8caf6981bf765f8d891668d892a8dbda2135d413f6fe1bcb630dbfe9f3faead,False,PASS,safety_tsan_s_w2_r1_12_444_c0_w2_m1
decoder_matrix,tsan,s_w2_r1_12_444_c1,2,0,0,3,59066f9f3a6aacd91acd524068260819b5e38f269844ebb3a2dd38761b84afed,False,PASS,safety_tsan_s_w2_r1_12_444_c1_w2_m0
decoder_matrix,tsan,s_w2_r1_12_444_c1,2,1,0,3,59066f9f3a6aacd91acd524068260819b5e38f269844ebb3a2dd38761b84afed,False,PASS,safety_tsan_s_w2_r1_12_444_c1_w2_m1
decoder_matrix,tsan,s_w2_r3_8_420_c0,2,0,0,3,bc5a956d050eaaf1f55b969dc8147a0301a1a7396bd06a9f3321eab4776d60bd,False,PASS,safety_tsan_s_w2_r3_8_420_c0_w2_m0
decoder_matrix,tsan,s_w2_r3_8_420_c0,2,1,0,3,bc5a956d050eaaf1f55b969dc8147a0301a1a7396bd06a9f3321eab4776d60bd,False,PASS,safety_tsan_s_w2_r3_8_420_c0_w2_m1
decoder_matrix,tsan,s_w2_r3_8_420_c1,2,0,0,3,4621dc4377f13d3481a8655b0b98c0cf031c11f3163a19b4b5fde224bf6cacce,False,PASS,safety_tsan_s_w2_r3_8_420_c1_w2_m0
decoder_matrix,tsan,s_w2_r3_8_420_c1,2,1,0,3,4621dc4377f13d3481a8655b0b98c0cf031c11f3163a19b4b5fde224bf6cacce,False,PASS,safety_tsan_s_w2_r3_8_420_c1_w2_m1
decoder_matrix,tsan,s_w2_r3_8_444_c0,2,0,0,3,9b128b057a4ed2220a5c03d7583b1cc4f97d4e54707d1aafd3e60b55c97c8386,False,PASS,safety_tsan_s_w2_r3_8_444_c0_w2_m0
decoder_matrix,tsan,s_w2_r3_8_444_c0,2,1,0,3,9b128b057a4ed2220a5c03d7583b1cc4f97d4e54707d1aafd3e60b55c97c8386,False,PASS,safety_tsan_s_w2_r3_8_444_c0_w2_m1
decoder_matrix,tsan,s_w2_r3_8_444_c1,2,0,0,3,e35222ac4e4af3844e4594b1a660e02bee62f69da9a400d9600da062576fb797,False,PASS,safety_tsan_s_w2_r3_8_444_c1_w2_m0
decoder_matrix,tsan,s_w2_r3_8_444_c1,2,1,0,3,e35222ac4e4af3844e4594b1a660e02bee62f69da9a400d9600da062576fb797,False,PASS,safety_tsan_s_w2_r3_8_444_c1_w2_m1
decoder_matrix,tsan,s_w2_r3_10_420_c0,2,0,0,3,56b80dd719a3ec6d2869b76815443e2bd30f696ca6b7dc4ee4e4081424d2b9f5,False,PASS,safety_tsan_s_w2_r3_10_420_c0_w2_m0
decoder_matrix,tsan,s_w2_r3_10_420_c0,2,1,0,3,56b80dd719a3ec6d2869b76815443e2bd30f696ca6b7dc4ee4e4081424d2b9f5,False,PASS,safety_tsan_s_w2_r3_10_420_c0_w2_m1
decoder_matrix,tsan,s_w2_r3_10_420_c1,2,0,0,3,621f080e652c68c2907f2d934b646196c7c40680a13dd80feb732e2cb8dfd94d,False,PASS,safety_tsan_s_w2_r3_10_420_c1_w2_m0
decoder_matrix,tsan,s_w2_r3_10_420_c1,2,1,0,3,621f080e652c68c2907f2d934b646196c7c40680a13dd80feb732e2cb8dfd94d,False,PASS,safety_tsan_s_w2_r3_10_420_c1_w2_m1
decoder_matrix,tsan,s_w2_r3_10_444_c0,2,0,0,3,2889649113638d08cdf2f8d224cd61e86ccc6a0ae87a60366fe60a885e83625b,False,PASS,safety_tsan_s_w2_r3_10_444_c0_w2_m0
decoder_matrix,tsan,s_w2_r3_10_444_c0,2,1,0,3,2889649113638d08cdf2f8d224cd61e86ccc6a0ae87a60366fe60a885e83625b,False,PASS,safety_tsan_s_w2_r3_10_444_c0_w2_m1
decoder_matrix,tsan,s_w2_r3_10_444_c1,2,0,0,3,8461ce8f5eae54a9dcc7d207fb6d5ee09c8dfd4e62c82d191204e3fa864a422e,False,PASS,safety_tsan_s_w2_r3_10_444_c1_w2_m0
decoder_matrix,tsan,s_w2_r3_10_444_c1,2,1,0,3,8461ce8f5eae54a9dcc7d207fb6d5ee09c8dfd4e62c82d191204e3fa864a422e,False,PASS,safety_tsan_s_w2_r3_10_444_c1_w2_m1
decoder_matrix,tsan,s_w2_r3_12_420_c0,2,0,0,3,9e0372835018f8064a5186e07d12d26bfae13cdf04ab2eeae23e56120e4095e5,False,PASS,safety_tsan_s_w2_r3_12_420_c0_w2_m0
decoder_matrix,tsan,s_w2_r3_12_420_c0,2,1,0,3,9e0372835018f8064a5186e07d12d26bfae13cdf04ab2eeae23e56120e4095e5,False,PASS,safety_tsan_s_w2_r3_12_420_c0_w2_m1
decoder_matrix,tsan,s_w2_r3_12_420_c1,2,0,0,3,c92eb81023b4f2c04e9a0dd238c95ae3d72ca177b7029cb044665ea8ebcb8793,False,PASS,safety_tsan_s_w2_r3_12_420_c1_w2_m0
decoder_matrix,tsan,s_w2_r3_12_420_c1,2,1,0,3,c92eb81023b4f2c04e9a0dd238c95ae3d72ca177b7029cb044665ea8ebcb8793,False,PASS,safety_tsan_s_w2_r3_12_420_c1_w2_m1
decoder_matrix,tsan,s_w2_r3_12_444_c0,2,0,0,3,30a4d67410a05a217536729a2605aa5d4e02a86b6691d0476bfcc871adf0cf3f,False,PASS,safety_tsan_s_w2_r3_12_444_c0_w2_m0
decoder_matrix,tsan,s_w2_r3_12_444_c0,2,1,0,3,30a4d67410a05a217536729a2605aa5d4e02a86b6691d0476bfcc871adf0cf3f,False,PASS,safety_tsan_s_w2_r3_12_444_c0_w2_m1
decoder_matrix,tsan,s_w2_r3_12_444_c1,2,0,0,3,848c51faac6f669520e2415f19c001e69eb4a3dafbd1b123e921d06a728f4148,False,PASS,safety_tsan_s_w2_r3_12_444_c1_w2_m0
decoder_matrix,tsan,s_w2_r3_12_444_c1,2,1,0,3,848c51faac6f669520e2415f19c001e69eb4a3dafbd1b123e921d06a728f4148,False,PASS,safety_tsan_s_w2_r3_12_444_c1_w2_m1
decoder_matrix,tsan,s_w2_r4_8_420_c0,2,0,0,3,34a47c0755a0e85e99ba06b5d40cad76aaff87a931d33afa3c5f40c56b947e27,False,PASS,safety_tsan_s_w2_r4_8_420_c0_w2_m0
decoder_matrix,tsan,s_w2_r4_8_420_c0,2,1,0,3,34a47c0755a0e85e99ba06b5d40cad76aaff87a931d33afa3c5f40c56b947e27,False,PASS,safety_tsan_s_w2_r4_8_420_c0_w2_m1
decoder_matrix,tsan,s_w2_r4_8_420_c1,2,0,0,3,0797eb71bc364c109d7fa5b23ede2e365c6f903d1dc04059039a244c74f8f059,False,PASS,safety_tsan_s_w2_r4_8_420_c1_w2_m0
decoder_matrix,tsan,s_w2_r4_8_420_c1,2,1,0,3,0797eb71bc364c109d7fa5b23ede2e365c6f903d1dc04059039a244c74f8f059,False,PASS,safety_tsan_s_w2_r4_8_420_c1_w2_m1
decoder_matrix,tsan,s_w2_r4_8_444_c0,2,0,0,3,2565421710e897acfc63cce0450758a8167a21296f35078be0be7ea59d4d4164,False,PASS,safety_tsan_s_w2_r4_8_444_c0_w2_m0
decoder_matrix,tsan,s_w2_r4_8_444_c0,2,1,0,3,2565421710e897acfc63cce0450758a8167a21296f35078be0be7ea59d4d4164,False,PASS,safety_tsan_s_w2_r4_8_444_c0_w2_m1
decoder_matrix,tsan,s_w2_r4_8_444_c1,2,0,0,3,32e7982ae9e6dee5f293e3daf269a5ddb0a2dde98ba8cdd06304fb2ae9c19b62,False,PASS,safety_tsan_s_w2_r4_8_444_c1_w2_m0
decoder_matrix,tsan,s_w2_r4_8_444_c1,2,1,0,3,32e7982ae9e6dee5f293e3daf269a5ddb0a2dde98ba8cdd06304fb2ae9c19b62,False,PASS,safety_tsan_s_w2_r4_8_444_c1_w2_m1
decoder_matrix,tsan,s_w2_r4_10_420_c0,2,0,0,3,69a35f4cad8061b2ce185c106a3cff323c7ae59fc2a8b1cd29c5c3930b845af5,False,PASS,safety_tsan_s_w2_r4_10_420_c0_w2_m0
decoder_matrix,tsan,s_w2_r4_10_420_c0,2,1,0,3,69a35f4cad8061b2ce185c106a3cff323c7ae59fc2a8b1cd29c5c3930b845af5,False,PASS,safety_tsan_s_w2_r4_10_420_c0_w2_m1
decoder_matrix,tsan,s_w2_r4_10_420_c1,2,0,0,3,07e5b287e762166a06b9d800712ed8c04aabe9f12d9ffd850f1724d7e2743239,False,PASS,safety_tsan_s_w2_r4_10_420_c1_w2_m0
decoder_matrix,tsan,s_w2_r4_10_420_c1,2,1,0,3,07e5b287e762166a06b9d800712ed8c04aabe9f12d9ffd850f1724d7e2743239,False,PASS,safety_tsan_s_w2_r4_10_420_c1_w2_m1
decoder_matrix,tsan,s_w2_r4_10_444_c0,2,0,0,3,adaa816eada1ea832f3bbb33efea2792f461a21bfe5ab191e066082c07ec5988,False,PASS,safety_tsan_s_w2_r4_10_444_c0_w2_m0
decoder_matrix,tsan,s_w2_r4_10_444_c0,2,1,0,3,adaa816eada1ea832f3bbb33efea2792f461a21bfe5ab191e066082c07ec5988,False,PASS,safety_tsan_s_w2_r4_10_444_c0_w2_m1
decoder_matrix,tsan,s_w2_r4_10_444_c1,2,0,0,3,092292d9df7953f9e6ac7376ea2fab9681f6421d6eb332ba3845bff0f231709f,False,PASS,safety_tsan_s_w2_r4_10_444_c1_w2_m0
decoder_matrix,tsan,s_w2_r4_10_444_c1,2,1,0,3,092292d9df7953f9e6ac7376ea2fab9681f6421d6eb332ba3845bff0f231709f,False,PASS,safety_tsan_s_w2_r4_10_444_c1_w2_m1
decoder_matrix,tsan,s_w2_r4_12_420_c0,2,0,0,3,e6f727584cd92d7a7e1fe4b47ae96d51ccb163fcccb293f307cc4c4e3c5e9e73,False,PASS,safety_tsan_s_w2_r4_12_420_c0_w2_m0
decoder_matrix,tsan,s_w2_r4_12_420_c0,2,1,0,3,e6f727584cd92d7a7e1fe4b47ae96d51ccb163fcccb293f307cc4c4e3c5e9e73,False,PASS,safety_tsan_s_w2_r4_12_420_c0_w2_m1
decoder_matrix,tsan,s_w2_r4_12_420_c1,2,0,0,3,60f8b4a8c4f623c77472cb85b1ac290c9ae2fcce08e1264612925f07a317728c,False,PASS,safety_tsan_s_w2_r4_12_420_c1_w2_m0
decoder_matrix,tsan,s_w2_r4_12_420_c1,2,1,0,3,60f8b4a8c4f623c77472cb85b1ac290c9ae2fcce08e1264612925f07a317728c,False,PASS,safety_tsan_s_w2_r4_12_420_c1_w2_m1
decoder_matrix,tsan,s_w2_r4_12_444_c0,2,0,0,3,7e07a630b84963b7761cb96d0c16acf226d0ee614b83dc31c871e5f0303b8253,False,PASS,safety_tsan_s_w2_r4_12_444_c0_w2_m0
decoder_matrix,tsan,s_w2_r4_12_444_c0,2,1,0,3,7e07a630b84963b7761cb96d0c16acf226d0ee614b83dc31c871e5f0303b8253,False,PASS,safety_tsan_s_w2_r4_12_444_c0_w2_m1
decoder_matrix,tsan,s_w2_r4_12_444_c1,2,0,0,3,8699090c7613a91d61403d846b13befa7ff8bbcd0f9b4031e188450e1385508e,False,PASS,safety_tsan_s_w2_r4_12_444_c1_w2_m0
decoder_matrix,tsan,s_w2_r4_12_444_c1,2,1,0,3,8699090c7613a91d61403d846b13befa7ff8bbcd0f9b4031e188450e1385508e,False,PASS,safety_tsan_s_w2_r4_12_444_c1_w2_m1
decoder_matrix,tsan,s_w2_r19_8_420_c0,2,0,0,3,befa37f061741a2a809e57ba4940696443116607b7060932975ba1c28c7e06a0,False,PASS,safety_tsan_s_w2_r19_8_420_c0_w2_m0
decoder_matrix,tsan,s_w2_r19_8_420_c0,2,1,0,3,befa37f061741a2a809e57ba4940696443116607b7060932975ba1c28c7e06a0,False,PASS,safety_tsan_s_w2_r19_8_420_c0_w2_m1
decoder_matrix,tsan,s_w2_r19_8_420_c1,2,0,0,3,6609226361df318ccff389f44deea54dc44a2a8b7ae60024e3702cd2d64d9080,False,PASS,safety_tsan_s_w2_r19_8_420_c1_w2_m0
decoder_matrix,tsan,s_w2_r19_8_420_c1,2,1,0,3,6609226361df318ccff389f44deea54dc44a2a8b7ae60024e3702cd2d64d9080,False,PASS,safety_tsan_s_w2_r19_8_420_c1_w2_m1
decoder_matrix,tsan,s_w2_r19_8_444_c0,2,0,0,3,569141436b94e6cad9beb70f9729e02079965c9282c6b7529b52e1fb9879ec09,False,PASS,safety_tsan_s_w2_r19_8_444_c0_w2_m0
decoder_matrix,tsan,s_w2_r19_8_444_c0,2,1,0,3,569141436b94e6cad9beb70f9729e02079965c9282c6b7529b52e1fb9879ec09,False,PASS,safety_tsan_s_w2_r19_8_444_c0_w2_m1
decoder_matrix,tsan,s_w2_r19_8_444_c1,2,0,0,3,4b0bcd9163210ba66e86edb5bce2ab5c55382609e989cc0d29b16369e4c1e6cb,False,PASS,safety_tsan_s_w2_r19_8_444_c1_w2_m0
decoder_matrix,tsan,s_w2_r19_8_444_c1,2,1,0,3,4b0bcd9163210ba66e86edb5bce2ab5c55382609e989cc0d29b16369e4c1e6cb,False,PASS,safety_tsan_s_w2_r19_8_444_c1_w2_m1
decoder_matrix,tsan,s_w2_r19_10_420_c0,2,0,0,3,ecab412bb3ea54f9fec3230ad82f1cbdb2a6aee2b62992623938c7a5df4f63d5,False,PASS,safety_tsan_s_w2_r19_10_420_c0_w2_m0
decoder_matrix,tsan,s_w2_r19_10_420_c0,2,1,0,3,ecab412bb3ea54f9fec3230ad82f1cbdb2a6aee2b62992623938c7a5df4f63d5,False,PASS,safety_tsan_s_w2_r19_10_420_c0_w2_m1
decoder_matrix,tsan,s_w2_r19_10_420_c1,2,0,0,3,9c4d54d2fe6bf8b35c090562397d33c43f8622c6de2db889ceb7ba490f475ca8,False,PASS,safety_tsan_s_w2_r19_10_420_c1_w2_m0
decoder_matrix,tsan,s_w2_r19_10_420_c1,2,1,0,3,9c4d54d2fe6bf8b35c090562397d33c43f8622c6de2db889ceb7ba490f475ca8,False,PASS,safety_tsan_s_w2_r19_10_420_c1_w2_m1
decoder_matrix,tsan,s_w2_r19_10_444_c0,2,0,0,3,eb300012408e9dc9a47b2914efa723e3ba572a3d868cbb3fd34b7c57caaec4ef,False,PASS,safety_tsan_s_w2_r19_10_444_c0_w2_m0
decoder_matrix,tsan,s_w2_r19_10_444_c0,2,1,0,3,eb300012408e9dc9a47b2914efa723e3ba572a3d868cbb3fd34b7c57caaec4ef,False,PASS,safety_tsan_s_w2_r19_10_444_c0_w2_m1
decoder_matrix,tsan,s_w2_r19_10_444_c1,2,0,0,3,4bf9ab802170c6ff5b5f2fc74eb19647f40faa5d6426757e29baa689603899ac,False,PASS,safety_tsan_s_w2_r19_10_444_c1_w2_m0
decoder_matrix,tsan,s_w2_r19_10_444_c1,2,1,0,3,4bf9ab802170c6ff5b5f2fc74eb19647f40faa5d6426757e29baa689603899ac,False,PASS,safety_tsan_s_w2_r19_10_444_c1_w2_m1
decoder_matrix,tsan,s_w2_r19_12_420_c0,2,0,0,3,3de6bb0e5573375587e313e2e2dcd8711b779f2d3bc5675ba879cd47139f0c78,False,PASS,safety_tsan_s_w2_r19_12_420_c0_w2_m0
decoder_matrix,tsan,s_w2_r19_12_420_c0,2,1,0,3,3de6bb0e5573375587e313e2e2dcd8711b779f2d3bc5675ba879cd47139f0c78,False,PASS,safety_tsan_s_w2_r19_12_420_c0_w2_m1
decoder_matrix,tsan,s_w2_r19_12_420_c1,2,0,0,3,781fbdf410ef895d57a34e6ffa893a7ddd21c35171c049cd7c0dea739b47057e,False,PASS,safety_tsan_s_w2_r19_12_420_c1_w2_m0
decoder_matrix,tsan,s_w2_r19_12_420_c1,2,1,0,3,781fbdf410ef895d57a34e6ffa893a7ddd21c35171c049cd7c0dea739b47057e,False,PASS,safety_tsan_s_w2_r19_12_420_c1_w2_m1
decoder_matrix,tsan,s_w2_r19_12_444_c0,2,0,0,3,73648d78861a745eea81ea7ca59133b7875c95d3feb1f8ce403fe2b96ddcd142,False,PASS,safety_tsan_s_w2_r19_12_444_c0_w2_m0
decoder_matrix,tsan,s_w2_r19_12_444_c0,2,1,0,3,73648d78861a745eea81ea7ca59133b7875c95d3feb1f8ce403fe2b96ddcd142,False,PASS,safety_tsan_s_w2_r19_12_444_c0_w2_m1
decoder_matrix,tsan,s_w2_r19_12_444_c1,2,0,0,3,069374065191eed3428bf05552db86b0fe33fac73eeb1ab7e5d355eaed3d93af,False,PASS,safety_tsan_s_w2_r19_12_444_c1_w2_m0
decoder_matrix,tsan,s_w2_r19_12_444_c1,2,1,0,3,069374065191eed3428bf05552db86b0fe33fac73eeb1ab7e5d355eaed3d93af,False,PASS,safety_tsan_s_w2_r19_12_444_c1_w2_m1
decoder_matrix,tsan,s_w8_r7_8_420_c0,8,0,0,3,827aa6704312eb10bf3d2af2e81fdacb4f1f6df4f68bfcb70a9e607d2eb2aeba,False,PASS,safety_tsan_s_w8_r7_8_420_c0_w8_m0
decoder_matrix,tsan,s_w8_r7_8_420_c0,8,1,0,3,827aa6704312eb10bf3d2af2e81fdacb4f1f6df4f68bfcb70a9e607d2eb2aeba,False,PASS,safety_tsan_s_w8_r7_8_420_c0_w8_m1
decoder_matrix,tsan,s_w8_r7_8_420_c1,8,0,0,3,5e8354879f216de5d01eb376cdc0d400ae6d208018090c304efd125de24129b0,False,PASS,safety_tsan_s_w8_r7_8_420_c1_w8_m0
decoder_matrix,tsan,s_w8_r7_8_420_c1,8,1,0,3,5e8354879f216de5d01eb376cdc0d400ae6d208018090c304efd125de24129b0,False,PASS,safety_tsan_s_w8_r7_8_420_c1_w8_m1
decoder_matrix,tsan,s_w8_r7_8_444_c0,8,0,0,3,eec5b5bcb50865c4d7232f08582bb5db150e32fd172c0c807703930b159f82a4,False,PASS,safety_tsan_s_w8_r7_8_444_c0_w8_m0
decoder_matrix,tsan,s_w8_r7_8_444_c0,8,1,0,3,eec5b5bcb50865c4d7232f08582bb5db150e32fd172c0c807703930b159f82a4,False,PASS,safety_tsan_s_w8_r7_8_444_c0_w8_m1
decoder_matrix,tsan,s_w8_r7_8_444_c1,8,0,0,3,f02d737334da7f9006881f9506dd7db6d3b84a9f101d041081f841fecf7a8525,False,PASS,safety_tsan_s_w8_r7_8_444_c1_w8_m0
decoder_matrix,tsan,s_w8_r7_8_444_c1,8,1,0,3,f02d737334da7f9006881f9506dd7db6d3b84a9f101d041081f841fecf7a8525,False,PASS,safety_tsan_s_w8_r7_8_444_c1_w8_m1
decoder_matrix,tsan,s_w8_r7_10_420_c0,8,0,0,3,c0f14b28df5beadfc4ef75140e04aa5954755a75ef8aa227aeded83cc879a800,False,PASS,safety_tsan_s_w8_r7_10_420_c0_w8_m0
decoder_matrix,tsan,s_w8_r7_10_420_c0,8,1,0,3,c0f14b28df5beadfc4ef75140e04aa5954755a75ef8aa227aeded83cc879a800,False,PASS,safety_tsan_s_w8_r7_10_420_c0_w8_m1
decoder_matrix,tsan,s_w8_r7_10_420_c1,8,0,0,3,8c8fba504ae981475b4fc684ccd7fa8957e2ae791a6d4632663ad9a645a66143,False,PASS,safety_tsan_s_w8_r7_10_420_c1_w8_m0
decoder_matrix,tsan,s_w8_r7_10_420_c1,8,1,0,3,8c8fba504ae981475b4fc684ccd7fa8957e2ae791a6d4632663ad9a645a66143,False,PASS,safety_tsan_s_w8_r7_10_420_c1_w8_m1
decoder_matrix,tsan,s_w8_r7_10_444_c0,8,0,0,3,ba170b9e9fed2469d6369b0ce46c79957cf1ed4a9124034e3808403b6488ed71,False,PASS,safety_tsan_s_w8_r7_10_444_c0_w8_m0
decoder_matrix,tsan,s_w8_r7_10_444_c0,8,1,0,3,ba170b9e9fed2469d6369b0ce46c79957cf1ed4a9124034e3808403b6488ed71,False,PASS,safety_tsan_s_w8_r7_10_444_c0_w8_m1
decoder_matrix,tsan,s_w8_r7_10_444_c1,8,0,0,3,fafb9248690a2ad2108bb092026d4244c96ec4ede78f9e6f58bb3f5fb929ae49,False,PASS,safety_tsan_s_w8_r7_10_444_c1_w8_m0
decoder_matrix,tsan,s_w8_r7_10_444_c1,8,1,0,3,fafb9248690a2ad2108bb092026d4244c96ec4ede78f9e6f58bb3f5fb929ae49,False,PASS,safety_tsan_s_w8_r7_10_444_c1_w8_m1
decoder_matrix,tsan,s_w8_r7_12_420_c0,8,0,0,3,1278865abe4c428125a3692c64454641dfccfa1e5f89b4fe274b4e20ef6f240d,False,PASS,safety_tsan_s_w8_r7_12_420_c0_w8_m0
decoder_matrix,tsan,s_w8_r7_12_420_c0,8,1,0,3,1278865abe4c428125a3692c64454641dfccfa1e5f89b4fe274b4e20ef6f240d,False,PASS,safety_tsan_s_w8_r7_12_420_c0_w8_m1
decoder_matrix,tsan,s_w8_r7_12_420_c1,8,0,0,3,aa7de8c7ebc279cb139c4d9cfe169878c3d1c4b673dd08d95105a17dcfda8010,False,PASS,safety_tsan_s_w8_r7_12_420_c1_w8_m0
decoder_matrix,tsan,s_w8_r7_12_420_c1,8,1,0,3,aa7de8c7ebc279cb139c4d9cfe169878c3d1c4b673dd08d95105a17dcfda8010,False,PASS,safety_tsan_s_w8_r7_12_420_c1_w8_m1
decoder_matrix,tsan,s_w8_r7_12_444_c0,8,0,0,3,14f33c187181a7d0d5e32709442494735a1533a19074a75a8dda5dc63a87b59f,False,PASS,safety_tsan_s_w8_r7_12_444_c0_w8_m0
decoder_matrix,tsan,s_w8_r7_12_444_c0,8,1,0,3,14f33c187181a7d0d5e32709442494735a1533a19074a75a8dda5dc63a87b59f,False,PASS,safety_tsan_s_w8_r7_12_444_c0_w8_m1
decoder_matrix,tsan,s_w8_r7_12_444_c1,8,0,0,3,ad8eb3e8c8484f8e6ad349c4c1172fa0d381f069eb5a2ec2dacd7938f05fde6c,False,PASS,safety_tsan_s_w8_r7_12_444_c1_w8_m0
decoder_matrix,tsan,s_w8_r7_12_444_c1,8,1,0,3,ad8eb3e8c8484f8e6ad349c4c1172fa0d381f069eb5a2ec2dacd7938f05fde6c,False,PASS,safety_tsan_s_w8_r7_12_444_c1_w8_m1
decoder_matrix,tsan,s_w8_r9_8_420_c0,8,0,0,3,e9622a78fdca176dc61cc153346b5efe5069d5e1bfa5c4a20695884f3d30e21d,False,PASS,safety_tsan_s_w8_r9_8_420_c0_w8_m0
decoder_matrix,tsan,s_w8_r9_8_420_c0,8,1,0,3,e9622a78fdca176dc61cc153346b5efe5069d5e1bfa5c4a20695884f3d30e21d,False,PASS,safety_tsan_s_w8_r9_8_420_c0_w8_m1
decoder_matrix,tsan,s_w8_r9_8_420_c1,8,0,0,3,cc31878760c4eab77a410370fa177753ca6b815542e7854df0dfa5a1b540ab6c,False,PASS,safety_tsan_s_w8_r9_8_420_c1_w8_m0
decoder_matrix,tsan,s_w8_r9_8_420_c1,8,1,0,3,cc31878760c4eab77a410370fa177753ca6b815542e7854df0dfa5a1b540ab6c,False,PASS,safety_tsan_s_w8_r9_8_420_c1_w8_m1
decoder_matrix,tsan,s_w8_r9_8_444_c0,8,0,0,3,8b9ee011d58bb886775d46e9bb404d9225ffb5f60594277c8f01adfbb49e6b34,False,PASS,safety_tsan_s_w8_r9_8_444_c0_w8_m0
decoder_matrix,tsan,s_w8_r9_8_444_c0,8,1,0,3,8b9ee011d58bb886775d46e9bb404d9225ffb5f60594277c8f01adfbb49e6b34,False,PASS,safety_tsan_s_w8_r9_8_444_c0_w8_m1
decoder_matrix,tsan,s_w8_r9_8_444_c1,8,0,0,3,272d6bed9360c31ae941562b3559cb9788980debab55ee4be261718778e28005,False,PASS,safety_tsan_s_w8_r9_8_444_c1_w8_m0
decoder_matrix,tsan,s_w8_r9_8_444_c1,8,1,0,3,272d6bed9360c31ae941562b3559cb9788980debab55ee4be261718778e28005,False,PASS,safety_tsan_s_w8_r9_8_444_c1_w8_m1
decoder_matrix,tsan,s_w8_r9_10_420_c0,8,0,0,3,d703b1ba9ba78d05e5022882dc7311719258ec961cb10d49f60875af01f83c93,False,PASS,safety_tsan_s_w8_r9_10_420_c0_w8_m0
decoder_matrix,tsan,s_w8_r9_10_420_c0,8,1,0,3,d703b1ba9ba78d05e5022882dc7311719258ec961cb10d49f60875af01f83c93,False,PASS,safety_tsan_s_w8_r9_10_420_c0_w8_m1
decoder_matrix,tsan,s_w8_r9_10_420_c1,8,0,0,3,9d829f237ffdb2c6f57fbc5872c55bac9a58211f050fffd164d882cd6387e15f,False,PASS,safety_tsan_s_w8_r9_10_420_c1_w8_m0
decoder_matrix,tsan,s_w8_r9_10_420_c1,8,1,0,3,9d829f237ffdb2c6f57fbc5872c55bac9a58211f050fffd164d882cd6387e15f,False,PASS,safety_tsan_s_w8_r9_10_420_c1_w8_m1
decoder_matrix,tsan,s_w8_r9_10_444_c0,8,0,0,3,b984bdcb8401ace349200562426c35da1c7742545cf4e3da735bd3be8c9ea2c4,False,PASS,safety_tsan_s_w8_r9_10_444_c0_w8_m0
decoder_matrix,tsan,s_w8_r9_10_444_c0,8,1,0,3,b984bdcb8401ace349200562426c35da1c7742545cf4e3da735bd3be8c9ea2c4,False,PASS,safety_tsan_s_w8_r9_10_444_c0_w8_m1
decoder_matrix,tsan,s_w8_r9_10_444_c1,8,0,0,3,ee87267043c2fbf9fa11481da72649668c5a711220682703ca4b4602cf750f65,False,PASS,safety_tsan_s_w8_r9_10_444_c1_w8_m0
decoder_matrix,tsan,s_w8_r9_10_444_c1,8,1,0,3,ee87267043c2fbf9fa11481da72649668c5a711220682703ca4b4602cf750f65,False,PASS,safety_tsan_s_w8_r9_10_444_c1_w8_m1
decoder_matrix,tsan,s_w8_r9_12_420_c0,8,0,0,3,cf48733abbf5425e0ed860f491f71a61786ed772f8b2e3eece84b2efaa45d94c,False,PASS,safety_tsan_s_w8_r9_12_420_c0_w8_m0
decoder_matrix,tsan,s_w8_r9_12_420_c0,8,1,0,3,cf48733abbf5425e0ed860f491f71a61786ed772f8b2e3eece84b2efaa45d94c,False,PASS,safety_tsan_s_w8_r9_12_420_c0_w8_m1
decoder_matrix,tsan,s_w8_r9_12_420_c1,8,0,0,3,960ddcfa7093cb1442b3682d9a7a78f85e27d309cdf92d2693bc87650f2a849c,False,PASS,safety_tsan_s_w8_r9_12_420_c1_w8_m0
decoder_matrix,tsan,s_w8_r9_12_420_c1,8,1,0,3,960ddcfa7093cb1442b3682d9a7a78f85e27d309cdf92d2693bc87650f2a849c,False,PASS,safety_tsan_s_w8_r9_12_420_c1_w8_m1
decoder_matrix,tsan,s_w8_r9_12_444_c0,8,0,0,3,8b2db433b308ea35ef02caf89270d551d1881cb8825226d52a8a786f778117fa,False,PASS,safety_tsan_s_w8_r9_12_444_c0_w8_m0
decoder_matrix,tsan,s_w8_r9_12_444_c0,8,1,0,3,8b2db433b308ea35ef02caf89270d551d1881cb8825226d52a8a786f778117fa,False,PASS,safety_tsan_s_w8_r9_12_444_c0_w8_m1
decoder_matrix,tsan,s_w8_r9_12_444_c1,8,0,0,3,22fb46fded26010d4853fb6cfff2f6f36942a266781ca29198ff1e440fcce27d,False,PASS,safety_tsan_s_w8_r9_12_444_c1_w8_m0
decoder_matrix,tsan,s_w8_r9_12_444_c1,8,1,0,3,22fb46fded26010d4853fb6cfff2f6f36942a266781ca29198ff1e440fcce27d,False,PASS,safety_tsan_s_w8_r9_12_444_c1_w8_m1
decoder_matrix,tsan,s_w8_r10_8_420_c0,8,0,0,3,f0ee95982fcf6c78d99541882d53b6aff79452b5a70cbb3f4ef57ceb9c92d5fd,False,PASS,safety_tsan_s_w8_r10_8_420_c0_w8_m0
decoder_matrix,tsan,s_w8_r10_8_420_c0,8,1,0,3,f0ee95982fcf6c78d99541882d53b6aff79452b5a70cbb3f4ef57ceb9c92d5fd,False,PASS,safety_tsan_s_w8_r10_8_420_c0_w8_m1
decoder_matrix,tsan,s_w8_r10_8_420_c1,8,0,0,3,618c6726d274526378842f94622c97644eac6bd8406a0ba203db322ddc4e232d,False,PASS,safety_tsan_s_w8_r10_8_420_c1_w8_m0
decoder_matrix,tsan,s_w8_r10_8_420_c1,8,1,0,3,618c6726d274526378842f94622c97644eac6bd8406a0ba203db322ddc4e232d,False,PASS,safety_tsan_s_w8_r10_8_420_c1_w8_m1
decoder_matrix,tsan,s_w8_r10_8_444_c0,8,0,0,3,56d09b8f7347fe3df23d6793c5fcefdad636ed4a722742882eb8112cef791e38,False,PASS,safety_tsan_s_w8_r10_8_444_c0_w8_m0
decoder_matrix,tsan,s_w8_r10_8_444_c0,8,1,0,3,56d09b8f7347fe3df23d6793c5fcefdad636ed4a722742882eb8112cef791e38,False,PASS,safety_tsan_s_w8_r10_8_444_c0_w8_m1
decoder_matrix,tsan,s_w8_r10_8_444_c1,8,0,0,3,43fe4db8b4e0a7545eb10d215b83687db1f4bf51ae99159e3f91823b2590a932,False,PASS,safety_tsan_s_w8_r10_8_444_c1_w8_m0
decoder_matrix,tsan,s_w8_r10_8_444_c1,8,1,0,3,43fe4db8b4e0a7545eb10d215b83687db1f4bf51ae99159e3f91823b2590a932,False,PASS,safety_tsan_s_w8_r10_8_444_c1_w8_m1
decoder_matrix,tsan,s_w8_r10_10_420_c0,8,0,0,3,9bf9ab89974726067666ebecd2613f0229c012e1f1f809f0bf9a6d8bab4f5973,False,PASS,safety_tsan_s_w8_r10_10_420_c0_w8_m0
decoder_matrix,tsan,s_w8_r10_10_420_c0,8,1,0,3,9bf9ab89974726067666ebecd2613f0229c012e1f1f809f0bf9a6d8bab4f5973,False,PASS,safety_tsan_s_w8_r10_10_420_c0_w8_m1
decoder_matrix,tsan,s_w8_r10_10_420_c1,8,0,0,3,c3b9b9d4dfef78fe00509a4ddae149c18b16f58ce816ead37a0d6b1bfda6e608,False,PASS,safety_tsan_s_w8_r10_10_420_c1_w8_m0
decoder_matrix,tsan,s_w8_r10_10_420_c1,8,1,0,3,c3b9b9d4dfef78fe00509a4ddae149c18b16f58ce816ead37a0d6b1bfda6e608,False,PASS,safety_tsan_s_w8_r10_10_420_c1_w8_m1
decoder_matrix,tsan,s_w8_r10_10_444_c0,8,0,0,3,27afea3539cbba2ac955da264d6b2dd86bbc4d33582a0d49f1a6bf670ad0cd17,False,PASS,safety_tsan_s_w8_r10_10_444_c0_w8_m0
decoder_matrix,tsan,s_w8_r10_10_444_c0,8,1,0,3,27afea3539cbba2ac955da264d6b2dd86bbc4d33582a0d49f1a6bf670ad0cd17,False,PASS,safety_tsan_s_w8_r10_10_444_c0_w8_m1
decoder_matrix,tsan,s_w8_r10_10_444_c1,8,0,0,3,32bc5f8f88777e1f51e253ee2ed05fc7269c5e183bb987c23fffa13c8ca4ae7c,False,PASS,safety_tsan_s_w8_r10_10_444_c1_w8_m0
decoder_matrix,tsan,s_w8_r10_10_444_c1,8,1,0,3,32bc5f8f88777e1f51e253ee2ed05fc7269c5e183bb987c23fffa13c8ca4ae7c,False,PASS,safety_tsan_s_w8_r10_10_444_c1_w8_m1
decoder_matrix,tsan,s_w8_r10_12_420_c0,8,0,0,3,f665c3e3cf885edbcde71f1a3d139ba4f7d90825f5f5ba0174f62d36aaed0a70,False,PASS,safety_tsan_s_w8_r10_12_420_c0_w8_m0
decoder_matrix,tsan,s_w8_r10_12_420_c0,8,1,0,3,f665c3e3cf885edbcde71f1a3d139ba4f7d90825f5f5ba0174f62d36aaed0a70,False,PASS,safety_tsan_s_w8_r10_12_420_c0_w8_m1
decoder_matrix,tsan,s_w8_r10_12_420_c1,8,0,0,3,f10e58d4362bdf81fe710c1f9ab715d01ae281a431a4a8573de5604edcfe0b55,False,PASS,safety_tsan_s_w8_r10_12_420_c1_w8_m0
decoder_matrix,tsan,s_w8_r10_12_420_c1,8,1,0,3,f10e58d4362bdf81fe710c1f9ab715d01ae281a431a4a8573de5604edcfe0b55,False,PASS,safety_tsan_s_w8_r10_12_420_c1_w8_m1
decoder_matrix,tsan,s_w8_r10_12_444_c0,8,0,0,3,7cbe050eeb7c40935bf845cb0b1b622feec53d031c8893b7cb37ad0c3f366edd,False,PASS,safety_tsan_s_w8_r10_12_444_c0_w8_m0
decoder_matrix,tsan,s_w8_r10_12_444_c0,8,1,0,3,7cbe050eeb7c40935bf845cb0b1b622feec53d031c8893b7cb37ad0c3f366edd,False,PASS,safety_tsan_s_w8_r10_12_444_c0_w8_m1
decoder_matrix,tsan,s_w8_r10_12_444_c1,8,0,0,3,61d7f16e202cdcb94a2b2a2ee84744de8b2c9424d8f0634050c02db0044402d6,False,PASS,safety_tsan_s_w8_r10_12_444_c1_w8_m0
decoder_matrix,tsan,s_w8_r10_12_444_c1,8,1,0,3,61d7f16e202cdcb94a2b2a2ee84744de8b2c9424d8f0634050c02db0044402d6,False,PASS,safety_tsan_s_w8_r10_12_444_c1_w8_m1
decoder_matrix,tsan,s_w8_r67_8_420_c0,8,0,0,3,ed62c3c2e1e2a85383401c35766ec67c4970ada029e873a9d7e564791f6f3604,False,PASS,safety_tsan_s_w8_r67_8_420_c0_w8_m0
decoder_matrix,tsan,s_w8_r67_8_420_c0,8,1,0,3,ed62c3c2e1e2a85383401c35766ec67c4970ada029e873a9d7e564791f6f3604,False,PASS,safety_tsan_s_w8_r67_8_420_c0_w8_m1
decoder_matrix,tsan,s_w8_r67_8_420_c1,8,0,0,3,0f5cc35ab3db96c25b356e2c391380ca2c61a05ee1114dd75f11dff8e6d4be48,False,PASS,safety_tsan_s_w8_r67_8_420_c1_w8_m0
decoder_matrix,tsan,s_w8_r67_8_420_c1,8,1,0,3,0f5cc35ab3db96c25b356e2c391380ca2c61a05ee1114dd75f11dff8e6d4be48,False,PASS,safety_tsan_s_w8_r67_8_420_c1_w8_m1
decoder_matrix,tsan,s_w8_r67_8_444_c0,8,0,0,3,deed8e71a650fc87877848d87253d4c675a18caa77a537d9a2f4819e43aef889,False,PASS,safety_tsan_s_w8_r67_8_444_c0_w8_m0
decoder_matrix,tsan,s_w8_r67_8_444_c0,8,1,0,3,deed8e71a650fc87877848d87253d4c675a18caa77a537d9a2f4819e43aef889,False,PASS,safety_tsan_s_w8_r67_8_444_c0_w8_m1
decoder_matrix,tsan,s_w8_r67_8_444_c1,8,0,0,3,1bc3e0f0cdf6a4aba2821b0380ef3c7a1f4ad799074bcc021aaf762b7f5d68e9,False,PASS,safety_tsan_s_w8_r67_8_444_c1_w8_m0
decoder_matrix,tsan,s_w8_r67_8_444_c1,8,1,0,3,1bc3e0f0cdf6a4aba2821b0380ef3c7a1f4ad799074bcc021aaf762b7f5d68e9,False,PASS,safety_tsan_s_w8_r67_8_444_c1_w8_m1
decoder_matrix,tsan,s_w8_r67_10_420_c0,8,0,0,3,ece1a424fde4eaede3e7d881aa7e8e40d27ed83e6debfddf17646a2c70070937,False,PASS,safety_tsan_s_w8_r67_10_420_c0_w8_m0
decoder_matrix,tsan,s_w8_r67_10_420_c0,8,1,0,3,ece1a424fde4eaede3e7d881aa7e8e40d27ed83e6debfddf17646a2c70070937,False,PASS,safety_tsan_s_w8_r67_10_420_c0_w8_m1
decoder_matrix,tsan,s_w8_r67_10_420_c1,8,0,0,3,a038da5a354b525a213dffa83a024ec44195b52ae0487b466b6d2fe9ed3bf4fd,False,PASS,safety_tsan_s_w8_r67_10_420_c1_w8_m0
decoder_matrix,tsan,s_w8_r67_10_420_c1,8,1,0,3,a038da5a354b525a213dffa83a024ec44195b52ae0487b466b6d2fe9ed3bf4fd,False,PASS,safety_tsan_s_w8_r67_10_420_c1_w8_m1
decoder_matrix,tsan,s_w8_r67_10_444_c0,8,0,0,3,17a12ddc54091629a22fd3804872505226044794725512e01e6cceb4c6db4a9f,False,PASS,safety_tsan_s_w8_r67_10_444_c0_w8_m0
decoder_matrix,tsan,s_w8_r67_10_444_c0,8,1,0,3,17a12ddc54091629a22fd3804872505226044794725512e01e6cceb4c6db4a9f,False,PASS,safety_tsan_s_w8_r67_10_444_c0_w8_m1
decoder_matrix,tsan,s_w8_r67_10_444_c1,8,0,0,3,9a773934e8867e050a4f15c89905d2e0f9b5862113933fd89d5a406449bb9d97,False,PASS,safety_tsan_s_w8_r67_10_444_c1_w8_m0
decoder_matrix,tsan,s_w8_r67_10_444_c1,8,1,0,3,9a773934e8867e050a4f15c89905d2e0f9b5862113933fd89d5a406449bb9d97,False,PASS,safety_tsan_s_w8_r67_10_444_c1_w8_m1
decoder_matrix,tsan,s_w8_r67_12_420_c0,8,0,0,3,9b9b3e52ab4ba0642ad4b8e98550751cf2f6610c48298db6f94ab04c9b05c06d,False,PASS,safety_tsan_s_w8_r67_12_420_c0_w8_m0
decoder_matrix,tsan,s_w8_r67_12_420_c0,8,1,0,3,9b9b3e52ab4ba0642ad4b8e98550751cf2f6610c48298db6f94ab04c9b05c06d,False,PASS,safety_tsan_s_w8_r67_12_420_c0_w8_m1
decoder_matrix,tsan,s_w8_r67_12_420_c1,8,0,0,3,ab050783289a1b8f6ec2cd264693a7135ace65bb9f8485cefea75d7cb5fe72e3,False,PASS,safety_tsan_s_w8_r67_12_420_c1_w8_m0
decoder_matrix,tsan,s_w8_r67_12_420_c1,8,1,0,3,ab050783289a1b8f6ec2cd264693a7135ace65bb9f8485cefea75d7cb5fe72e3,False,PASS,safety_tsan_s_w8_r67_12_420_c1_w8_m1
decoder_matrix,tsan,s_w8_r67_12_444_c0,8,0,0,3,1c9a7b5da137dfb3c8b62e0b9f5f43a8458326f15d0967f0921f4d905a3c49b4,False,PASS,safety_tsan_s_w8_r67_12_444_c0_w8_m0
decoder_matrix,tsan,s_w8_r67_12_444_c0,8,1,0,3,1c9a7b5da137dfb3c8b62e0b9f5f43a8458326f15d0967f0921f4d905a3c49b4,False,PASS,safety_tsan_s_w8_r67_12_444_c0_w8_m1
decoder_matrix,tsan,s_w8_r67_12_444_c1,8,0,0,3,bbfaf84418576d1578f4439869981aa02c811636425ef713f624a87912c7b956,False,PASS,safety_tsan_s_w8_r67_12_444_c1_w8_m0
decoder_matrix,tsan,s_w8_r67_12_444_c1,8,1,0,3,bbfaf84418576d1578f4439869981aa02c811636425ef713f624a87912c7b956,False,PASS,safety_tsan_s_w8_r67_12_444_c1_w8_m1
decoder_matrix,tsan,s_w16_r15_8_420_c0,16,0,0,3,7e321c6e86abfedfa64cd3ae5ea734c1ed3c3a98662245e6997fe6a32756983a,False,PASS,safety_tsan_s_w16_r15_8_420_c0_w16_m0
decoder_matrix,tsan,s_w16_r15_8_420_c0,16,1,0,3,7e321c6e86abfedfa64cd3ae5ea734c1ed3c3a98662245e6997fe6a32756983a,False,PASS,safety_tsan_s_w16_r15_8_420_c0_w16_m1
decoder_matrix,tsan,s_w16_r15_8_420_c1,16,0,0,3,9eb7a8792049f266a30fd479c5c0ef2f506e3e95fbb7061f0af48a01b0ebab3e,False,PASS,safety_tsan_s_w16_r15_8_420_c1_w16_m0
decoder_matrix,tsan,s_w16_r15_8_420_c1,16,1,0,3,9eb7a8792049f266a30fd479c5c0ef2f506e3e95fbb7061f0af48a01b0ebab3e,False,PASS,safety_tsan_s_w16_r15_8_420_c1_w16_m1
decoder_matrix,tsan,s_w16_r15_8_444_c0,16,0,0,3,88e59a9f90b8bca834ea8a64b32ced2e0058c9b99239368987b53113e2e036ac,False,PASS,safety_tsan_s_w16_r15_8_444_c0_w16_m0
decoder_matrix,tsan,s_w16_r15_8_444_c0,16,1,0,3,88e59a9f90b8bca834ea8a64b32ced2e0058c9b99239368987b53113e2e036ac,False,PASS,safety_tsan_s_w16_r15_8_444_c0_w16_m1
decoder_matrix,tsan,s_w16_r15_8_444_c1,16,0,0,3,42e2476a2241f8b1aa6d757f9416b5dff3f2fd8e88786a9fe8d2418d59dad522,False,PASS,safety_tsan_s_w16_r15_8_444_c1_w16_m0
decoder_matrix,tsan,s_w16_r15_8_444_c1,16,1,0,3,42e2476a2241f8b1aa6d757f9416b5dff3f2fd8e88786a9fe8d2418d59dad522,False,PASS,safety_tsan_s_w16_r15_8_444_c1_w16_m1
decoder_matrix,tsan,s_w16_r15_10_420_c0,16,0,0,3,7706a96944be8478dde322c27cbe3fc2503b85e324c31193f40f171b23017372,False,PASS,safety_tsan_s_w16_r15_10_420_c0_w16_m0
decoder_matrix,tsan,s_w16_r15_10_420_c0,16,1,0,3,7706a96944be8478dde322c27cbe3fc2503b85e324c31193f40f171b23017372,False,PASS,safety_tsan_s_w16_r15_10_420_c0_w16_m1
decoder_matrix,tsan,s_w16_r15_10_420_c1,16,0,0,3,ee6cedd66de801ad2b08708faec8ed170399dd3d06f586949886a7719ae9cfef,False,PASS,safety_tsan_s_w16_r15_10_420_c1_w16_m0
decoder_matrix,tsan,s_w16_r15_10_420_c1,16,1,0,3,ee6cedd66de801ad2b08708faec8ed170399dd3d06f586949886a7719ae9cfef,False,PASS,safety_tsan_s_w16_r15_10_420_c1_w16_m1
decoder_matrix,tsan,s_w16_r15_10_444_c0,16,0,0,3,9e427a8f8557dc09d60b0e38759b4562a7ac1a8ec70a2fe4b903ce2e727091f7,False,PASS,safety_tsan_s_w16_r15_10_444_c0_w16_m0
decoder_matrix,tsan,s_w16_r15_10_444_c0,16,1,0,3,9e427a8f8557dc09d60b0e38759b4562a7ac1a8ec70a2fe4b903ce2e727091f7,False,PASS,safety_tsan_s_w16_r15_10_444_c0_w16_m1
decoder_matrix,tsan,s_w16_r15_10_444_c1,16,0,0,3,932019ac5650627a46619078bdda1f643c1613cf04a43494d05d8730ce38bebf,False,PASS,safety_tsan_s_w16_r15_10_444_c1_w16_m0
decoder_matrix,tsan,s_w16_r15_10_444_c1,16,1,0,3,932019ac5650627a46619078bdda1f643c1613cf04a43494d05d8730ce38bebf,False,PASS,safety_tsan_s_w16_r15_10_444_c1_w16_m1
decoder_matrix,tsan,s_w16_r15_12_420_c0,16,0,0,3,b6f38fc4f1f1238c14f5ef91f5adba9b2beb57601e782a945a7b5d70d99a57b2,False,PASS,safety_tsan_s_w16_r15_12_420_c0_w16_m0
decoder_matrix,tsan,s_w16_r15_12_420_c0,16,1,0,3,b6f38fc4f1f1238c14f5ef91f5adba9b2beb57601e782a945a7b5d70d99a57b2,False,PASS,safety_tsan_s_w16_r15_12_420_c0_w16_m1
decoder_matrix,tsan,s_w16_r15_12_420_c1,16,0,0,3,61ebfbd7efee25a14c694fd4ce2e2542e35f3a130a75b6c6614d358350d23160,False,PASS,safety_tsan_s_w16_r15_12_420_c1_w16_m0
decoder_matrix,tsan,s_w16_r15_12_420_c1,16,1,0,3,61ebfbd7efee25a14c694fd4ce2e2542e35f3a130a75b6c6614d358350d23160,False,PASS,safety_tsan_s_w16_r15_12_420_c1_w16_m1
decoder_matrix,tsan,s_w16_r15_12_444_c0,16,0,0,3,06b8957cf968551604e4d0b368f03670cebda582f2bd0b74ec09a67d9c6c40b5,False,PASS,safety_tsan_s_w16_r15_12_444_c0_w16_m0
decoder_matrix,tsan,s_w16_r15_12_444_c0,16,1,0,3,06b8957cf968551604e4d0b368f03670cebda582f2bd0b74ec09a67d9c6c40b5,False,PASS,safety_tsan_s_w16_r15_12_444_c0_w16_m1
decoder_matrix,tsan,s_w16_r15_12_444_c1,16,0,0,3,50cf675f0b67b85b4cdf0c98f54018e15d390078b2be9b19f14ea93683577342,False,PASS,safety_tsan_s_w16_r15_12_444_c1_w16_m0
decoder_matrix,tsan,s_w16_r15_12_444_c1,16,1,0,3,50cf675f0b67b85b4cdf0c98f54018e15d390078b2be9b19f14ea93683577342,False,PASS,safety_tsan_s_w16_r15_12_444_c1_w16_m1
decoder_matrix,tsan,s_w16_r17_8_420_c0,16,0,0,3,92553246507f3739c827c92b2a18c65cf0404d16211482eb6594bd610893a0f0,False,PASS,safety_tsan_s_w16_r17_8_420_c0_w16_m0
decoder_matrix,tsan,s_w16_r17_8_420_c0,16,1,0,3,92553246507f3739c827c92b2a18c65cf0404d16211482eb6594bd610893a0f0,False,PASS,safety_tsan_s_w16_r17_8_420_c0_w16_m1
decoder_matrix,tsan,s_w16_r17_8_420_c1,16,0,0,3,4fadaacf0dff3767444295cc01ea78fd04bc34bed719b7d2d5866e4a70e0938e,False,PASS,safety_tsan_s_w16_r17_8_420_c1_w16_m0
decoder_matrix,tsan,s_w16_r17_8_420_c1,16,1,0,3,4fadaacf0dff3767444295cc01ea78fd04bc34bed719b7d2d5866e4a70e0938e,False,PASS,safety_tsan_s_w16_r17_8_420_c1_w16_m1
decoder_matrix,tsan,s_w16_r17_8_444_c0,16,0,0,3,930a288c2d7b2f57c755284254996a083aafb09bf6a3dfb69f5837c90226967c,False,PASS,safety_tsan_s_w16_r17_8_444_c0_w16_m0
decoder_matrix,tsan,s_w16_r17_8_444_c0,16,1,0,3,930a288c2d7b2f57c755284254996a083aafb09bf6a3dfb69f5837c90226967c,False,PASS,safety_tsan_s_w16_r17_8_444_c0_w16_m1
decoder_matrix,tsan,s_w16_r17_8_444_c1,16,0,0,3,f0c57b2f1cc68ad975f2ff769133ffb6392c5f7f0a2d15c9940910f7d44e3a44,False,PASS,safety_tsan_s_w16_r17_8_444_c1_w16_m0
decoder_matrix,tsan,s_w16_r17_8_444_c1,16,1,0,3,f0c57b2f1cc68ad975f2ff769133ffb6392c5f7f0a2d15c9940910f7d44e3a44,False,PASS,safety_tsan_s_w16_r17_8_444_c1_w16_m1
decoder_matrix,tsan,s_w16_r17_10_420_c0,16,0,0,3,516953d4a1d05636d7f92e7c1e8bf72b1a1c1c1b531e6a8cd0b92eda946b619d,False,PASS,safety_tsan_s_w16_r17_10_420_c0_w16_m0
decoder_matrix,tsan,s_w16_r17_10_420_c0,16,1,0,3,516953d4a1d05636d7f92e7c1e8bf72b1a1c1c1b531e6a8cd0b92eda946b619d,False,PASS,safety_tsan_s_w16_r17_10_420_c0_w16_m1
decoder_matrix,tsan,s_w16_r17_10_420_c1,16,0,0,3,38fc8f60a131f7dfc2a8e52f65ee87ada497a0b73449226697c08d13c58a1521,False,PASS,safety_tsan_s_w16_r17_10_420_c1_w16_m0
decoder_matrix,tsan,s_w16_r17_10_420_c1,16,1,0,3,38fc8f60a131f7dfc2a8e52f65ee87ada497a0b73449226697c08d13c58a1521,False,PASS,safety_tsan_s_w16_r17_10_420_c1_w16_m1
decoder_matrix,tsan,s_w16_r17_10_444_c0,16,0,0,3,aefbeb15a485f1b83991e8deb644c5547dae0e5605f0d32843c84a1b3d8e47fb,False,PASS,safety_tsan_s_w16_r17_10_444_c0_w16_m0
decoder_matrix,tsan,s_w16_r17_10_444_c0,16,1,0,3,aefbeb15a485f1b83991e8deb644c5547dae0e5605f0d32843c84a1b3d8e47fb,False,PASS,safety_tsan_s_w16_r17_10_444_c0_w16_m1
decoder_matrix,tsan,s_w16_r17_10_444_c1,16,0,0,3,719f300699d24b30cf2f1d82afb4dfa0417c02fb5df8fce082bd9aba96db3133,False,PASS,safety_tsan_s_w16_r17_10_444_c1_w16_m0
decoder_matrix,tsan,s_w16_r17_10_444_c1,16,1,0,3,719f300699d24b30cf2f1d82afb4dfa0417c02fb5df8fce082bd9aba96db3133,False,PASS,safety_tsan_s_w16_r17_10_444_c1_w16_m1
decoder_matrix,tsan,s_w16_r17_12_420_c0,16,0,0,3,df318840accda2f7937f2107a0019f0a7d486d1b20c804e62d45007d2b5a3476,False,PASS,safety_tsan_s_w16_r17_12_420_c0_w16_m0
decoder_matrix,tsan,s_w16_r17_12_420_c0,16,1,0,3,df318840accda2f7937f2107a0019f0a7d486d1b20c804e62d45007d2b5a3476,False,PASS,safety_tsan_s_w16_r17_12_420_c0_w16_m1
decoder_matrix,tsan,s_w16_r17_12_420_c1,16,0,0,3,64c9ff4674c4ef8091bb87de9386466aaeeef9b1ec5451d312a93c391afd4d77,False,PASS,safety_tsan_s_w16_r17_12_420_c1_w16_m0
decoder_matrix,tsan,s_w16_r17_12_420_c1,16,1,0,3,64c9ff4674c4ef8091bb87de9386466aaeeef9b1ec5451d312a93c391afd4d77,False,PASS,safety_tsan_s_w16_r17_12_420_c1_w16_m1
decoder_matrix,tsan,s_w16_r17_12_444_c0,16,0,0,3,9fc273a1674270ee4690101cde5b7db9cff7ba4a52f36632d6caf983c6b8637f,False,PASS,safety_tsan_s_w16_r17_12_444_c0_w16_m0
decoder_matrix,tsan,s_w16_r17_12_444_c0,16,1,0,3,9fc273a1674270ee4690101cde5b7db9cff7ba4a52f36632d6caf983c6b8637f,False,PASS,safety_tsan_s_w16_r17_12_444_c0_w16_m1
decoder_matrix,tsan,s_w16_r17_12_444_c1,16,0,0,3,975c8b2073df8c087d7577c6a8e83d71fd2d50c8a816893ffc7dd8071937e8fd,False,PASS,safety_tsan_s_w16_r17_12_444_c1_w16_m0
decoder_matrix,tsan,s_w16_r17_12_444_c1,16,1,0,3,975c8b2073df8c087d7577c6a8e83d71fd2d50c8a816893ffc7dd8071937e8fd,False,PASS,safety_tsan_s_w16_r17_12_444_c1_w16_m1
decoder_matrix,tsan,s_w16_r18_8_420_c0,16,0,0,3,132a0905f9c0d11a03cbb5f166e7f2926f7a5f8ce6558e7f76930236f7507a02,False,PASS,safety_tsan_s_w16_r18_8_420_c0_w16_m0
decoder_matrix,tsan,s_w16_r18_8_420_c0,16,1,0,3,132a0905f9c0d11a03cbb5f166e7f2926f7a5f8ce6558e7f76930236f7507a02,False,PASS,safety_tsan_s_w16_r18_8_420_c0_w16_m1
decoder_matrix,tsan,s_w16_r18_8_420_c1,16,0,0,3,7d71819af02ec1d9b3cedfbc3b19fde1f66503c33ee4b43365562aa912df50a6,False,PASS,safety_tsan_s_w16_r18_8_420_c1_w16_m0
decoder_matrix,tsan,s_w16_r18_8_420_c1,16,1,0,3,7d71819af02ec1d9b3cedfbc3b19fde1f66503c33ee4b43365562aa912df50a6,False,PASS,safety_tsan_s_w16_r18_8_420_c1_w16_m1
decoder_matrix,tsan,s_w16_r18_8_444_c0,16,0,0,3,ae187697574017ca72f541ca158f8aa91f1163911810b9f4ecf951d89df15a16,False,PASS,safety_tsan_s_w16_r18_8_444_c0_w16_m0
decoder_matrix,tsan,s_w16_r18_8_444_c0,16,1,0,3,ae187697574017ca72f541ca158f8aa91f1163911810b9f4ecf951d89df15a16,False,PASS,safety_tsan_s_w16_r18_8_444_c0_w16_m1
decoder_matrix,tsan,s_w16_r18_8_444_c1,16,0,0,3,0b5eac090552c0dd9240d0052c1b253ac357137be4899660a92f25f977914a7d,False,PASS,safety_tsan_s_w16_r18_8_444_c1_w16_m0
decoder_matrix,tsan,s_w16_r18_8_444_c1,16,1,0,3,0b5eac090552c0dd9240d0052c1b253ac357137be4899660a92f25f977914a7d,False,PASS,safety_tsan_s_w16_r18_8_444_c1_w16_m1
decoder_matrix,tsan,s_w16_r18_10_420_c0,16,0,0,3,67939693eb35384ef262810ee03dfaca7ab6837248e047b1d22e9b9a2fdf5ce4,False,PASS,safety_tsan_s_w16_r18_10_420_c0_w16_m0
decoder_matrix,tsan,s_w16_r18_10_420_c0,16,1,0,3,67939693eb35384ef262810ee03dfaca7ab6837248e047b1d22e9b9a2fdf5ce4,False,PASS,safety_tsan_s_w16_r18_10_420_c0_w16_m1
decoder_matrix,tsan,s_w16_r18_10_420_c1,16,0,0,3,c0c136a0d4b46a06303e4d11a02a4afbb223c6484d08d3242c07952bc4f6af34,False,PASS,safety_tsan_s_w16_r18_10_420_c1_w16_m0
decoder_matrix,tsan,s_w16_r18_10_420_c1,16,1,0,3,c0c136a0d4b46a06303e4d11a02a4afbb223c6484d08d3242c07952bc4f6af34,False,PASS,safety_tsan_s_w16_r18_10_420_c1_w16_m1
decoder_matrix,tsan,s_w16_r18_10_444_c0,16,0,0,3,ecafa95f56715e22566b09c78570c52a9587e869e8d8167032f1e87543510539,False,PASS,safety_tsan_s_w16_r18_10_444_c0_w16_m0
decoder_matrix,tsan,s_w16_r18_10_444_c0,16,1,0,3,ecafa95f56715e22566b09c78570c52a9587e869e8d8167032f1e87543510539,False,PASS,safety_tsan_s_w16_r18_10_444_c0_w16_m1
decoder_matrix,tsan,s_w16_r18_10_444_c1,16,0,0,3,19909346cbda2575f25af56cc395bbdc47d1f8488048296c2eabf73b9122b7e8,False,PASS,safety_tsan_s_w16_r18_10_444_c1_w16_m0
decoder_matrix,tsan,s_w16_r18_10_444_c1,16,1,0,3,19909346cbda2575f25af56cc395bbdc47d1f8488048296c2eabf73b9122b7e8,False,PASS,safety_tsan_s_w16_r18_10_444_c1_w16_m1
decoder_matrix,tsan,s_w16_r18_12_420_c0,16,0,0,3,7b830bafdef9b417db71815e4bc2afed5a8259a2837e2d086a564ff9015414af,False,PASS,safety_tsan_s_w16_r18_12_420_c0_w16_m0
decoder_matrix,tsan,s_w16_r18_12_420_c0,16,1,0,3,7b830bafdef9b417db71815e4bc2afed5a8259a2837e2d086a564ff9015414af,False,PASS,safety_tsan_s_w16_r18_12_420_c0_w16_m1
decoder_matrix,tsan,s_w16_r18_12_420_c1,16,0,0,3,93d01769e2eca4d32b288aa52a67286bf9cd7c5a26ed22c91eded6924252af96,False,PASS,safety_tsan_s_w16_r18_12_420_c1_w16_m0
decoder_matrix,tsan,s_w16_r18_12_420_c1,16,1,0,3,93d01769e2eca4d32b288aa52a67286bf9cd7c5a26ed22c91eded6924252af96,False,PASS,safety_tsan_s_w16_r18_12_420_c1_w16_m1
decoder_matrix,tsan,s_w16_r18_12_444_c0,16,0,0,3,4dcddb279e81505694614925890597119f937825f448b6a9201a9b47256b6caa,False,PASS,safety_tsan_s_w16_r18_12_444_c0_w16_m0
decoder_matrix,tsan,s_w16_r18_12_444_c0,16,1,0,3,4dcddb279e81505694614925890597119f937825f448b6a9201a9b47256b6caa,False,PASS,safety_tsan_s_w16_r18_12_444_c0_w16_m1
decoder_matrix,tsan,s_w16_r18_12_444_c1,16,0,0,3,843c7240cda427f06573f0c6b7b725a65463586cba150fbe2c3947ddcee25510,False,PASS,safety_tsan_s_w16_r18_12_444_c1_w16_m0
decoder_matrix,tsan,s_w16_r18_12_444_c1,16,1,0,3,843c7240cda427f06573f0c6b7b725a65463586cba150fbe2c3947ddcee25510,False,PASS,safety_tsan_s_w16_r18_12_444_c1_w16_m1
decoder_matrix,tsan,s_w16_r131_8_420_c0,16,0,0,3,d84580966e1c661e1bf8b1571b03e8c8733bb92049d41d4f7cabba8d907373eb,False,PASS,safety_tsan_s_w16_r131_8_420_c0_w16_m0
decoder_matrix,tsan,s_w16_r131_8_420_c0,16,1,0,3,d84580966e1c661e1bf8b1571b03e8c8733bb92049d41d4f7cabba8d907373eb,False,PASS,safety_tsan_s_w16_r131_8_420_c0_w16_m1
decoder_matrix,tsan,s_w16_r131_8_420_c1,16,0,0,3,8143933a87a8362a6da0310444d0db14f9a478b778800f01dea79003b31e3a23,False,PASS,safety_tsan_s_w16_r131_8_420_c1_w16_m0
decoder_matrix,tsan,s_w16_r131_8_420_c1,16,1,0,3,8143933a87a8362a6da0310444d0db14f9a478b778800f01dea79003b31e3a23,False,PASS,safety_tsan_s_w16_r131_8_420_c1_w16_m1
decoder_matrix,tsan,s_w16_r131_8_444_c0,16,0,0,3,9facff1071583fd51590f0aa357e6ccf779d45a7b32010c9a19f79c4cd3dd0a4,False,PASS,safety_tsan_s_w16_r131_8_444_c0_w16_m0
decoder_matrix,tsan,s_w16_r131_8_444_c0,16,1,0,3,9facff1071583fd51590f0aa357e6ccf779d45a7b32010c9a19f79c4cd3dd0a4,False,PASS,safety_tsan_s_w16_r131_8_444_c0_w16_m1
decoder_matrix,tsan,s_w16_r131_8_444_c1,16,0,0,3,ce3b3a80d0fade7d1d005020d91cab40bceecf30402ae6f79f49798c75506536,False,PASS,safety_tsan_s_w16_r131_8_444_c1_w16_m0
decoder_matrix,tsan,s_w16_r131_8_444_c1,16,1,0,3,ce3b3a80d0fade7d1d005020d91cab40bceecf30402ae6f79f49798c75506536,False,PASS,safety_tsan_s_w16_r131_8_444_c1_w16_m1
decoder_matrix,tsan,s_w16_r131_10_420_c0,16,0,0,3,f722a4d0d3299547f1b0f2a890a797a6a6ebd9a8ad6afe322ae83bba7e649402,False,PASS,safety_tsan_s_w16_r131_10_420_c0_w16_m0
decoder_matrix,tsan,s_w16_r131_10_420_c0,16,1,0,3,f722a4d0d3299547f1b0f2a890a797a6a6ebd9a8ad6afe322ae83bba7e649402,False,PASS,safety_tsan_s_w16_r131_10_420_c0_w16_m1
decoder_matrix,tsan,s_w16_r131_10_420_c1,16,0,0,3,08e1f6b24e6700933fe56478ed70e744d61a013614f9749f1c93ff20dd4cb7a2,False,PASS,safety_tsan_s_w16_r131_10_420_c1_w16_m0
decoder_matrix,tsan,s_w16_r131_10_420_c1,16,1,0,3,08e1f6b24e6700933fe56478ed70e744d61a013614f9749f1c93ff20dd4cb7a2,False,PASS,safety_tsan_s_w16_r131_10_420_c1_w16_m1
decoder_matrix,tsan,s_w16_r131_10_444_c0,16,0,0,3,8a1c46cb37a327823acd3ef5d2facbb137489b7c5499302c7a426d3f1309caaa,False,PASS,safety_tsan_s_w16_r131_10_444_c0_w16_m0
decoder_matrix,tsan,s_w16_r131_10_444_c0,16,1,0,3,8a1c46cb37a327823acd3ef5d2facbb137489b7c5499302c7a426d3f1309caaa,False,PASS,safety_tsan_s_w16_r131_10_444_c0_w16_m1
decoder_matrix,tsan,s_w16_r131_10_444_c1,16,0,0,3,e4aae582839b4b68522c715f4971f83e28f65d84c6294a80329e9c2cf5db4798,False,PASS,safety_tsan_s_w16_r131_10_444_c1_w16_m0
decoder_matrix,tsan,s_w16_r131_10_444_c1,16,1,0,3,e4aae582839b4b68522c715f4971f83e28f65d84c6294a80329e9c2cf5db4798,False,PASS,safety_tsan_s_w16_r131_10_444_c1_w16_m1
decoder_matrix,tsan,s_w16_r131_12_420_c0,16,0,0,3,d2f8f0186fbef2a63c949dafc6998f103e21bf327e5b08213a348fe4cafb60e2,False,PASS,safety_tsan_s_w16_r131_12_420_c0_w16_m0
decoder_matrix,tsan,s_w16_r131_12_420_c0,16,1,0,3,d2f8f0186fbef2a63c949dafc6998f103e21bf327e5b08213a348fe4cafb60e2,False,PASS,safety_tsan_s_w16_r131_12_420_c0_w16_m1
decoder_matrix,tsan,s_w16_r131_12_420_c1,16,0,0,3,e91f2e4c2f481423ffe72bc4ee8f3d6af840874f6c37afa87b7bf398d67c54e5,False,PASS,safety_tsan_s_w16_r131_12_420_c1_w16_m0
decoder_matrix,tsan,s_w16_r131_12_420_c1,16,1,0,3,e91f2e4c2f481423ffe72bc4ee8f3d6af840874f6c37afa87b7bf398d67c54e5,False,PASS,safety_tsan_s_w16_r131_12_420_c1_w16_m1
decoder_matrix,tsan,s_w16_r131_12_444_c0,16,0,0,3,1d03c231dc92c4c1163eada220c0aba0be1a54c3d4910e40176169d8ab2d4bd6,False,PASS,safety_tsan_s_w16_r131_12_444_c0_w16_m0
decoder_matrix,tsan,s_w16_r131_12_444_c0,16,1,0,3,1d03c231dc92c4c1163eada220c0aba0be1a54c3d4910e40176169d8ab2d4bd6,False,PASS,safety_tsan_s_w16_r131_12_444_c0_w16_m1
decoder_matrix,tsan,s_w16_r131_12_444_c1,16,0,0,3,ee07a657cc53462c12167a34907dc53f34e0fca38a5065b17ee0d6bc4ee7ed7e,False,PASS,safety_tsan_s_w16_r131_12_444_c1_w16_m0
decoder_matrix,tsan,s_w16_r131_12_444_c1,16,1,0,3,ee07a657cc53462c12167a34907dc53f34e0fca38a5065b17ee0d6bc4ee7ed7e,False,PASS,safety_tsan_s_w16_r131_12_444_c1_w16_m1
decoder_matrix,tsan,sequence_8_420,1,0,0,21,07bb833b1ecabde88fc2fc9afeb31fe7b29d58af2da433300b0c963ff947b7e6,False,PASS,safety_tsan_sequence_8_420_w1_m0
decoder_matrix,tsan,sequence_8_420,1,1,0,21,07bb833b1ecabde88fc2fc9afeb31fe7b29d58af2da433300b0c963ff947b7e6,False,PASS,safety_tsan_sequence_8_420_w1_m1
decoder_matrix,tsan,sequence_8_420,2,0,0,21,07bb833b1ecabde88fc2fc9afeb31fe7b29d58af2da433300b0c963ff947b7e6,False,PASS,safety_tsan_sequence_8_420_w2_m0
decoder_matrix,tsan,sequence_8_420,2,1,0,21,07bb833b1ecabde88fc2fc9afeb31fe7b29d58af2da433300b0c963ff947b7e6,False,PASS,safety_tsan_sequence_8_420_w2_m1
decoder_matrix,tsan,sequence_8_420,8,0,0,21,07bb833b1ecabde88fc2fc9afeb31fe7b29d58af2da433300b0c963ff947b7e6,False,PASS,safety_tsan_sequence_8_420_w8_m0
decoder_matrix,tsan,sequence_8_420,8,1,0,21,07bb833b1ecabde88fc2fc9afeb31fe7b29d58af2da433300b0c963ff947b7e6,False,PASS,safety_tsan_sequence_8_420_w8_m1
decoder_matrix,tsan,sequence_8_420,16,0,0,21,07bb833b1ecabde88fc2fc9afeb31fe7b29d58af2da433300b0c963ff947b7e6,False,PASS,safety_tsan_sequence_8_420_w16_m0
decoder_matrix,tsan,sequence_8_420,16,1,0,21,07bb833b1ecabde88fc2fc9afeb31fe7b29d58af2da433300b0c963ff947b7e6,False,PASS,safety_tsan_sequence_8_420_w16_m1
decoder_matrix,tsan,sequence_8_444,1,0,0,21,fb70a8f3b758cee70f4bc548b6329c0b415c1e883aa73cf4554aa91e9ba31d15,False,PASS,safety_tsan_sequence_8_444_w1_m0
decoder_matrix,tsan,sequence_8_444,1,1,0,21,fb70a8f3b758cee70f4bc548b6329c0b415c1e883aa73cf4554aa91e9ba31d15,False,PASS,safety_tsan_sequence_8_444_w1_m1
decoder_matrix,tsan,sequence_8_444,2,0,0,21,fb70a8f3b758cee70f4bc548b6329c0b415c1e883aa73cf4554aa91e9ba31d15,False,PASS,safety_tsan_sequence_8_444_w2_m0
decoder_matrix,tsan,sequence_8_444,2,1,0,21,fb70a8f3b758cee70f4bc548b6329c0b415c1e883aa73cf4554aa91e9ba31d15,False,PASS,safety_tsan_sequence_8_444_w2_m1
decoder_matrix,tsan,sequence_8_444,8,0,0,21,fb70a8f3b758cee70f4bc548b6329c0b415c1e883aa73cf4554aa91e9ba31d15,False,PASS,safety_tsan_sequence_8_444_w8_m0
decoder_matrix,tsan,sequence_8_444,8,1,0,21,fb70a8f3b758cee70f4bc548b6329c0b415c1e883aa73cf4554aa91e9ba31d15,False,PASS,safety_tsan_sequence_8_444_w8_m1
decoder_matrix,tsan,sequence_8_444,16,0,0,21,fb70a8f3b758cee70f4bc548b6329c0b415c1e883aa73cf4554aa91e9ba31d15,False,PASS,safety_tsan_sequence_8_444_w16_m0
decoder_matrix,tsan,sequence_8_444,16,1,0,21,fb70a8f3b758cee70f4bc548b6329c0b415c1e883aa73cf4554aa91e9ba31d15,False,PASS,safety_tsan_sequence_8_444_w16_m1
decoder_matrix,tsan,sequence_10_420,1,0,0,21,679d1d9250e738a81eaaeab4549ef34d2ea20913bfd665c37842bbb9ac0cc156,False,PASS,safety_tsan_sequence_10_420_w1_m0
decoder_matrix,tsan,sequence_10_420,1,1,0,21,679d1d9250e738a81eaaeab4549ef34d2ea20913bfd665c37842bbb9ac0cc156,False,PASS,safety_tsan_sequence_10_420_w1_m1
decoder_matrix,tsan,sequence_10_420,2,0,0,21,679d1d9250e738a81eaaeab4549ef34d2ea20913bfd665c37842bbb9ac0cc156,False,PASS,safety_tsan_sequence_10_420_w2_m0
decoder_matrix,tsan,sequence_10_420,2,1,0,21,679d1d9250e738a81eaaeab4549ef34d2ea20913bfd665c37842bbb9ac0cc156,False,PASS,safety_tsan_sequence_10_420_w2_m1
decoder_matrix,tsan,sequence_10_420,8,0,0,21,679d1d9250e738a81eaaeab4549ef34d2ea20913bfd665c37842bbb9ac0cc156,False,PASS,safety_tsan_sequence_10_420_w8_m0
decoder_matrix,tsan,sequence_10_420,8,1,0,21,679d1d9250e738a81eaaeab4549ef34d2ea20913bfd665c37842bbb9ac0cc156,False,PASS,safety_tsan_sequence_10_420_w8_m1
decoder_matrix,tsan,sequence_10_420,16,0,0,21,679d1d9250e738a81eaaeab4549ef34d2ea20913bfd665c37842bbb9ac0cc156,False,PASS,safety_tsan_sequence_10_420_w16_m0
decoder_matrix,tsan,sequence_10_420,16,1,0,21,679d1d9250e738a81eaaeab4549ef34d2ea20913bfd665c37842bbb9ac0cc156,False,PASS,safety_tsan_sequence_10_420_w16_m1
decoder_matrix,tsan,sequence_10_444,1,0,0,21,3c3889d88fe938e9ba84c711dc99f891457f96996c8cb7cbccd5c96e5ab99cec,False,PASS,safety_tsan_sequence_10_444_w1_m0
decoder_matrix,tsan,sequence_10_444,1,1,0,21,3c3889d88fe938e9ba84c711dc99f891457f96996c8cb7cbccd5c96e5ab99cec,False,PASS,safety_tsan_sequence_10_444_w1_m1
decoder_matrix,tsan,sequence_10_444,2,0,0,21,3c3889d88fe938e9ba84c711dc99f891457f96996c8cb7cbccd5c96e5ab99cec,False,PASS,safety_tsan_sequence_10_444_w2_m0
decoder_matrix,tsan,sequence_10_444,2,1,0,21,3c3889d88fe938e9ba84c711dc99f891457f96996c8cb7cbccd5c96e5ab99cec,False,PASS,safety_tsan_sequence_10_444_w2_m1
decoder_matrix,tsan,sequence_10_444,8,0,0,21,3c3889d88fe938e9ba84c711dc99f891457f96996c8cb7cbccd5c96e5ab99cec,False,PASS,safety_tsan_sequence_10_444_w8_m0
decoder_matrix,tsan,sequence_10_444,8,1,0,21,3c3889d88fe938e9ba84c711dc99f891457f96996c8cb7cbccd5c96e5ab99cec,False,PASS,safety_tsan_sequence_10_444_w8_m1
decoder_matrix,tsan,sequence_10_444,16,0,0,21,3c3889d88fe938e9ba84c711dc99f891457f96996c8cb7cbccd5c96e5ab99cec,False,PASS,safety_tsan_sequence_10_444_w16_m0
decoder_matrix,tsan,sequence_10_444,16,1,0,21,3c3889d88fe938e9ba84c711dc99f891457f96996c8cb7cbccd5c96e5ab99cec,False,PASS,safety_tsan_sequence_10_444_w16_m1
decoder_matrix,tsan,sequence_12_420,1,0,0,21,2659ae6933402971c50b63873ec01c89b6c793bde93466ca79a135a31b6f31a3,False,PASS,safety_tsan_sequence_12_420_w1_m0
decoder_matrix,tsan,sequence_12_420,1,1,0,21,2659ae6933402971c50b63873ec01c89b6c793bde93466ca79a135a31b6f31a3,False,PASS,safety_tsan_sequence_12_420_w1_m1
decoder_matrix,tsan,sequence_12_420,2,0,0,21,2659ae6933402971c50b63873ec01c89b6c793bde93466ca79a135a31b6f31a3,False,PASS,safety_tsan_sequence_12_420_w2_m0
decoder_matrix,tsan,sequence_12_420,2,1,0,21,2659ae6933402971c50b63873ec01c89b6c793bde93466ca79a135a31b6f31a3,False,PASS,safety_tsan_sequence_12_420_w2_m1
decoder_matrix,tsan,sequence_12_420,8,0,0,21,2659ae6933402971c50b63873ec01c89b6c793bde93466ca79a135a31b6f31a3,False,PASS,safety_tsan_sequence_12_420_w8_m0
decoder_matrix,tsan,sequence_12_420,8,1,0,21,2659ae6933402971c50b63873ec01c89b6c793bde93466ca79a135a31b6f31a3,False,PASS,safety_tsan_sequence_12_420_w8_m1
decoder_matrix,tsan,sequence_12_420,16,0,0,21,2659ae6933402971c50b63873ec01c89b6c793bde93466ca79a135a31b6f31a3,False,PASS,safety_tsan_sequence_12_420_w16_m0
decoder_matrix,tsan,sequence_12_420,16,1,0,21,2659ae6933402971c50b63873ec01c89b6c793bde93466ca79a135a31b6f31a3,False,PASS,safety_tsan_sequence_12_420_w16_m1
decoder_matrix,tsan,sequence_12_444,1,0,0,21,6662ecd55ef2f52d00903e2f79a1956ef64c5444960398e22e42656560386ce0,False,PASS,safety_tsan_sequence_12_444_w1_m0
decoder_matrix,tsan,sequence_12_444,1,1,0,21,6662ecd55ef2f52d00903e2f79a1956ef64c5444960398e22e42656560386ce0,False,PASS,safety_tsan_sequence_12_444_w1_m1
decoder_matrix,tsan,sequence_12_444,2,0,0,21,6662ecd55ef2f52d00903e2f79a1956ef64c5444960398e22e42656560386ce0,False,PASS,safety_tsan_sequence_12_444_w2_m0
decoder_matrix,tsan,sequence_12_444,2,1,0,21,6662ecd55ef2f52d00903e2f79a1956ef64c5444960398e22e42656560386ce0,False,PASS,safety_tsan_sequence_12_444_w2_m1
decoder_matrix,tsan,sequence_12_444,8,0,0,21,6662ecd55ef2f52d00903e2f79a1956ef64c5444960398e22e42656560386ce0,False,PASS,safety_tsan_sequence_12_444_w8_m0
decoder_matrix,tsan,sequence_12_444,8,1,0,21,6662ecd55ef2f52d00903e2f79a1956ef64c5444960398e22e42656560386ce0,False,PASS,safety_tsan_sequence_12_444_w8_m1
decoder_matrix,tsan,sequence_12_444,16,0,0,21,6662ecd55ef2f52d00903e2f79a1956ef64c5444960398e22e42656560386ce0,False,PASS,safety_tsan_sequence_12_444_w16_m0
decoder_matrix,tsan,sequence_12_444,16,1,0,21,6662ecd55ef2f52d00903e2f79a1956ef64c5444960398e22e42656560386ce0,False,PASS,safety_tsan_sequence_12_444_w16_m1
