profile,depth,chroma,W,case,mode,exit_code,codec_status,frames,fault_events,recovery_events,sanitizer,slot_violations,exhaustion,double_allocation,double_free,unreleased_allocations,status,command_log
asan,8,420,2,stage1,fault,3,1,0,1,0,False,0,False,0,0,0,PASS,fault_asan_8_420_w2_stage1_fault
asan,8,420,2,stage1,same_instance,0,0,3,1,1,False,0,False,0,0,0,PASS,fault_asan_8_420_w2_stage1_same_instance
asan,8,420,2,stage1,destroy_recreate,0,0,3,1,1,False,0,False,0,0,0,PASS,fault_asan_8_420_w2_stage1_destroy_recreate
asan,8,420,2,stage2,fault,3,1,0,1,0,False,0,False,0,0,0,PASS,fault_asan_8_420_w2_stage2_fault
asan,8,420,2,stage2,same_instance,0,0,3,1,1,False,0,False,0,0,0,PASS,fault_asan_8_420_w2_stage2_same_instance
asan,8,420,2,stage2,destroy_recreate,0,0,3,1,1,False,0,False,0,0,0,PASS,fault_asan_8_420_w2_stage2_destroy_recreate
asan,8,420,2,stage3,fault,3,1,0,1,0,False,0,False,0,0,0,PASS,fault_asan_8_420_w2_stage3_fault
asan,8,420,2,stage3,same_instance,0,0,3,1,1,False,0,False,0,0,0,PASS,fault_asan_8_420_w2_stage3_same_instance
asan,8,420,2,stage3,destroy_recreate,0,0,3,1,1,False,0,False,0,0,0,PASS,fault_asan_8_420_w2_stage3_destroy_recreate
asan,8,420,2,stage4,fault,3,1,0,1,0,False,0,False,0,0,0,PASS,fault_asan_8_420_w2_stage4_fault
asan,8,420,2,stage4,same_instance,0,0,3,1,1,False,0,False,0,0,0,PASS,fault_asan_8_420_w2_stage4_same_instance
asan,8,420,2,stage4,destroy_recreate,0,0,3,1,1,False,0,False,0,0,0,PASS,fault_asan_8_420_w2_stage4_destroy_recreate
asan,8,420,2,stage5,fault,3,1,0,1,0,False,0,False,0,0,0,PASS,fault_asan_8_420_w2_stage5_fault
asan,8,420,2,stage5,same_instance,0,0,3,1,1,False,0,False,0,0,0,PASS,fault_asan_8_420_w2_stage5_same_instance
asan,8,420,2,stage5,destroy_recreate,0,0,3,1,1,False,0,False,0,0,0,PASS,fault_asan_8_420_w2_stage5_destroy_recreate
asan,8,420,2,stage6,fault,3,1,0,1,0,False,0,False,0,0,0,PASS,fault_asan_8_420_w2_stage6_fault
asan,8,420,2,stage6,same_instance,0,0,3,1,1,False,0,False,0,0,0,PASS,fault_asan_8_420_w2_stage6_same_instance
asan,8,420,2,stage6,destroy_recreate,0,0,3,1,1,False,0,False,0,0,0,PASS,fault_asan_8_420_w2_stage6_destroy_recreate
asan,8,420,2,stage7,fault,3,1,0,1,0,False,0,False,0,0,0,PASS,fault_asan_8_420_w2_stage7_fault
asan,8,420,2,stage7,same_instance,0,0,3,1,1,False,0,False,0,0,0,PASS,fault_asan_8_420_w2_stage7_same_instance
asan,8,420,2,stage7,destroy_recreate,0,0,3,1,1,False,0,False,0,0,0,PASS,fault_asan_8_420_w2_stage7_destroy_recreate
asan,8,420,2,plane0,fault,3,2,0,0,0,False,0,False,0,0,0,PASS,fault_asan_8_420_w2_plane0_fault
asan,8,420,2,plane0,same_instance,0,0,3,0,1,False,0,False,0,0,0,PASS,fault_asan_8_420_w2_plane0_same_instance
asan,8,420,2,plane0,destroy_recreate,0,0,3,0,1,False,0,False,0,0,0,PASS,fault_asan_8_420_w2_plane0_destroy_recreate
asan,8,420,2,plane1,fault,3,2,0,0,0,False,0,False,0,0,0,PASS,fault_asan_8_420_w2_plane1_fault
asan,8,420,2,plane1,same_instance,0,0,3,0,1,False,0,False,0,0,0,PASS,fault_asan_8_420_w2_plane1_same_instance
asan,8,420,2,plane1,destroy_recreate,0,0,3,0,1,False,0,False,0,0,0,PASS,fault_asan_8_420_w2_plane1_destroy_recreate
asan,8,420,2,plane2,fault,3,2,0,0,0,False,0,False,0,0,0,PASS,fault_asan_8_420_w2_plane2_fault
asan,8,420,2,plane2,same_instance,0,0,3,0,1,False,0,False,0,0,0,PASS,fault_asan_8_420_w2_plane2_same_instance
asan,8,420,2,plane2,destroy_recreate,0,0,3,0,1,False,0,False,0,0,0,PASS,fault_asan_8_420_w2_plane2_destroy_recreate
asan,8,420,2,owner,fault,3,2,0,0,0,False,0,False,0,0,0,PASS,fault_asan_8_420_w2_owner_fault
asan,8,420,2,owner,same_instance,0,0,3,0,1,False,0,False,0,0,0,PASS,fault_asan_8_420_w2_owner_same_instance
asan,8,420,2,owner,destroy_recreate,0,0,3,0,1,False,0,False,0,0,0,PASS,fault_asan_8_420_w2_owner_destroy_recreate
asan,8,420,2,negative_stage,fault,0,0,3,0,0,False,0,False,0,0,0,PASS,fault_asan_8_420_w2_negative_stage_fault
asan,8,420,2,negative_row,fault,0,0,3,0,0,False,0,False,0,0,0,PASS,fault_asan_8_420_w2_negative_row_fault
asan,8,420,8,stage1,fault,3,1,0,1,0,False,0,False,0,0,0,PASS,fault_asan_8_420_w8_stage1_fault
asan,8,420,8,stage1,same_instance,0,0,3,1,1,False,0,False,0,0,0,PASS,fault_asan_8_420_w8_stage1_same_instance
asan,8,420,8,stage1,destroy_recreate,0,0,3,1,1,False,0,False,0,0,0,PASS,fault_asan_8_420_w8_stage1_destroy_recreate
asan,8,420,8,stage2,fault,3,1,0,1,0,False,0,False,0,0,0,PASS,fault_asan_8_420_w8_stage2_fault
asan,8,420,8,stage2,same_instance,0,0,3,1,1,False,0,False,0,0,0,PASS,fault_asan_8_420_w8_stage2_same_instance
asan,8,420,8,stage2,destroy_recreate,0,0,3,1,1,False,0,False,0,0,0,PASS,fault_asan_8_420_w8_stage2_destroy_recreate
asan,8,420,8,stage3,fault,3,1,0,1,0,False,0,False,0,0,0,PASS,fault_asan_8_420_w8_stage3_fault
asan,8,420,8,stage3,same_instance,0,0,3,1,1,False,0,False,0,0,0,PASS,fault_asan_8_420_w8_stage3_same_instance
asan,8,420,8,stage3,destroy_recreate,0,0,3,1,1,False,0,False,0,0,0,PASS,fault_asan_8_420_w8_stage3_destroy_recreate
asan,8,420,8,stage4,fault,3,1,0,1,0,False,0,False,0,0,0,PASS,fault_asan_8_420_w8_stage4_fault
asan,8,420,8,stage4,same_instance,0,0,3,1,1,False,0,False,0,0,0,PASS,fault_asan_8_420_w8_stage4_same_instance
asan,8,420,8,stage4,destroy_recreate,0,0,3,1,1,False,0,False,0,0,0,PASS,fault_asan_8_420_w8_stage4_destroy_recreate
asan,8,420,8,stage5,fault,3,1,0,1,0,False,0,False,0,0,0,PASS,fault_asan_8_420_w8_stage5_fault
asan,8,420,8,stage5,same_instance,0,0,3,1,1,False,0,False,0,0,0,PASS,fault_asan_8_420_w8_stage5_same_instance
asan,8,420,8,stage5,destroy_recreate,0,0,3,1,1,False,0,False,0,0,0,PASS,fault_asan_8_420_w8_stage5_destroy_recreate
asan,8,420,8,stage6,fault,3,1,0,1,0,False,0,False,0,0,0,PASS,fault_asan_8_420_w8_stage6_fault
asan,8,420,8,stage6,same_instance,0,0,3,1,1,False,0,False,0,0,0,PASS,fault_asan_8_420_w8_stage6_same_instance
asan,8,420,8,stage6,destroy_recreate,0,0,3,1,1,False,0,False,0,0,0,PASS,fault_asan_8_420_w8_stage6_destroy_recreate
asan,8,420,8,stage7,fault,3,1,0,1,0,False,0,False,0,0,0,PASS,fault_asan_8_420_w8_stage7_fault
asan,8,420,8,stage7,same_instance,0,0,3,1,1,False,0,False,0,0,0,PASS,fault_asan_8_420_w8_stage7_same_instance
asan,8,420,8,stage7,destroy_recreate,0,0,3,1,1,False,0,False,0,0,0,PASS,fault_asan_8_420_w8_stage7_destroy_recreate
asan,8,420,8,plane0,fault,3,2,0,0,0,False,0,False,0,0,0,PASS,fault_asan_8_420_w8_plane0_fault
asan,8,420,8,plane0,same_instance,0,0,3,0,1,False,0,False,0,0,0,PASS,fault_asan_8_420_w8_plane0_same_instance
asan,8,420,8,plane0,destroy_recreate,0,0,3,0,1,False,0,False,0,0,0,PASS,fault_asan_8_420_w8_plane0_destroy_recreate
asan,8,420,8,plane1,fault,3,2,0,0,0,False,0,False,0,0,0,PASS,fault_asan_8_420_w8_plane1_fault
asan,8,420,8,plane1,same_instance,0,0,3,0,1,False,0,False,0,0,0,PASS,fault_asan_8_420_w8_plane1_same_instance
asan,8,420,8,plane1,destroy_recreate,0,0,3,0,1,False,0,False,0,0,0,PASS,fault_asan_8_420_w8_plane1_destroy_recreate
asan,8,420,8,plane2,fault,3,2,0,0,0,False,0,False,0,0,0,PASS,fault_asan_8_420_w8_plane2_fault
asan,8,420,8,plane2,same_instance,0,0,3,0,1,False,0,False,0,0,0,PASS,fault_asan_8_420_w8_plane2_same_instance
asan,8,420,8,plane2,destroy_recreate,0,0,3,0,1,False,0,False,0,0,0,PASS,fault_asan_8_420_w8_plane2_destroy_recreate
asan,8,420,8,owner,fault,3,2,0,0,0,False,0,False,0,0,0,PASS,fault_asan_8_420_w8_owner_fault
asan,8,420,8,owner,same_instance,0,0,3,0,1,False,0,False,0,0,0,PASS,fault_asan_8_420_w8_owner_same_instance
asan,8,420,8,owner,destroy_recreate,0,0,3,0,1,False,0,False,0,0,0,PASS,fault_asan_8_420_w8_owner_destroy_recreate
asan,8,420,8,negative_stage,fault,0,0,3,0,0,False,0,False,0,0,0,PASS,fault_asan_8_420_w8_negative_stage_fault
asan,8,420,8,negative_row,fault,0,0,3,0,0,False,0,False,0,0,0,PASS,fault_asan_8_420_w8_negative_row_fault
asan,8,420,16,stage1,fault,3,1,0,1,0,False,0,False,0,0,0,PASS,fault_asan_8_420_w16_stage1_fault
asan,8,420,16,stage1,same_instance,0,0,3,1,1,False,0,False,0,0,0,PASS,fault_asan_8_420_w16_stage1_same_instance
asan,8,420,16,stage1,destroy_recreate,0,0,3,1,1,False,0,False,0,0,0,PASS,fault_asan_8_420_w16_stage1_destroy_recreate
asan,8,420,16,stage2,fault,3,1,0,1,0,False,0,False,0,0,0,PASS,fault_asan_8_420_w16_stage2_fault
asan,8,420,16,stage2,same_instance,0,0,3,1,1,False,0,False,0,0,0,PASS,fault_asan_8_420_w16_stage2_same_instance
asan,8,420,16,stage2,destroy_recreate,0,0,3,1,1,False,0,False,0,0,0,PASS,fault_asan_8_420_w16_stage2_destroy_recreate
asan,8,420,16,stage3,fault,3,1,0,1,0,False,0,False,0,0,0,PASS,fault_asan_8_420_w16_stage3_fault
asan,8,420,16,stage3,same_instance,0,0,3,1,1,False,0,False,0,0,0,PASS,fault_asan_8_420_w16_stage3_same_instance
asan,8,420,16,stage3,destroy_recreate,0,0,3,1,1,False,0,False,0,0,0,PASS,fault_asan_8_420_w16_stage3_destroy_recreate
asan,8,420,16,stage4,fault,3,1,0,1,0,False,0,False,0,0,0,PASS,fault_asan_8_420_w16_stage4_fault
asan,8,420,16,stage4,same_instance,0,0,3,1,1,False,0,False,0,0,0,PASS,fault_asan_8_420_w16_stage4_same_instance
asan,8,420,16,stage4,destroy_recreate,0,0,3,1,1,False,0,False,0,0,0,PASS,fault_asan_8_420_w16_stage4_destroy_recreate
asan,8,420,16,stage5,fault,3,1,0,1,0,False,0,False,0,0,0,PASS,fault_asan_8_420_w16_stage5_fault
asan,8,420,16,stage5,same_instance,0,0,3,1,1,False,0,False,0,0,0,PASS,fault_asan_8_420_w16_stage5_same_instance
asan,8,420,16,stage5,destroy_recreate,0,0,3,1,1,False,0,False,0,0,0,PASS,fault_asan_8_420_w16_stage5_destroy_recreate
asan,8,420,16,stage6,fault,3,1,0,1,0,False,0,False,0,0,0,PASS,fault_asan_8_420_w16_stage6_fault
asan,8,420,16,stage6,same_instance,0,0,3,1,1,False,0,False,0,0,0,PASS,fault_asan_8_420_w16_stage6_same_instance
asan,8,420,16,stage6,destroy_recreate,0,0,3,1,1,False,0,False,0,0,0,PASS,fault_asan_8_420_w16_stage6_destroy_recreate
asan,8,420,16,stage7,fault,3,1,0,1,0,False,0,False,0,0,0,PASS,fault_asan_8_420_w16_stage7_fault
asan,8,420,16,stage7,same_instance,0,0,3,1,1,False,0,False,0,0,0,PASS,fault_asan_8_420_w16_stage7_same_instance
asan,8,420,16,stage7,destroy_recreate,0,0,3,1,1,False,0,False,0,0,0,PASS,fault_asan_8_420_w16_stage7_destroy_recreate
asan,8,420,16,plane0,fault,3,2,0,0,0,False,0,False,0,0,0,PASS,fault_asan_8_420_w16_plane0_fault
asan,8,420,16,plane0,same_instance,0,0,3,0,1,False,0,False,0,0,0,PASS,fault_asan_8_420_w16_plane0_same_instance
asan,8,420,16,plane0,destroy_recreate,0,0,3,0,1,False,0,False,0,0,0,PASS,fault_asan_8_420_w16_plane0_destroy_recreate
asan,8,420,16,plane1,fault,3,2,0,0,0,False,0,False,0,0,0,PASS,fault_asan_8_420_w16_plane1_fault
asan,8,420,16,plane1,same_instance,0,0,3,0,1,False,0,False,0,0,0,PASS,fault_asan_8_420_w16_plane1_same_instance
asan,8,420,16,plane1,destroy_recreate,0,0,3,0,1,False,0,False,0,0,0,PASS,fault_asan_8_420_w16_plane1_destroy_recreate
asan,8,420,16,plane2,fault,3,2,0,0,0,False,0,False,0,0,0,PASS,fault_asan_8_420_w16_plane2_fault
asan,8,420,16,plane2,same_instance,0,0,3,0,1,False,0,False,0,0,0,PASS,fault_asan_8_420_w16_plane2_same_instance
asan,8,420,16,plane2,destroy_recreate,0,0,3,0,1,False,0,False,0,0,0,PASS,fault_asan_8_420_w16_plane2_destroy_recreate
asan,8,420,16,owner,fault,3,2,0,0,0,False,0,False,0,0,0,PASS,fault_asan_8_420_w16_owner_fault
asan,8,420,16,owner,same_instance,0,0,3,0,1,False,0,False,0,0,0,PASS,fault_asan_8_420_w16_owner_same_instance
asan,8,420,16,owner,destroy_recreate,0,0,3,0,1,False,0,False,0,0,0,PASS,fault_asan_8_420_w16_owner_destroy_recreate
asan,8,420,16,negative_stage,fault,0,0,3,0,0,False,0,False,0,0,0,PASS,fault_asan_8_420_w16_negative_stage_fault
asan,8,420,16,negative_row,fault,0,0,3,0,0,False,0,False,0,0,0,PASS,fault_asan_8_420_w16_negative_row_fault
asan,8,444,2,stage1,fault,3,1,0,1,0,False,0,False,0,0,0,PASS,fault_asan_8_444_w2_stage1_fault
asan,8,444,2,stage1,same_instance,0,0,3,1,1,False,0,False,0,0,0,PASS,fault_asan_8_444_w2_stage1_same_instance
asan,8,444,2,stage1,destroy_recreate,0,0,3,1,1,False,0,False,0,0,0,PASS,fault_asan_8_444_w2_stage1_destroy_recreate
asan,8,444,2,stage2,fault,3,1,0,1,0,False,0,False,0,0,0,PASS,fault_asan_8_444_w2_stage2_fault
asan,8,444,2,stage2,same_instance,0,0,3,1,1,False,0,False,0,0,0,PASS,fault_asan_8_444_w2_stage2_same_instance
asan,8,444,2,stage2,destroy_recreate,0,0,3,1,1,False,0,False,0,0,0,PASS,fault_asan_8_444_w2_stage2_destroy_recreate
asan,8,444,2,stage3,fault,3,1,0,1,0,False,0,False,0,0,0,PASS,fault_asan_8_444_w2_stage3_fault
asan,8,444,2,stage3,same_instance,0,0,3,1,1,False,0,False,0,0,0,PASS,fault_asan_8_444_w2_stage3_same_instance
asan,8,444,2,stage3,destroy_recreate,0,0,3,1,1,False,0,False,0,0,0,PASS,fault_asan_8_444_w2_stage3_destroy_recreate
asan,8,444,2,stage4,fault,3,1,0,1,0,False,0,False,0,0,0,PASS,fault_asan_8_444_w2_stage4_fault
asan,8,444,2,stage4,same_instance,0,0,3,1,1,False,0,False,0,0,0,PASS,fault_asan_8_444_w2_stage4_same_instance
asan,8,444,2,stage4,destroy_recreate,0,0,3,1,1,False,0,False,0,0,0,PASS,fault_asan_8_444_w2_stage4_destroy_recreate
asan,8,444,2,stage5,fault,3,1,0,1,0,False,0,False,0,0,0,PASS,fault_asan_8_444_w2_stage5_fault
asan,8,444,2,stage5,same_instance,0,0,3,1,1,False,0,False,0,0,0,PASS,fault_asan_8_444_w2_stage5_same_instance
asan,8,444,2,stage5,destroy_recreate,0,0,3,1,1,False,0,False,0,0,0,PASS,fault_asan_8_444_w2_stage5_destroy_recreate
asan,8,444,2,stage6,fault,3,1,0,1,0,False,0,False,0,0,0,PASS,fault_asan_8_444_w2_stage6_fault
asan,8,444,2,stage6,same_instance,0,0,3,1,1,False,0,False,0,0,0,PASS,fault_asan_8_444_w2_stage6_same_instance
asan,8,444,2,stage6,destroy_recreate,0,0,3,1,1,False,0,False,0,0,0,PASS,fault_asan_8_444_w2_stage6_destroy_recreate
asan,8,444,2,stage7,fault,3,1,0,1,0,False,0,False,0,0,0,PASS,fault_asan_8_444_w2_stage7_fault
asan,8,444,2,stage7,same_instance,0,0,3,1,1,False,0,False,0,0,0,PASS,fault_asan_8_444_w2_stage7_same_instance
asan,8,444,2,stage7,destroy_recreate,0,0,3,1,1,False,0,False,0,0,0,PASS,fault_asan_8_444_w2_stage7_destroy_recreate
asan,8,444,2,plane0,fault,3,2,0,0,0,False,0,False,0,0,0,PASS,fault_asan_8_444_w2_plane0_fault
asan,8,444,2,plane0,same_instance,0,0,3,0,1,False,0,False,0,0,0,PASS,fault_asan_8_444_w2_plane0_same_instance
asan,8,444,2,plane0,destroy_recreate,0,0,3,0,1,False,0,False,0,0,0,PASS,fault_asan_8_444_w2_plane0_destroy_recreate
asan,8,444,2,plane1,fault,3,2,0,0,0,False,0,False,0,0,0,PASS,fault_asan_8_444_w2_plane1_fault
asan,8,444,2,plane1,same_instance,0,0,3,0,1,False,0,False,0,0,0,PASS,fault_asan_8_444_w2_plane1_same_instance
asan,8,444,2,plane1,destroy_recreate,0,0,3,0,1,False,0,False,0,0,0,PASS,fault_asan_8_444_w2_plane1_destroy_recreate
asan,8,444,2,plane2,fault,3,2,0,0,0,False,0,False,0,0,0,PASS,fault_asan_8_444_w2_plane2_fault
asan,8,444,2,plane2,same_instance,0,0,3,0,1,False,0,False,0,0,0,PASS,fault_asan_8_444_w2_plane2_same_instance
asan,8,444,2,plane2,destroy_recreate,0,0,3,0,1,False,0,False,0,0,0,PASS,fault_asan_8_444_w2_plane2_destroy_recreate
asan,8,444,2,owner,fault,3,2,0,0,0,False,0,False,0,0,0,PASS,fault_asan_8_444_w2_owner_fault
asan,8,444,2,owner,same_instance,0,0,3,0,1,False,0,False,0,0,0,PASS,fault_asan_8_444_w2_owner_same_instance
asan,8,444,2,owner,destroy_recreate,0,0,3,0,1,False,0,False,0,0,0,PASS,fault_asan_8_444_w2_owner_destroy_recreate
asan,8,444,2,negative_stage,fault,0,0,3,0,0,False,0,False,0,0,0,PASS,fault_asan_8_444_w2_negative_stage_fault
asan,8,444,2,negative_row,fault,0,0,3,0,0,False,0,False,0,0,0,PASS,fault_asan_8_444_w2_negative_row_fault
asan,8,444,8,stage1,fault,3,1,0,1,0,False,0,False,0,0,0,PASS,fault_asan_8_444_w8_stage1_fault
asan,8,444,8,stage1,same_instance,0,0,3,1,1,False,0,False,0,0,0,PASS,fault_asan_8_444_w8_stage1_same_instance
asan,8,444,8,stage1,destroy_recreate,0,0,3,1,1,False,0,False,0,0,0,PASS,fault_asan_8_444_w8_stage1_destroy_recreate
asan,8,444,8,stage2,fault,3,1,0,1,0,False,0,False,0,0,0,PASS,fault_asan_8_444_w8_stage2_fault
asan,8,444,8,stage2,same_instance,0,0,3,1,1,False,0,False,0,0,0,PASS,fault_asan_8_444_w8_stage2_same_instance
asan,8,444,8,stage2,destroy_recreate,0,0,3,1,1,False,0,False,0,0,0,PASS,fault_asan_8_444_w8_stage2_destroy_recreate
asan,8,444,8,stage3,fault,3,1,0,1,0,False,0,False,0,0,0,PASS,fault_asan_8_444_w8_stage3_fault
asan,8,444,8,stage3,same_instance,0,0,3,1,1,False,0,False,0,0,0,PASS,fault_asan_8_444_w8_stage3_same_instance
asan,8,444,8,stage3,destroy_recreate,0,0,3,1,1,False,0,False,0,0,0,PASS,fault_asan_8_444_w8_stage3_destroy_recreate
asan,8,444,8,stage4,fault,3,1,0,1,0,False,0,False,0,0,0,PASS,fault_asan_8_444_w8_stage4_fault
asan,8,444,8,stage4,same_instance,0,0,3,1,1,False,0,False,0,0,0,PASS,fault_asan_8_444_w8_stage4_same_instance
asan,8,444,8,stage4,destroy_recreate,0,0,3,1,1,False,0,False,0,0,0,PASS,fault_asan_8_444_w8_stage4_destroy_recreate
asan,8,444,8,stage5,fault,3,1,0,1,0,False,0,False,0,0,0,PASS,fault_asan_8_444_w8_stage5_fault
asan,8,444,8,stage5,same_instance,0,0,3,1,1,False,0,False,0,0,0,PASS,fault_asan_8_444_w8_stage5_same_instance
asan,8,444,8,stage5,destroy_recreate,0,0,3,1,1,False,0,False,0,0,0,PASS,fault_asan_8_444_w8_stage5_destroy_recreate
asan,8,444,8,stage6,fault,3,1,0,1,0,False,0,False,0,0,0,PASS,fault_asan_8_444_w8_stage6_fault
asan,8,444,8,stage6,same_instance,0,0,3,1,1,False,0,False,0,0,0,PASS,fault_asan_8_444_w8_stage6_same_instance
asan,8,444,8,stage6,destroy_recreate,0,0,3,1,1,False,0,False,0,0,0,PASS,fault_asan_8_444_w8_stage6_destroy_recreate
asan,8,444,8,stage7,fault,3,1,0,1,0,False,0,False,0,0,0,PASS,fault_asan_8_444_w8_stage7_fault
asan,8,444,8,stage7,same_instance,0,0,3,1,1,False,0,False,0,0,0,PASS,fault_asan_8_444_w8_stage7_same_instance
asan,8,444,8,stage7,destroy_recreate,0,0,3,1,1,False,0,False,0,0,0,PASS,fault_asan_8_444_w8_stage7_destroy_recreate
asan,8,444,8,plane0,fault,3,2,0,0,0,False,0,False,0,0,0,PASS,fault_asan_8_444_w8_plane0_fault
asan,8,444,8,plane0,same_instance,0,0,3,0,1,False,0,False,0,0,0,PASS,fault_asan_8_444_w8_plane0_same_instance
asan,8,444,8,plane0,destroy_recreate,0,0,3,0,1,False,0,False,0,0,0,PASS,fault_asan_8_444_w8_plane0_destroy_recreate
asan,8,444,8,plane1,fault,3,2,0,0,0,False,0,False,0,0,0,PASS,fault_asan_8_444_w8_plane1_fault
asan,8,444,8,plane1,same_instance,0,0,3,0,1,False,0,False,0,0,0,PASS,fault_asan_8_444_w8_plane1_same_instance
asan,8,444,8,plane1,destroy_recreate,0,0,3,0,1,False,0,False,0,0,0,PASS,fault_asan_8_444_w8_plane1_destroy_recreate
asan,8,444,8,plane2,fault,3,2,0,0,0,False,0,False,0,0,0,PASS,fault_asan_8_444_w8_plane2_fault
asan,8,444,8,plane2,same_instance,0,0,3,0,1,False,0,False,0,0,0,PASS,fault_asan_8_444_w8_plane2_same_instance
asan,8,444,8,plane2,destroy_recreate,0,0,3,0,1,False,0,False,0,0,0,PASS,fault_asan_8_444_w8_plane2_destroy_recreate
asan,8,444,8,owner,fault,3,2,0,0,0,False,0,False,0,0,0,PASS,fault_asan_8_444_w8_owner_fault
asan,8,444,8,owner,same_instance,0,0,3,0,1,False,0,False,0,0,0,PASS,fault_asan_8_444_w8_owner_same_instance
asan,8,444,8,owner,destroy_recreate,0,0,3,0,1,False,0,False,0,0,0,PASS,fault_asan_8_444_w8_owner_destroy_recreate
asan,8,444,8,negative_stage,fault,0,0,3,0,0,False,0,False,0,0,0,PASS,fault_asan_8_444_w8_negative_stage_fault
asan,8,444,8,negative_row,fault,0,0,3,0,0,False,0,False,0,0,0,PASS,fault_asan_8_444_w8_negative_row_fault
asan,8,444,16,stage1,fault,3,1,0,1,0,False,0,False,0,0,0,PASS,fault_asan_8_444_w16_stage1_fault
asan,8,444,16,stage1,same_instance,0,0,3,1,1,False,0,False,0,0,0,PASS,fault_asan_8_444_w16_stage1_same_instance
asan,8,444,16,stage1,destroy_recreate,0,0,3,1,1,False,0,False,0,0,0,PASS,fault_asan_8_444_w16_stage1_destroy_recreate
asan,8,444,16,stage2,fault,3,1,0,1,0,False,0,False,0,0,0,PASS,fault_asan_8_444_w16_stage2_fault
asan,8,444,16,stage2,same_instance,0,0,3,1,1,False,0,False,0,0,0,PASS,fault_asan_8_444_w16_stage2_same_instance
asan,8,444,16,stage2,destroy_recreate,0,0,3,1,1,False,0,False,0,0,0,PASS,fault_asan_8_444_w16_stage2_destroy_recreate
asan,8,444,16,stage3,fault,3,1,0,1,0,False,0,False,0,0,0,PASS,fault_asan_8_444_w16_stage3_fault
asan,8,444,16,stage3,same_instance,0,0,3,1,1,False,0,False,0,0,0,PASS,fault_asan_8_444_w16_stage3_same_instance
asan,8,444,16,stage3,destroy_recreate,0,0,3,1,1,False,0,False,0,0,0,PASS,fault_asan_8_444_w16_stage3_destroy_recreate
asan,8,444,16,stage4,fault,3,1,0,1,0,False,0,False,0,0,0,PASS,fault_asan_8_444_w16_stage4_fault
asan,8,444,16,stage4,same_instance,0,0,3,1,1,False,0,False,0,0,0,PASS,fault_asan_8_444_w16_stage4_same_instance
asan,8,444,16,stage4,destroy_recreate,0,0,3,1,1,False,0,False,0,0,0,PASS,fault_asan_8_444_w16_stage4_destroy_recreate
asan,8,444,16,stage5,fault,3,1,0,1,0,False,0,False,0,0,0,PASS,fault_asan_8_444_w16_stage5_fault
asan,8,444,16,stage5,same_instance,0,0,3,1,1,False,0,False,0,0,0,PASS,fault_asan_8_444_w16_stage5_same_instance
asan,8,444,16,stage5,destroy_recreate,0,0,3,1,1,False,0,False,0,0,0,PASS,fault_asan_8_444_w16_stage5_destroy_recreate
asan,8,444,16,stage6,fault,3,1,0,1,0,False,0,False,0,0,0,PASS,fault_asan_8_444_w16_stage6_fault
asan,8,444,16,stage6,same_instance,0,0,3,1,1,False,0,False,0,0,0,PASS,fault_asan_8_444_w16_stage6_same_instance
asan,8,444,16,stage6,destroy_recreate,0,0,3,1,1,False,0,False,0,0,0,PASS,fault_asan_8_444_w16_stage6_destroy_recreate
asan,8,444,16,stage7,fault,3,1,0,1,0,False,0,False,0,0,0,PASS,fault_asan_8_444_w16_stage7_fault
asan,8,444,16,stage7,same_instance,0,0,3,1,1,False,0,False,0,0,0,PASS,fault_asan_8_444_w16_stage7_same_instance
asan,8,444,16,stage7,destroy_recreate,0,0,3,1,1,False,0,False,0,0,0,PASS,fault_asan_8_444_w16_stage7_destroy_recreate
asan,8,444,16,plane0,fault,3,2,0,0,0,False,0,False,0,0,0,PASS,fault_asan_8_444_w16_plane0_fault
asan,8,444,16,plane0,same_instance,0,0,3,0,1,False,0,False,0,0,0,PASS,fault_asan_8_444_w16_plane0_same_instance
asan,8,444,16,plane0,destroy_recreate,0,0,3,0,1,False,0,False,0,0,0,PASS,fault_asan_8_444_w16_plane0_destroy_recreate
asan,8,444,16,plane1,fault,3,2,0,0,0,False,0,False,0,0,0,PASS,fault_asan_8_444_w16_plane1_fault
asan,8,444,16,plane1,same_instance,0,0,3,0,1,False,0,False,0,0,0,PASS,fault_asan_8_444_w16_plane1_same_instance
asan,8,444,16,plane1,destroy_recreate,0,0,3,0,1,False,0,False,0,0,0,PASS,fault_asan_8_444_w16_plane1_destroy_recreate
asan,8,444,16,plane2,fault,3,2,0,0,0,False,0,False,0,0,0,PASS,fault_asan_8_444_w16_plane2_fault
asan,8,444,16,plane2,same_instance,0,0,3,0,1,False,0,False,0,0,0,PASS,fault_asan_8_444_w16_plane2_same_instance
asan,8,444,16,plane2,destroy_recreate,0,0,3,0,1,False,0,False,0,0,0,PASS,fault_asan_8_444_w16_plane2_destroy_recreate
asan,8,444,16,owner,fault,3,2,0,0,0,False,0,False,0,0,0,PASS,fault_asan_8_444_w16_owner_fault
asan,8,444,16,owner,same_instance,0,0,3,0,1,False,0,False,0,0,0,PASS,fault_asan_8_444_w16_owner_same_instance
asan,8,444,16,owner,destroy_recreate,0,0,3,0,1,False,0,False,0,0,0,PASS,fault_asan_8_444_w16_owner_destroy_recreate
asan,8,444,16,negative_stage,fault,0,0,3,0,0,False,0,False,0,0,0,PASS,fault_asan_8_444_w16_negative_stage_fault
asan,8,444,16,negative_row,fault,0,0,3,0,0,False,0,False,0,0,0,PASS,fault_asan_8_444_w16_negative_row_fault
asan,10,420,2,stage1,fault,3,1,0,1,0,False,0,False,0,0,0,PASS,fault_asan_10_420_w2_stage1_fault
asan,10,420,2,stage1,same_instance,0,0,3,1,1,False,0,False,0,0,0,PASS,fault_asan_10_420_w2_stage1_same_instance
asan,10,420,2,stage1,destroy_recreate,0,0,3,1,1,False,0,False,0,0,0,PASS,fault_asan_10_420_w2_stage1_destroy_recreate
asan,10,420,2,stage2,fault,3,1,0,1,0,False,0,False,0,0,0,PASS,fault_asan_10_420_w2_stage2_fault
asan,10,420,2,stage2,same_instance,0,0,3,1,1,False,0,False,0,0,0,PASS,fault_asan_10_420_w2_stage2_same_instance
asan,10,420,2,stage2,destroy_recreate,0,0,3,1,1,False,0,False,0,0,0,PASS,fault_asan_10_420_w2_stage2_destroy_recreate
asan,10,420,2,stage3,fault,3,1,0,1,0,False,0,False,0,0,0,PASS,fault_asan_10_420_w2_stage3_fault
asan,10,420,2,stage3,same_instance,0,0,3,1,1,False,0,False,0,0,0,PASS,fault_asan_10_420_w2_stage3_same_instance
asan,10,420,2,stage3,destroy_recreate,0,0,3,1,1,False,0,False,0,0,0,PASS,fault_asan_10_420_w2_stage3_destroy_recreate
asan,10,420,2,stage4,fault,3,1,0,1,0,False,0,False,0,0,0,PASS,fault_asan_10_420_w2_stage4_fault
asan,10,420,2,stage4,same_instance,0,0,3,1,1,False,0,False,0,0,0,PASS,fault_asan_10_420_w2_stage4_same_instance
asan,10,420,2,stage4,destroy_recreate,0,0,3,1,1,False,0,False,0,0,0,PASS,fault_asan_10_420_w2_stage4_destroy_recreate
asan,10,420,2,stage5,fault,3,1,0,1,0,False,0,False,0,0,0,PASS,fault_asan_10_420_w2_stage5_fault
asan,10,420,2,stage5,same_instance,0,0,3,1,1,False,0,False,0,0,0,PASS,fault_asan_10_420_w2_stage5_same_instance
asan,10,420,2,stage5,destroy_recreate,0,0,3,1,1,False,0,False,0,0,0,PASS,fault_asan_10_420_w2_stage5_destroy_recreate
asan,10,420,2,stage6,fault,3,1,0,1,0,False,0,False,0,0,0,PASS,fault_asan_10_420_w2_stage6_fault
asan,10,420,2,stage6,same_instance,0,0,3,1,1,False,0,False,0,0,0,PASS,fault_asan_10_420_w2_stage6_same_instance
asan,10,420,2,stage6,destroy_recreate,0,0,3,1,1,False,0,False,0,0,0,PASS,fault_asan_10_420_w2_stage6_destroy_recreate
asan,10,420,2,stage7,fault,3,1,0,1,0,False,0,False,0,0,0,PASS,fault_asan_10_420_w2_stage7_fault
asan,10,420,2,stage7,same_instance,0,0,3,1,1,False,0,False,0,0,0,PASS,fault_asan_10_420_w2_stage7_same_instance
asan,10,420,2,stage7,destroy_recreate,0,0,3,1,1,False,0,False,0,0,0,PASS,fault_asan_10_420_w2_stage7_destroy_recreate
asan,10,420,2,plane0,fault,3,2,0,0,0,False,0,False,0,0,0,PASS,fault_asan_10_420_w2_plane0_fault
asan,10,420,2,plane0,same_instance,0,0,3,0,1,False,0,False,0,0,0,PASS,fault_asan_10_420_w2_plane0_same_instance
asan,10,420,2,plane0,destroy_recreate,0,0,3,0,1,False,0,False,0,0,0,PASS,fault_asan_10_420_w2_plane0_destroy_recreate
asan,10,420,2,plane1,fault,3,2,0,0,0,False,0,False,0,0,0,PASS,fault_asan_10_420_w2_plane1_fault
asan,10,420,2,plane1,same_instance,0,0,3,0,1,False,0,False,0,0,0,PASS,fault_asan_10_420_w2_plane1_same_instance
asan,10,420,2,plane1,destroy_recreate,0,0,3,0,1,False,0,False,0,0,0,PASS,fault_asan_10_420_w2_plane1_destroy_recreate
asan,10,420,2,plane2,fault,3,2,0,0,0,False,0,False,0,0,0,PASS,fault_asan_10_420_w2_plane2_fault
asan,10,420,2,plane2,same_instance,0,0,3,0,1,False,0,False,0,0,0,PASS,fault_asan_10_420_w2_plane2_same_instance
asan,10,420,2,plane2,destroy_recreate,0,0,3,0,1,False,0,False,0,0,0,PASS,fault_asan_10_420_w2_plane2_destroy_recreate
asan,10,420,2,owner,fault,3,2,0,0,0,False,0,False,0,0,0,PASS,fault_asan_10_420_w2_owner_fault
asan,10,420,2,owner,same_instance,0,0,3,0,1,False,0,False,0,0,0,PASS,fault_asan_10_420_w2_owner_same_instance
asan,10,420,2,owner,destroy_recreate,0,0,3,0,1,False,0,False,0,0,0,PASS,fault_asan_10_420_w2_owner_destroy_recreate
asan,10,420,2,negative_stage,fault,0,0,3,0,0,False,0,False,0,0,0,PASS,fault_asan_10_420_w2_negative_stage_fault
asan,10,420,2,negative_row,fault,0,0,3,0,0,False,0,False,0,0,0,PASS,fault_asan_10_420_w2_negative_row_fault
asan,10,420,8,stage1,fault,3,1,0,1,0,False,0,False,0,0,0,PASS,fault_asan_10_420_w8_stage1_fault
asan,10,420,8,stage1,same_instance,0,0,3,1,1,False,0,False,0,0,0,PASS,fault_asan_10_420_w8_stage1_same_instance
asan,10,420,8,stage1,destroy_recreate,0,0,3,1,1,False,0,False,0,0,0,PASS,fault_asan_10_420_w8_stage1_destroy_recreate
asan,10,420,8,stage2,fault,3,1,0,1,0,False,0,False,0,0,0,PASS,fault_asan_10_420_w8_stage2_fault
asan,10,420,8,stage2,same_instance,0,0,3,1,1,False,0,False,0,0,0,PASS,fault_asan_10_420_w8_stage2_same_instance
asan,10,420,8,stage2,destroy_recreate,0,0,3,1,1,False,0,False,0,0,0,PASS,fault_asan_10_420_w8_stage2_destroy_recreate
asan,10,420,8,stage3,fault,3,1,0,1,0,False,0,False,0,0,0,PASS,fault_asan_10_420_w8_stage3_fault
asan,10,420,8,stage3,same_instance,0,0,3,1,1,False,0,False,0,0,0,PASS,fault_asan_10_420_w8_stage3_same_instance
asan,10,420,8,stage3,destroy_recreate,0,0,3,1,1,False,0,False,0,0,0,PASS,fault_asan_10_420_w8_stage3_destroy_recreate
asan,10,420,8,stage4,fault,3,1,0,1,0,False,0,False,0,0,0,PASS,fault_asan_10_420_w8_stage4_fault
asan,10,420,8,stage4,same_instance,0,0,3,1,1,False,0,False,0,0,0,PASS,fault_asan_10_420_w8_stage4_same_instance
asan,10,420,8,stage4,destroy_recreate,0,0,3,1,1,False,0,False,0,0,0,PASS,fault_asan_10_420_w8_stage4_destroy_recreate
asan,10,420,8,stage5,fault,3,1,0,1,0,False,0,False,0,0,0,PASS,fault_asan_10_420_w8_stage5_fault
asan,10,420,8,stage5,same_instance,0,0,3,1,1,False,0,False,0,0,0,PASS,fault_asan_10_420_w8_stage5_same_instance
asan,10,420,8,stage5,destroy_recreate,0,0,3,1,1,False,0,False,0,0,0,PASS,fault_asan_10_420_w8_stage5_destroy_recreate
asan,10,420,8,stage6,fault,3,1,0,1,0,False,0,False,0,0,0,PASS,fault_asan_10_420_w8_stage6_fault
asan,10,420,8,stage6,same_instance,0,0,3,1,1,False,0,False,0,0,0,PASS,fault_asan_10_420_w8_stage6_same_instance
asan,10,420,8,stage6,destroy_recreate,0,0,3,1,1,False,0,False,0,0,0,PASS,fault_asan_10_420_w8_stage6_destroy_recreate
asan,10,420,8,stage7,fault,3,1,0,1,0,False,0,False,0,0,0,PASS,fault_asan_10_420_w8_stage7_fault
asan,10,420,8,stage7,same_instance,0,0,3,1,1,False,0,False,0,0,0,PASS,fault_asan_10_420_w8_stage7_same_instance
asan,10,420,8,stage7,destroy_recreate,0,0,3,1,1,False,0,False,0,0,0,PASS,fault_asan_10_420_w8_stage7_destroy_recreate
asan,10,420,8,plane0,fault,3,2,0,0,0,False,0,False,0,0,0,PASS,fault_asan_10_420_w8_plane0_fault
asan,10,420,8,plane0,same_instance,0,0,3,0,1,False,0,False,0,0,0,PASS,fault_asan_10_420_w8_plane0_same_instance
asan,10,420,8,plane0,destroy_recreate,0,0,3,0,1,False,0,False,0,0,0,PASS,fault_asan_10_420_w8_plane0_destroy_recreate
asan,10,420,8,plane1,fault,3,2,0,0,0,False,0,False,0,0,0,PASS,fault_asan_10_420_w8_plane1_fault
asan,10,420,8,plane1,same_instance,0,0,3,0,1,False,0,False,0,0,0,PASS,fault_asan_10_420_w8_plane1_same_instance
asan,10,420,8,plane1,destroy_recreate,0,0,3,0,1,False,0,False,0,0,0,PASS,fault_asan_10_420_w8_plane1_destroy_recreate
asan,10,420,8,plane2,fault,3,2,0,0,0,False,0,False,0,0,0,PASS,fault_asan_10_420_w8_plane2_fault
asan,10,420,8,plane2,same_instance,0,0,3,0,1,False,0,False,0,0,0,PASS,fault_asan_10_420_w8_plane2_same_instance
asan,10,420,8,plane2,destroy_recreate,0,0,3,0,1,False,0,False,0,0,0,PASS,fault_asan_10_420_w8_plane2_destroy_recreate
asan,10,420,8,owner,fault,3,2,0,0,0,False,0,False,0,0,0,PASS,fault_asan_10_420_w8_owner_fault
asan,10,420,8,owner,same_instance,0,0,3,0,1,False,0,False,0,0,0,PASS,fault_asan_10_420_w8_owner_same_instance
asan,10,420,8,owner,destroy_recreate,0,0,3,0,1,False,0,False,0,0,0,PASS,fault_asan_10_420_w8_owner_destroy_recreate
asan,10,420,8,negative_stage,fault,0,0,3,0,0,False,0,False,0,0,0,PASS,fault_asan_10_420_w8_negative_stage_fault
asan,10,420,8,negative_row,fault,0,0,3,0,0,False,0,False,0,0,0,PASS,fault_asan_10_420_w8_negative_row_fault
asan,10,420,16,stage1,fault,3,1,0,1,0,False,0,False,0,0,0,PASS,fault_asan_10_420_w16_stage1_fault
asan,10,420,16,stage1,same_instance,0,0,3,1,1,False,0,False,0,0,0,PASS,fault_asan_10_420_w16_stage1_same_instance
asan,10,420,16,stage1,destroy_recreate,0,0,3,1,1,False,0,False,0,0,0,PASS,fault_asan_10_420_w16_stage1_destroy_recreate
asan,10,420,16,stage2,fault,3,1,0,1,0,False,0,False,0,0,0,PASS,fault_asan_10_420_w16_stage2_fault
asan,10,420,16,stage2,same_instance,0,0,3,1,1,False,0,False,0,0,0,PASS,fault_asan_10_420_w16_stage2_same_instance
asan,10,420,16,stage2,destroy_recreate,0,0,3,1,1,False,0,False,0,0,0,PASS,fault_asan_10_420_w16_stage2_destroy_recreate
asan,10,420,16,stage3,fault,3,1,0,1,0,False,0,False,0,0,0,PASS,fault_asan_10_420_w16_stage3_fault
asan,10,420,16,stage3,same_instance,0,0,3,1,1,False,0,False,0,0,0,PASS,fault_asan_10_420_w16_stage3_same_instance
asan,10,420,16,stage3,destroy_recreate,0,0,3,1,1,False,0,False,0,0,0,PASS,fault_asan_10_420_w16_stage3_destroy_recreate
asan,10,420,16,stage4,fault,3,1,0,1,0,False,0,False,0,0,0,PASS,fault_asan_10_420_w16_stage4_fault
asan,10,420,16,stage4,same_instance,0,0,3,1,1,False,0,False,0,0,0,PASS,fault_asan_10_420_w16_stage4_same_instance
asan,10,420,16,stage4,destroy_recreate,0,0,3,1,1,False,0,False,0,0,0,PASS,fault_asan_10_420_w16_stage4_destroy_recreate
asan,10,420,16,stage5,fault,3,1,0,1,0,False,0,False,0,0,0,PASS,fault_asan_10_420_w16_stage5_fault
asan,10,420,16,stage5,same_instance,0,0,3,1,1,False,0,False,0,0,0,PASS,fault_asan_10_420_w16_stage5_same_instance
asan,10,420,16,stage5,destroy_recreate,0,0,3,1,1,False,0,False,0,0,0,PASS,fault_asan_10_420_w16_stage5_destroy_recreate
asan,10,420,16,stage6,fault,3,1,0,1,0,False,0,False,0,0,0,PASS,fault_asan_10_420_w16_stage6_fault
asan,10,420,16,stage6,same_instance,0,0,3,1,1,False,0,False,0,0,0,PASS,fault_asan_10_420_w16_stage6_same_instance
asan,10,420,16,stage6,destroy_recreate,0,0,3,1,1,False,0,False,0,0,0,PASS,fault_asan_10_420_w16_stage6_destroy_recreate
asan,10,420,16,stage7,fault,3,1,0,1,0,False,0,False,0,0,0,PASS,fault_asan_10_420_w16_stage7_fault
asan,10,420,16,stage7,same_instance,0,0,3,1,1,False,0,False,0,0,0,PASS,fault_asan_10_420_w16_stage7_same_instance
asan,10,420,16,stage7,destroy_recreate,0,0,3,1,1,False,0,False,0,0,0,PASS,fault_asan_10_420_w16_stage7_destroy_recreate
asan,10,420,16,plane0,fault,3,2,0,0,0,False,0,False,0,0,0,PASS,fault_asan_10_420_w16_plane0_fault
asan,10,420,16,plane0,same_instance,0,0,3,0,1,False,0,False,0,0,0,PASS,fault_asan_10_420_w16_plane0_same_instance
asan,10,420,16,plane0,destroy_recreate,0,0,3,0,1,False,0,False,0,0,0,PASS,fault_asan_10_420_w16_plane0_destroy_recreate
asan,10,420,16,plane1,fault,3,2,0,0,0,False,0,False,0,0,0,PASS,fault_asan_10_420_w16_plane1_fault
asan,10,420,16,plane1,same_instance,0,0,3,0,1,False,0,False,0,0,0,PASS,fault_asan_10_420_w16_plane1_same_instance
asan,10,420,16,plane1,destroy_recreate,0,0,3,0,1,False,0,False,0,0,0,PASS,fault_asan_10_420_w16_plane1_destroy_recreate
asan,10,420,16,plane2,fault,3,2,0,0,0,False,0,False,0,0,0,PASS,fault_asan_10_420_w16_plane2_fault
asan,10,420,16,plane2,same_instance,0,0,3,0,1,False,0,False,0,0,0,PASS,fault_asan_10_420_w16_plane2_same_instance
asan,10,420,16,plane2,destroy_recreate,0,0,3,0,1,False,0,False,0,0,0,PASS,fault_asan_10_420_w16_plane2_destroy_recreate
asan,10,420,16,owner,fault,3,2,0,0,0,False,0,False,0,0,0,PASS,fault_asan_10_420_w16_owner_fault
asan,10,420,16,owner,same_instance,0,0,3,0,1,False,0,False,0,0,0,PASS,fault_asan_10_420_w16_owner_same_instance
asan,10,420,16,owner,destroy_recreate,0,0,3,0,1,False,0,False,0,0,0,PASS,fault_asan_10_420_w16_owner_destroy_recreate
asan,10,420,16,negative_stage,fault,0,0,3,0,0,False,0,False,0,0,0,PASS,fault_asan_10_420_w16_negative_stage_fault
asan,10,420,16,negative_row,fault,0,0,3,0,0,False,0,False,0,0,0,PASS,fault_asan_10_420_w16_negative_row_fault
asan,10,444,2,stage1,fault,3,1,0,1,0,False,0,False,0,0,0,PASS,fault_asan_10_444_w2_stage1_fault
asan,10,444,2,stage1,same_instance,0,0,3,1,1,False,0,False,0,0,0,PASS,fault_asan_10_444_w2_stage1_same_instance
asan,10,444,2,stage1,destroy_recreate,0,0,3,1,1,False,0,False,0,0,0,PASS,fault_asan_10_444_w2_stage1_destroy_recreate
asan,10,444,2,stage2,fault,3,1,0,1,0,False,0,False,0,0,0,PASS,fault_asan_10_444_w2_stage2_fault
asan,10,444,2,stage2,same_instance,0,0,3,1,1,False,0,False,0,0,0,PASS,fault_asan_10_444_w2_stage2_same_instance
asan,10,444,2,stage2,destroy_recreate,0,0,3,1,1,False,0,False,0,0,0,PASS,fault_asan_10_444_w2_stage2_destroy_recreate
asan,10,444,2,stage3,fault,3,1,0,1,0,False,0,False,0,0,0,PASS,fault_asan_10_444_w2_stage3_fault
asan,10,444,2,stage3,same_instance,0,0,3,1,1,False,0,False,0,0,0,PASS,fault_asan_10_444_w2_stage3_same_instance
asan,10,444,2,stage3,destroy_recreate,0,0,3,1,1,False,0,False,0,0,0,PASS,fault_asan_10_444_w2_stage3_destroy_recreate
asan,10,444,2,stage4,fault,3,1,0,1,0,False,0,False,0,0,0,PASS,fault_asan_10_444_w2_stage4_fault
asan,10,444,2,stage4,same_instance,0,0,3,1,1,False,0,False,0,0,0,PASS,fault_asan_10_444_w2_stage4_same_instance
asan,10,444,2,stage4,destroy_recreate,0,0,3,1,1,False,0,False,0,0,0,PASS,fault_asan_10_444_w2_stage4_destroy_recreate
asan,10,444,2,stage5,fault,3,1,0,1,0,False,0,False,0,0,0,PASS,fault_asan_10_444_w2_stage5_fault
asan,10,444,2,stage5,same_instance,0,0,3,1,1,False,0,False,0,0,0,PASS,fault_asan_10_444_w2_stage5_same_instance
asan,10,444,2,stage5,destroy_recreate,0,0,3,1,1,False,0,False,0,0,0,PASS,fault_asan_10_444_w2_stage5_destroy_recreate
asan,10,444,2,stage6,fault,3,1,0,1,0,False,0,False,0,0,0,PASS,fault_asan_10_444_w2_stage6_fault
asan,10,444,2,stage6,same_instance,0,0,3,1,1,False,0,False,0,0,0,PASS,fault_asan_10_444_w2_stage6_same_instance
asan,10,444,2,stage6,destroy_recreate,0,0,3,1,1,False,0,False,0,0,0,PASS,fault_asan_10_444_w2_stage6_destroy_recreate
asan,10,444,2,stage7,fault,3,1,0,1,0,False,0,False,0,0,0,PASS,fault_asan_10_444_w2_stage7_fault
asan,10,444,2,stage7,same_instance,0,0,3,1,1,False,0,False,0,0,0,PASS,fault_asan_10_444_w2_stage7_same_instance
asan,10,444,2,stage7,destroy_recreate,0,0,3,1,1,False,0,False,0,0,0,PASS,fault_asan_10_444_w2_stage7_destroy_recreate
asan,10,444,2,plane0,fault,3,2,0,0,0,False,0,False,0,0,0,PASS,fault_asan_10_444_w2_plane0_fault
asan,10,444,2,plane0,same_instance,0,0,3,0,1,False,0,False,0,0,0,PASS,fault_asan_10_444_w2_plane0_same_instance
asan,10,444,2,plane0,destroy_recreate,0,0,3,0,1,False,0,False,0,0,0,PASS,fault_asan_10_444_w2_plane0_destroy_recreate
asan,10,444,2,plane1,fault,3,2,0,0,0,False,0,False,0,0,0,PASS,fault_asan_10_444_w2_plane1_fault
asan,10,444,2,plane1,same_instance,0,0,3,0,1,False,0,False,0,0,0,PASS,fault_asan_10_444_w2_plane1_same_instance
asan,10,444,2,plane1,destroy_recreate,0,0,3,0,1,False,0,False,0,0,0,PASS,fault_asan_10_444_w2_plane1_destroy_recreate
asan,10,444,2,plane2,fault,3,2,0,0,0,False,0,False,0,0,0,PASS,fault_asan_10_444_w2_plane2_fault
asan,10,444,2,plane2,same_instance,0,0,3,0,1,False,0,False,0,0,0,PASS,fault_asan_10_444_w2_plane2_same_instance
asan,10,444,2,plane2,destroy_recreate,0,0,3,0,1,False,0,False,0,0,0,PASS,fault_asan_10_444_w2_plane2_destroy_recreate
asan,10,444,2,owner,fault,3,2,0,0,0,False,0,False,0,0,0,PASS,fault_asan_10_444_w2_owner_fault
asan,10,444,2,owner,same_instance,0,0,3,0,1,False,0,False,0,0,0,PASS,fault_asan_10_444_w2_owner_same_instance
asan,10,444,2,owner,destroy_recreate,0,0,3,0,1,False,0,False,0,0,0,PASS,fault_asan_10_444_w2_owner_destroy_recreate
asan,10,444,2,negative_stage,fault,0,0,3,0,0,False,0,False,0,0,0,PASS,fault_asan_10_444_w2_negative_stage_fault
asan,10,444,2,negative_row,fault,0,0,3,0,0,False,0,False,0,0,0,PASS,fault_asan_10_444_w2_negative_row_fault
asan,10,444,8,stage1,fault,3,1,0,1,0,False,0,False,0,0,0,PASS,fault_asan_10_444_w8_stage1_fault
asan,10,444,8,stage1,same_instance,0,0,3,1,1,False,0,False,0,0,0,PASS,fault_asan_10_444_w8_stage1_same_instance
asan,10,444,8,stage1,destroy_recreate,0,0,3,1,1,False,0,False,0,0,0,PASS,fault_asan_10_444_w8_stage1_destroy_recreate
asan,10,444,8,stage2,fault,3,1,0,1,0,False,0,False,0,0,0,PASS,fault_asan_10_444_w8_stage2_fault
asan,10,444,8,stage2,same_instance,0,0,3,1,1,False,0,False,0,0,0,PASS,fault_asan_10_444_w8_stage2_same_instance
asan,10,444,8,stage2,destroy_recreate,0,0,3,1,1,False,0,False,0,0,0,PASS,fault_asan_10_444_w8_stage2_destroy_recreate
asan,10,444,8,stage3,fault,3,1,0,1,0,False,0,False,0,0,0,PASS,fault_asan_10_444_w8_stage3_fault
asan,10,444,8,stage3,same_instance,0,0,3,1,1,False,0,False,0,0,0,PASS,fault_asan_10_444_w8_stage3_same_instance
asan,10,444,8,stage3,destroy_recreate,0,0,3,1,1,False,0,False,0,0,0,PASS,fault_asan_10_444_w8_stage3_destroy_recreate
asan,10,444,8,stage4,fault,3,1,0,1,0,False,0,False,0,0,0,PASS,fault_asan_10_444_w8_stage4_fault
asan,10,444,8,stage4,same_instance,0,0,3,1,1,False,0,False,0,0,0,PASS,fault_asan_10_444_w8_stage4_same_instance
asan,10,444,8,stage4,destroy_recreate,0,0,3,1,1,False,0,False,0,0,0,PASS,fault_asan_10_444_w8_stage4_destroy_recreate
asan,10,444,8,stage5,fault,3,1,0,1,0,False,0,False,0,0,0,PASS,fault_asan_10_444_w8_stage5_fault
asan,10,444,8,stage5,same_instance,0,0,3,1,1,False,0,False,0,0,0,PASS,fault_asan_10_444_w8_stage5_same_instance
asan,10,444,8,stage5,destroy_recreate,0,0,3,1,1,False,0,False,0,0,0,PASS,fault_asan_10_444_w8_stage5_destroy_recreate
asan,10,444,8,stage6,fault,3,1,0,1,0,False,0,False,0,0,0,PASS,fault_asan_10_444_w8_stage6_fault
asan,10,444,8,stage6,same_instance,0,0,3,1,1,False,0,False,0,0,0,PASS,fault_asan_10_444_w8_stage6_same_instance
asan,10,444,8,stage6,destroy_recreate,0,0,3,1,1,False,0,False,0,0,0,PASS,fault_asan_10_444_w8_stage6_destroy_recreate
asan,10,444,8,stage7,fault,3,1,0,1,0,False,0,False,0,0,0,PASS,fault_asan_10_444_w8_stage7_fault
asan,10,444,8,stage7,same_instance,0,0,3,1,1,False,0,False,0,0,0,PASS,fault_asan_10_444_w8_stage7_same_instance
asan,10,444,8,stage7,destroy_recreate,0,0,3,1,1,False,0,False,0,0,0,PASS,fault_asan_10_444_w8_stage7_destroy_recreate
asan,10,444,8,plane0,fault,3,2,0,0,0,False,0,False,0,0,0,PASS,fault_asan_10_444_w8_plane0_fault
asan,10,444,8,plane0,same_instance,0,0,3,0,1,False,0,False,0,0,0,PASS,fault_asan_10_444_w8_plane0_same_instance
asan,10,444,8,plane0,destroy_recreate,0,0,3,0,1,False,0,False,0,0,0,PASS,fault_asan_10_444_w8_plane0_destroy_recreate
asan,10,444,8,plane1,fault,3,2,0,0,0,False,0,False,0,0,0,PASS,fault_asan_10_444_w8_plane1_fault
asan,10,444,8,plane1,same_instance,0,0,3,0,1,False,0,False,0,0,0,PASS,fault_asan_10_444_w8_plane1_same_instance
asan,10,444,8,plane1,destroy_recreate,0,0,3,0,1,False,0,False,0,0,0,PASS,fault_asan_10_444_w8_plane1_destroy_recreate
asan,10,444,8,plane2,fault,3,2,0,0,0,False,0,False,0,0,0,PASS,fault_asan_10_444_w8_plane2_fault
asan,10,444,8,plane2,same_instance,0,0,3,0,1,False,0,False,0,0,0,PASS,fault_asan_10_444_w8_plane2_same_instance
asan,10,444,8,plane2,destroy_recreate,0,0,3,0,1,False,0,False,0,0,0,PASS,fault_asan_10_444_w8_plane2_destroy_recreate
asan,10,444,8,owner,fault,3,2,0,0,0,False,0,False,0,0,0,PASS,fault_asan_10_444_w8_owner_fault
asan,10,444,8,owner,same_instance,0,0,3,0,1,False,0,False,0,0,0,PASS,fault_asan_10_444_w8_owner_same_instance
asan,10,444,8,owner,destroy_recreate,0,0,3,0,1,False,0,False,0,0,0,PASS,fault_asan_10_444_w8_owner_destroy_recreate
asan,10,444,8,negative_stage,fault,0,0,3,0,0,False,0,False,0,0,0,PASS,fault_asan_10_444_w8_negative_stage_fault
asan,10,444,8,negative_row,fault,0,0,3,0,0,False,0,False,0,0,0,PASS,fault_asan_10_444_w8_negative_row_fault
asan,10,444,16,stage1,fault,3,1,0,1,0,False,0,False,0,0,0,PASS,fault_asan_10_444_w16_stage1_fault
asan,10,444,16,stage1,same_instance,0,0,3,1,1,False,0,False,0,0,0,PASS,fault_asan_10_444_w16_stage1_same_instance
asan,10,444,16,stage1,destroy_recreate,0,0,3,1,1,False,0,False,0,0,0,PASS,fault_asan_10_444_w16_stage1_destroy_recreate
asan,10,444,16,stage2,fault,3,1,0,1,0,False,0,False,0,0,0,PASS,fault_asan_10_444_w16_stage2_fault
asan,10,444,16,stage2,same_instance,0,0,3,1,1,False,0,False,0,0,0,PASS,fault_asan_10_444_w16_stage2_same_instance
asan,10,444,16,stage2,destroy_recreate,0,0,3,1,1,False,0,False,0,0,0,PASS,fault_asan_10_444_w16_stage2_destroy_recreate
asan,10,444,16,stage3,fault,3,1,0,1,0,False,0,False,0,0,0,PASS,fault_asan_10_444_w16_stage3_fault
asan,10,444,16,stage3,same_instance,0,0,3,1,1,False,0,False,0,0,0,PASS,fault_asan_10_444_w16_stage3_same_instance
asan,10,444,16,stage3,destroy_recreate,0,0,3,1,1,False,0,False,0,0,0,PASS,fault_asan_10_444_w16_stage3_destroy_recreate
asan,10,444,16,stage4,fault,3,1,0,1,0,False,0,False,0,0,0,PASS,fault_asan_10_444_w16_stage4_fault
asan,10,444,16,stage4,same_instance,0,0,3,1,1,False,0,False,0,0,0,PASS,fault_asan_10_444_w16_stage4_same_instance
asan,10,444,16,stage4,destroy_recreate,0,0,3,1,1,False,0,False,0,0,0,PASS,fault_asan_10_444_w16_stage4_destroy_recreate
asan,10,444,16,stage5,fault,3,1,0,1,0,False,0,False,0,0,0,PASS,fault_asan_10_444_w16_stage5_fault
asan,10,444,16,stage5,same_instance,0,0,3,1,1,False,0,False,0,0,0,PASS,fault_asan_10_444_w16_stage5_same_instance
asan,10,444,16,stage5,destroy_recreate,0,0,3,1,1,False,0,False,0,0,0,PASS,fault_asan_10_444_w16_stage5_destroy_recreate
asan,10,444,16,stage6,fault,3,1,0,1,0,False,0,False,0,0,0,PASS,fault_asan_10_444_w16_stage6_fault
asan,10,444,16,stage6,same_instance,0,0,3,1,1,False,0,False,0,0,0,PASS,fault_asan_10_444_w16_stage6_same_instance
asan,10,444,16,stage6,destroy_recreate,0,0,3,1,1,False,0,False,0,0,0,PASS,fault_asan_10_444_w16_stage6_destroy_recreate
asan,10,444,16,stage7,fault,3,1,0,1,0,False,0,False,0,0,0,PASS,fault_asan_10_444_w16_stage7_fault
asan,10,444,16,stage7,same_instance,0,0,3,1,1,False,0,False,0,0,0,PASS,fault_asan_10_444_w16_stage7_same_instance
asan,10,444,16,stage7,destroy_recreate,0,0,3,1,1,False,0,False,0,0,0,PASS,fault_asan_10_444_w16_stage7_destroy_recreate
asan,10,444,16,plane0,fault,3,2,0,0,0,False,0,False,0,0,0,PASS,fault_asan_10_444_w16_plane0_fault
asan,10,444,16,plane0,same_instance,0,0,3,0,1,False,0,False,0,0,0,PASS,fault_asan_10_444_w16_plane0_same_instance
asan,10,444,16,plane0,destroy_recreate,0,0,3,0,1,False,0,False,0,0,0,PASS,fault_asan_10_444_w16_plane0_destroy_recreate
asan,10,444,16,plane1,fault,3,2,0,0,0,False,0,False,0,0,0,PASS,fault_asan_10_444_w16_plane1_fault
asan,10,444,16,plane1,same_instance,0,0,3,0,1,False,0,False,0,0,0,PASS,fault_asan_10_444_w16_plane1_same_instance
asan,10,444,16,plane1,destroy_recreate,0,0,3,0,1,False,0,False,0,0,0,PASS,fault_asan_10_444_w16_plane1_destroy_recreate
asan,10,444,16,plane2,fault,3,2,0,0,0,False,0,False,0,0,0,PASS,fault_asan_10_444_w16_plane2_fault
asan,10,444,16,plane2,same_instance,0,0,3,0,1,False,0,False,0,0,0,PASS,fault_asan_10_444_w16_plane2_same_instance
asan,10,444,16,plane2,destroy_recreate,0,0,3,0,1,False,0,False,0,0,0,PASS,fault_asan_10_444_w16_plane2_destroy_recreate
asan,10,444,16,owner,fault,3,2,0,0,0,False,0,False,0,0,0,PASS,fault_asan_10_444_w16_owner_fault
asan,10,444,16,owner,same_instance,0,0,3,0,1,False,0,False,0,0,0,PASS,fault_asan_10_444_w16_owner_same_instance
asan,10,444,16,owner,destroy_recreate,0,0,3,0,1,False,0,False,0,0,0,PASS,fault_asan_10_444_w16_owner_destroy_recreate
asan,10,444,16,negative_stage,fault,0,0,3,0,0,False,0,False,0,0,0,PASS,fault_asan_10_444_w16_negative_stage_fault
asan,10,444,16,negative_row,fault,0,0,3,0,0,False,0,False,0,0,0,PASS,fault_asan_10_444_w16_negative_row_fault
asan,12,420,2,stage1,fault,3,1,0,1,0,False,0,False,0,0,0,PASS,fault_asan_12_420_w2_stage1_fault
asan,12,420,2,stage1,same_instance,0,0,3,1,1,False,0,False,0,0,0,PASS,fault_asan_12_420_w2_stage1_same_instance
asan,12,420,2,stage1,destroy_recreate,0,0,3,1,1,False,0,False,0,0,0,PASS,fault_asan_12_420_w2_stage1_destroy_recreate
asan,12,420,2,stage2,fault,3,1,0,1,0,False,0,False,0,0,0,PASS,fault_asan_12_420_w2_stage2_fault
asan,12,420,2,stage2,same_instance,0,0,3,1,1,False,0,False,0,0,0,PASS,fault_asan_12_420_w2_stage2_same_instance
asan,12,420,2,stage2,destroy_recreate,0,0,3,1,1,False,0,False,0,0,0,PASS,fault_asan_12_420_w2_stage2_destroy_recreate
asan,12,420,2,stage3,fault,3,1,0,1,0,False,0,False,0,0,0,PASS,fault_asan_12_420_w2_stage3_fault
asan,12,420,2,stage3,same_instance,0,0,3,1,1,False,0,False,0,0,0,PASS,fault_asan_12_420_w2_stage3_same_instance
asan,12,420,2,stage3,destroy_recreate,0,0,3,1,1,False,0,False,0,0,0,PASS,fault_asan_12_420_w2_stage3_destroy_recreate
asan,12,420,2,stage4,fault,3,1,0,1,0,False,0,False,0,0,0,PASS,fault_asan_12_420_w2_stage4_fault
asan,12,420,2,stage4,same_instance,0,0,3,1,1,False,0,False,0,0,0,PASS,fault_asan_12_420_w2_stage4_same_instance
asan,12,420,2,stage4,destroy_recreate,0,0,3,1,1,False,0,False,0,0,0,PASS,fault_asan_12_420_w2_stage4_destroy_recreate
asan,12,420,2,stage5,fault,3,1,0,1,0,False,0,False,0,0,0,PASS,fault_asan_12_420_w2_stage5_fault
asan,12,420,2,stage5,same_instance,0,0,3,1,1,False,0,False,0,0,0,PASS,fault_asan_12_420_w2_stage5_same_instance
asan,12,420,2,stage5,destroy_recreate,0,0,3,1,1,False,0,False,0,0,0,PASS,fault_asan_12_420_w2_stage5_destroy_recreate
asan,12,420,2,stage6,fault,3,1,0,1,0,False,0,False,0,0,0,PASS,fault_asan_12_420_w2_stage6_fault
asan,12,420,2,stage6,same_instance,0,0,3,1,1,False,0,False,0,0,0,PASS,fault_asan_12_420_w2_stage6_same_instance
asan,12,420,2,stage6,destroy_recreate,0,0,3,1,1,False,0,False,0,0,0,PASS,fault_asan_12_420_w2_stage6_destroy_recreate
asan,12,420,2,stage7,fault,3,1,0,1,0,False,0,False,0,0,0,PASS,fault_asan_12_420_w2_stage7_fault
asan,12,420,2,stage7,same_instance,0,0,3,1,1,False,0,False,0,0,0,PASS,fault_asan_12_420_w2_stage7_same_instance
asan,12,420,2,stage7,destroy_recreate,0,0,3,1,1,False,0,False,0,0,0,PASS,fault_asan_12_420_w2_stage7_destroy_recreate
asan,12,420,2,plane0,fault,3,2,0,0,0,False,0,False,0,0,0,PASS,fault_asan_12_420_w2_plane0_fault
asan,12,420,2,plane0,same_instance,0,0,3,0,1,False,0,False,0,0,0,PASS,fault_asan_12_420_w2_plane0_same_instance
asan,12,420,2,plane0,destroy_recreate,0,0,3,0,1,False,0,False,0,0,0,PASS,fault_asan_12_420_w2_plane0_destroy_recreate
asan,12,420,2,plane1,fault,3,2,0,0,0,False,0,False,0,0,0,PASS,fault_asan_12_420_w2_plane1_fault
asan,12,420,2,plane1,same_instance,0,0,3,0,1,False,0,False,0,0,0,PASS,fault_asan_12_420_w2_plane1_same_instance
asan,12,420,2,plane1,destroy_recreate,0,0,3,0,1,False,0,False,0,0,0,PASS,fault_asan_12_420_w2_plane1_destroy_recreate
asan,12,420,2,plane2,fault,3,2,0,0,0,False,0,False,0,0,0,PASS,fault_asan_12_420_w2_plane2_fault
asan,12,420,2,plane2,same_instance,0,0,3,0,1,False,0,False,0,0,0,PASS,fault_asan_12_420_w2_plane2_same_instance
asan,12,420,2,plane2,destroy_recreate,0,0,3,0,1,False,0,False,0,0,0,PASS,fault_asan_12_420_w2_plane2_destroy_recreate
asan,12,420,2,owner,fault,3,2,0,0,0,False,0,False,0,0,0,PASS,fault_asan_12_420_w2_owner_fault
asan,12,420,2,owner,same_instance,0,0,3,0,1,False,0,False,0,0,0,PASS,fault_asan_12_420_w2_owner_same_instance
asan,12,420,2,owner,destroy_recreate,0,0,3,0,1,False,0,False,0,0,0,PASS,fault_asan_12_420_w2_owner_destroy_recreate
asan,12,420,2,negative_stage,fault,0,0,3,0,0,False,0,False,0,0,0,PASS,fault_asan_12_420_w2_negative_stage_fault
asan,12,420,2,negative_row,fault,0,0,3,0,0,False,0,False,0,0,0,PASS,fault_asan_12_420_w2_negative_row_fault
asan,12,420,8,stage1,fault,3,1,0,1,0,False,0,False,0,0,0,PASS,fault_asan_12_420_w8_stage1_fault
asan,12,420,8,stage1,same_instance,0,0,3,1,1,False,0,False,0,0,0,PASS,fault_asan_12_420_w8_stage1_same_instance
asan,12,420,8,stage1,destroy_recreate,0,0,3,1,1,False,0,False,0,0,0,PASS,fault_asan_12_420_w8_stage1_destroy_recreate
asan,12,420,8,stage2,fault,3,1,0,1,0,False,0,False,0,0,0,PASS,fault_asan_12_420_w8_stage2_fault
asan,12,420,8,stage2,same_instance,0,0,3,1,1,False,0,False,0,0,0,PASS,fault_asan_12_420_w8_stage2_same_instance
asan,12,420,8,stage2,destroy_recreate,0,0,3,1,1,False,0,False,0,0,0,PASS,fault_asan_12_420_w8_stage2_destroy_recreate
asan,12,420,8,stage3,fault,3,1,0,1,0,False,0,False,0,0,0,PASS,fault_asan_12_420_w8_stage3_fault
asan,12,420,8,stage3,same_instance,0,0,3,1,1,False,0,False,0,0,0,PASS,fault_asan_12_420_w8_stage3_same_instance
asan,12,420,8,stage3,destroy_recreate,0,0,3,1,1,False,0,False,0,0,0,PASS,fault_asan_12_420_w8_stage3_destroy_recreate
asan,12,420,8,stage4,fault,3,1,0,1,0,False,0,False,0,0,0,PASS,fault_asan_12_420_w8_stage4_fault
asan,12,420,8,stage4,same_instance,0,0,3,1,1,False,0,False,0,0,0,PASS,fault_asan_12_420_w8_stage4_same_instance
asan,12,420,8,stage4,destroy_recreate,0,0,3,1,1,False,0,False,0,0,0,PASS,fault_asan_12_420_w8_stage4_destroy_recreate
asan,12,420,8,stage5,fault,3,1,0,1,0,False,0,False,0,0,0,PASS,fault_asan_12_420_w8_stage5_fault
asan,12,420,8,stage5,same_instance,0,0,3,1,1,False,0,False,0,0,0,PASS,fault_asan_12_420_w8_stage5_same_instance
asan,12,420,8,stage5,destroy_recreate,0,0,3,1,1,False,0,False,0,0,0,PASS,fault_asan_12_420_w8_stage5_destroy_recreate
asan,12,420,8,stage6,fault,3,1,0,1,0,False,0,False,0,0,0,PASS,fault_asan_12_420_w8_stage6_fault
asan,12,420,8,stage6,same_instance,0,0,3,1,1,False,0,False,0,0,0,PASS,fault_asan_12_420_w8_stage6_same_instance
asan,12,420,8,stage6,destroy_recreate,0,0,3,1,1,False,0,False,0,0,0,PASS,fault_asan_12_420_w8_stage6_destroy_recreate
asan,12,420,8,stage7,fault,3,1,0,1,0,False,0,False,0,0,0,PASS,fault_asan_12_420_w8_stage7_fault
asan,12,420,8,stage7,same_instance,0,0,3,1,1,False,0,False,0,0,0,PASS,fault_asan_12_420_w8_stage7_same_instance
asan,12,420,8,stage7,destroy_recreate,0,0,3,1,1,False,0,False,0,0,0,PASS,fault_asan_12_420_w8_stage7_destroy_recreate
asan,12,420,8,plane0,fault,3,2,0,0,0,False,0,False,0,0,0,PASS,fault_asan_12_420_w8_plane0_fault
asan,12,420,8,plane0,same_instance,0,0,3,0,1,False,0,False,0,0,0,PASS,fault_asan_12_420_w8_plane0_same_instance
asan,12,420,8,plane0,destroy_recreate,0,0,3,0,1,False,0,False,0,0,0,PASS,fault_asan_12_420_w8_plane0_destroy_recreate
asan,12,420,8,plane1,fault,3,2,0,0,0,False,0,False,0,0,0,PASS,fault_asan_12_420_w8_plane1_fault
asan,12,420,8,plane1,same_instance,0,0,3,0,1,False,0,False,0,0,0,PASS,fault_asan_12_420_w8_plane1_same_instance
asan,12,420,8,plane1,destroy_recreate,0,0,3,0,1,False,0,False,0,0,0,PASS,fault_asan_12_420_w8_plane1_destroy_recreate
asan,12,420,8,plane2,fault,3,2,0,0,0,False,0,False,0,0,0,PASS,fault_asan_12_420_w8_plane2_fault
asan,12,420,8,plane2,same_instance,0,0,3,0,1,False,0,False,0,0,0,PASS,fault_asan_12_420_w8_plane2_same_instance
asan,12,420,8,plane2,destroy_recreate,0,0,3,0,1,False,0,False,0,0,0,PASS,fault_asan_12_420_w8_plane2_destroy_recreate
asan,12,420,8,owner,fault,3,2,0,0,0,False,0,False,0,0,0,PASS,fault_asan_12_420_w8_owner_fault
asan,12,420,8,owner,same_instance,0,0,3,0,1,False,0,False,0,0,0,PASS,fault_asan_12_420_w8_owner_same_instance
asan,12,420,8,owner,destroy_recreate,0,0,3,0,1,False,0,False,0,0,0,PASS,fault_asan_12_420_w8_owner_destroy_recreate
asan,12,420,8,negative_stage,fault,0,0,3,0,0,False,0,False,0,0,0,PASS,fault_asan_12_420_w8_negative_stage_fault
asan,12,420,8,negative_row,fault,0,0,3,0,0,False,0,False,0,0,0,PASS,fault_asan_12_420_w8_negative_row_fault
asan,12,420,16,stage1,fault,3,1,0,1,0,False,0,False,0,0,0,PASS,fault_asan_12_420_w16_stage1_fault
asan,12,420,16,stage1,same_instance,0,0,3,1,1,False,0,False,0,0,0,PASS,fault_asan_12_420_w16_stage1_same_instance
asan,12,420,16,stage1,destroy_recreate,0,0,3,1,1,False,0,False,0,0,0,PASS,fault_asan_12_420_w16_stage1_destroy_recreate
asan,12,420,16,stage2,fault,3,1,0,1,0,False,0,False,0,0,0,PASS,fault_asan_12_420_w16_stage2_fault
asan,12,420,16,stage2,same_instance,0,0,3,1,1,False,0,False,0,0,0,PASS,fault_asan_12_420_w16_stage2_same_instance
asan,12,420,16,stage2,destroy_recreate,0,0,3,1,1,False,0,False,0,0,0,PASS,fault_asan_12_420_w16_stage2_destroy_recreate
asan,12,420,16,stage3,fault,3,1,0,1,0,False,0,False,0,0,0,PASS,fault_asan_12_420_w16_stage3_fault
asan,12,420,16,stage3,same_instance,0,0,3,1,1,False,0,False,0,0,0,PASS,fault_asan_12_420_w16_stage3_same_instance
asan,12,420,16,stage3,destroy_recreate,0,0,3,1,1,False,0,False,0,0,0,PASS,fault_asan_12_420_w16_stage3_destroy_recreate
asan,12,420,16,stage4,fault,3,1,0,1,0,False,0,False,0,0,0,PASS,fault_asan_12_420_w16_stage4_fault
asan,12,420,16,stage4,same_instance,0,0,3,1,1,False,0,False,0,0,0,PASS,fault_asan_12_420_w16_stage4_same_instance
asan,12,420,16,stage4,destroy_recreate,0,0,3,1,1,False,0,False,0,0,0,PASS,fault_asan_12_420_w16_stage4_destroy_recreate
asan,12,420,16,stage5,fault,3,1,0,1,0,False,0,False,0,0,0,PASS,fault_asan_12_420_w16_stage5_fault
asan,12,420,16,stage5,same_instance,0,0,3,1,1,False,0,False,0,0,0,PASS,fault_asan_12_420_w16_stage5_same_instance
asan,12,420,16,stage5,destroy_recreate,0,0,3,1,1,False,0,False,0,0,0,PASS,fault_asan_12_420_w16_stage5_destroy_recreate
asan,12,420,16,stage6,fault,3,1,0,1,0,False,0,False,0,0,0,PASS,fault_asan_12_420_w16_stage6_fault
asan,12,420,16,stage6,same_instance,0,0,3,1,1,False,0,False,0,0,0,PASS,fault_asan_12_420_w16_stage6_same_instance
asan,12,420,16,stage6,destroy_recreate,0,0,3,1,1,False,0,False,0,0,0,PASS,fault_asan_12_420_w16_stage6_destroy_recreate
asan,12,420,16,stage7,fault,3,1,0,1,0,False,0,False,0,0,0,PASS,fault_asan_12_420_w16_stage7_fault
asan,12,420,16,stage7,same_instance,0,0,3,1,1,False,0,False,0,0,0,PASS,fault_asan_12_420_w16_stage7_same_instance
asan,12,420,16,stage7,destroy_recreate,0,0,3,1,1,False,0,False,0,0,0,PASS,fault_asan_12_420_w16_stage7_destroy_recreate
asan,12,420,16,plane0,fault,3,2,0,0,0,False,0,False,0,0,0,PASS,fault_asan_12_420_w16_plane0_fault
asan,12,420,16,plane0,same_instance,0,0,3,0,1,False,0,False,0,0,0,PASS,fault_asan_12_420_w16_plane0_same_instance
asan,12,420,16,plane0,destroy_recreate,0,0,3,0,1,False,0,False,0,0,0,PASS,fault_asan_12_420_w16_plane0_destroy_recreate
asan,12,420,16,plane1,fault,3,2,0,0,0,False,0,False,0,0,0,PASS,fault_asan_12_420_w16_plane1_fault
asan,12,420,16,plane1,same_instance,0,0,3,0,1,False,0,False,0,0,0,PASS,fault_asan_12_420_w16_plane1_same_instance
asan,12,420,16,plane1,destroy_recreate,0,0,3,0,1,False,0,False,0,0,0,PASS,fault_asan_12_420_w16_plane1_destroy_recreate
asan,12,420,16,plane2,fault,3,2,0,0,0,False,0,False,0,0,0,PASS,fault_asan_12_420_w16_plane2_fault
asan,12,420,16,plane2,same_instance,0,0,3,0,1,False,0,False,0,0,0,PASS,fault_asan_12_420_w16_plane2_same_instance
asan,12,420,16,plane2,destroy_recreate,0,0,3,0,1,False,0,False,0,0,0,PASS,fault_asan_12_420_w16_plane2_destroy_recreate
asan,12,420,16,owner,fault,3,2,0,0,0,False,0,False,0,0,0,PASS,fault_asan_12_420_w16_owner_fault
asan,12,420,16,owner,same_instance,0,0,3,0,1,False,0,False,0,0,0,PASS,fault_asan_12_420_w16_owner_same_instance
asan,12,420,16,owner,destroy_recreate,0,0,3,0,1,False,0,False,0,0,0,PASS,fault_asan_12_420_w16_owner_destroy_recreate
asan,12,420,16,negative_stage,fault,0,0,3,0,0,False,0,False,0,0,0,PASS,fault_asan_12_420_w16_negative_stage_fault
asan,12,420,16,negative_row,fault,0,0,3,0,0,False,0,False,0,0,0,PASS,fault_asan_12_420_w16_negative_row_fault
asan,12,444,2,stage1,fault,3,1,0,1,0,False,0,False,0,0,0,PASS,fault_asan_12_444_w2_stage1_fault
asan,12,444,2,stage1,same_instance,0,0,3,1,1,False,0,False,0,0,0,PASS,fault_asan_12_444_w2_stage1_same_instance
asan,12,444,2,stage1,destroy_recreate,0,0,3,1,1,False,0,False,0,0,0,PASS,fault_asan_12_444_w2_stage1_destroy_recreate
asan,12,444,2,stage2,fault,3,1,0,1,0,False,0,False,0,0,0,PASS,fault_asan_12_444_w2_stage2_fault
asan,12,444,2,stage2,same_instance,0,0,3,1,1,False,0,False,0,0,0,PASS,fault_asan_12_444_w2_stage2_same_instance
asan,12,444,2,stage2,destroy_recreate,0,0,3,1,1,False,0,False,0,0,0,PASS,fault_asan_12_444_w2_stage2_destroy_recreate
asan,12,444,2,stage3,fault,3,1,0,1,0,False,0,False,0,0,0,PASS,fault_asan_12_444_w2_stage3_fault
asan,12,444,2,stage3,same_instance,0,0,3,1,1,False,0,False,0,0,0,PASS,fault_asan_12_444_w2_stage3_same_instance
asan,12,444,2,stage3,destroy_recreate,0,0,3,1,1,False,0,False,0,0,0,PASS,fault_asan_12_444_w2_stage3_destroy_recreate
asan,12,444,2,stage4,fault,3,1,0,1,0,False,0,False,0,0,0,PASS,fault_asan_12_444_w2_stage4_fault
asan,12,444,2,stage4,same_instance,0,0,3,1,1,False,0,False,0,0,0,PASS,fault_asan_12_444_w2_stage4_same_instance
asan,12,444,2,stage4,destroy_recreate,0,0,3,1,1,False,0,False,0,0,0,PASS,fault_asan_12_444_w2_stage4_destroy_recreate
asan,12,444,2,stage5,fault,3,1,0,1,0,False,0,False,0,0,0,PASS,fault_asan_12_444_w2_stage5_fault
asan,12,444,2,stage5,same_instance,0,0,3,1,1,False,0,False,0,0,0,PASS,fault_asan_12_444_w2_stage5_same_instance
asan,12,444,2,stage5,destroy_recreate,0,0,3,1,1,False,0,False,0,0,0,PASS,fault_asan_12_444_w2_stage5_destroy_recreate
asan,12,444,2,stage6,fault,3,1,0,1,0,False,0,False,0,0,0,PASS,fault_asan_12_444_w2_stage6_fault
asan,12,444,2,stage6,same_instance,0,0,3,1,1,False,0,False,0,0,0,PASS,fault_asan_12_444_w2_stage6_same_instance
asan,12,444,2,stage6,destroy_recreate,0,0,3,1,1,False,0,False,0,0,0,PASS,fault_asan_12_444_w2_stage6_destroy_recreate
asan,12,444,2,stage7,fault,3,1,0,1,0,False,0,False,0,0,0,PASS,fault_asan_12_444_w2_stage7_fault
asan,12,444,2,stage7,same_instance,0,0,3,1,1,False,0,False,0,0,0,PASS,fault_asan_12_444_w2_stage7_same_instance
asan,12,444,2,stage7,destroy_recreate,0,0,3,1,1,False,0,False,0,0,0,PASS,fault_asan_12_444_w2_stage7_destroy_recreate
asan,12,444,2,plane0,fault,3,2,0,0,0,False,0,False,0,0,0,PASS,fault_asan_12_444_w2_plane0_fault
asan,12,444,2,plane0,same_instance,0,0,3,0,1,False,0,False,0,0,0,PASS,fault_asan_12_444_w2_plane0_same_instance
asan,12,444,2,plane0,destroy_recreate,0,0,3,0,1,False,0,False,0,0,0,PASS,fault_asan_12_444_w2_plane0_destroy_recreate
asan,12,444,2,plane1,fault,3,2,0,0,0,False,0,False,0,0,0,PASS,fault_asan_12_444_w2_plane1_fault
asan,12,444,2,plane1,same_instance,0,0,3,0,1,False,0,False,0,0,0,PASS,fault_asan_12_444_w2_plane1_same_instance
asan,12,444,2,plane1,destroy_recreate,0,0,3,0,1,False,0,False,0,0,0,PASS,fault_asan_12_444_w2_plane1_destroy_recreate
asan,12,444,2,plane2,fault,3,2,0,0,0,False,0,False,0,0,0,PASS,fault_asan_12_444_w2_plane2_fault
asan,12,444,2,plane2,same_instance,0,0,3,0,1,False,0,False,0,0,0,PASS,fault_asan_12_444_w2_plane2_same_instance
asan,12,444,2,plane2,destroy_recreate,0,0,3,0,1,False,0,False,0,0,0,PASS,fault_asan_12_444_w2_plane2_destroy_recreate
asan,12,444,2,owner,fault,3,2,0,0,0,False,0,False,0,0,0,PASS,fault_asan_12_444_w2_owner_fault
asan,12,444,2,owner,same_instance,0,0,3,0,1,False,0,False,0,0,0,PASS,fault_asan_12_444_w2_owner_same_instance
asan,12,444,2,owner,destroy_recreate,0,0,3,0,1,False,0,False,0,0,0,PASS,fault_asan_12_444_w2_owner_destroy_recreate
asan,12,444,2,negative_stage,fault,0,0,3,0,0,False,0,False,0,0,0,PASS,fault_asan_12_444_w2_negative_stage_fault
asan,12,444,2,negative_row,fault,0,0,3,0,0,False,0,False,0,0,0,PASS,fault_asan_12_444_w2_negative_row_fault
asan,12,444,8,stage1,fault,3,1,0,1,0,False,0,False,0,0,0,PASS,fault_asan_12_444_w8_stage1_fault
asan,12,444,8,stage1,same_instance,0,0,3,1,1,False,0,False,0,0,0,PASS,fault_asan_12_444_w8_stage1_same_instance
asan,12,444,8,stage1,destroy_recreate,0,0,3,1,1,False,0,False,0,0,0,PASS,fault_asan_12_444_w8_stage1_destroy_recreate
asan,12,444,8,stage2,fault,3,1,0,1,0,False,0,False,0,0,0,PASS,fault_asan_12_444_w8_stage2_fault
asan,12,444,8,stage2,same_instance,0,0,3,1,1,False,0,False,0,0,0,PASS,fault_asan_12_444_w8_stage2_same_instance
asan,12,444,8,stage2,destroy_recreate,0,0,3,1,1,False,0,False,0,0,0,PASS,fault_asan_12_444_w8_stage2_destroy_recreate
asan,12,444,8,stage3,fault,3,1,0,1,0,False,0,False,0,0,0,PASS,fault_asan_12_444_w8_stage3_fault
asan,12,444,8,stage3,same_instance,0,0,3,1,1,False,0,False,0,0,0,PASS,fault_asan_12_444_w8_stage3_same_instance
asan,12,444,8,stage3,destroy_recreate,0,0,3,1,1,False,0,False,0,0,0,PASS,fault_asan_12_444_w8_stage3_destroy_recreate
asan,12,444,8,stage4,fault,3,1,0,1,0,False,0,False,0,0,0,PASS,fault_asan_12_444_w8_stage4_fault
asan,12,444,8,stage4,same_instance,0,0,3,1,1,False,0,False,0,0,0,PASS,fault_asan_12_444_w8_stage4_same_instance
asan,12,444,8,stage4,destroy_recreate,0,0,3,1,1,False,0,False,0,0,0,PASS,fault_asan_12_444_w8_stage4_destroy_recreate
asan,12,444,8,stage5,fault,3,1,0,1,0,False,0,False,0,0,0,PASS,fault_asan_12_444_w8_stage5_fault
asan,12,444,8,stage5,same_instance,0,0,3,1,1,False,0,False,0,0,0,PASS,fault_asan_12_444_w8_stage5_same_instance
asan,12,444,8,stage5,destroy_recreate,0,0,3,1,1,False,0,False,0,0,0,PASS,fault_asan_12_444_w8_stage5_destroy_recreate
asan,12,444,8,stage6,fault,3,1,0,1,0,False,0,False,0,0,0,PASS,fault_asan_12_444_w8_stage6_fault
asan,12,444,8,stage6,same_instance,0,0,3,1,1,False,0,False,0,0,0,PASS,fault_asan_12_444_w8_stage6_same_instance
asan,12,444,8,stage6,destroy_recreate,0,0,3,1,1,False,0,False,0,0,0,PASS,fault_asan_12_444_w8_stage6_destroy_recreate
asan,12,444,8,stage7,fault,3,1,0,1,0,False,0,False,0,0,0,PASS,fault_asan_12_444_w8_stage7_fault
asan,12,444,8,stage7,same_instance,0,0,3,1,1,False,0,False,0,0,0,PASS,fault_asan_12_444_w8_stage7_same_instance
asan,12,444,8,stage7,destroy_recreate,0,0,3,1,1,False,0,False,0,0,0,PASS,fault_asan_12_444_w8_stage7_destroy_recreate
asan,12,444,8,plane0,fault,3,2,0,0,0,False,0,False,0,0,0,PASS,fault_asan_12_444_w8_plane0_fault
asan,12,444,8,plane0,same_instance,0,0,3,0,1,False,0,False,0,0,0,PASS,fault_asan_12_444_w8_plane0_same_instance
asan,12,444,8,plane0,destroy_recreate,0,0,3,0,1,False,0,False,0,0,0,PASS,fault_asan_12_444_w8_plane0_destroy_recreate
asan,12,444,8,plane1,fault,3,2,0,0,0,False,0,False,0,0,0,PASS,fault_asan_12_444_w8_plane1_fault
asan,12,444,8,plane1,same_instance,0,0,3,0,1,False,0,False,0,0,0,PASS,fault_asan_12_444_w8_plane1_same_instance
asan,12,444,8,plane1,destroy_recreate,0,0,3,0,1,False,0,False,0,0,0,PASS,fault_asan_12_444_w8_plane1_destroy_recreate
asan,12,444,8,plane2,fault,3,2,0,0,0,False,0,False,0,0,0,PASS,fault_asan_12_444_w8_plane2_fault
asan,12,444,8,plane2,same_instance,0,0,3,0,1,False,0,False,0,0,0,PASS,fault_asan_12_444_w8_plane2_same_instance
asan,12,444,8,plane2,destroy_recreate,0,0,3,0,1,False,0,False,0,0,0,PASS,fault_asan_12_444_w8_plane2_destroy_recreate
asan,12,444,8,owner,fault,3,2,0,0,0,False,0,False,0,0,0,PASS,fault_asan_12_444_w8_owner_fault
asan,12,444,8,owner,same_instance,0,0,3,0,1,False,0,False,0,0,0,PASS,fault_asan_12_444_w8_owner_same_instance
asan,12,444,8,owner,destroy_recreate,0,0,3,0,1,False,0,False,0,0,0,PASS,fault_asan_12_444_w8_owner_destroy_recreate
asan,12,444,8,negative_stage,fault,0,0,3,0,0,False,0,False,0,0,0,PASS,fault_asan_12_444_w8_negative_stage_fault
asan,12,444,8,negative_row,fault,0,0,3,0,0,False,0,False,0,0,0,PASS,fault_asan_12_444_w8_negative_row_fault
asan,12,444,16,stage1,fault,3,1,0,1,0,False,0,False,0,0,0,PASS,fault_asan_12_444_w16_stage1_fault
asan,12,444,16,stage1,same_instance,0,0,3,1,1,False,0,False,0,0,0,PASS,fault_asan_12_444_w16_stage1_same_instance
asan,12,444,16,stage1,destroy_recreate,0,0,3,1,1,False,0,False,0,0,0,PASS,fault_asan_12_444_w16_stage1_destroy_recreate
asan,12,444,16,stage2,fault,3,1,0,1,0,False,0,False,0,0,0,PASS,fault_asan_12_444_w16_stage2_fault
asan,12,444,16,stage2,same_instance,0,0,3,1,1,False,0,False,0,0,0,PASS,fault_asan_12_444_w16_stage2_same_instance
asan,12,444,16,stage2,destroy_recreate,0,0,3,1,1,False,0,False,0,0,0,PASS,fault_asan_12_444_w16_stage2_destroy_recreate
asan,12,444,16,stage3,fault,3,1,0,1,0,False,0,False,0,0,0,PASS,fault_asan_12_444_w16_stage3_fault
asan,12,444,16,stage3,same_instance,0,0,3,1,1,False,0,False,0,0,0,PASS,fault_asan_12_444_w16_stage3_same_instance
asan,12,444,16,stage3,destroy_recreate,0,0,3,1,1,False,0,False,0,0,0,PASS,fault_asan_12_444_w16_stage3_destroy_recreate
asan,12,444,16,stage4,fault,3,1,0,1,0,False,0,False,0,0,0,PASS,fault_asan_12_444_w16_stage4_fault
asan,12,444,16,stage4,same_instance,0,0,3,1,1,False,0,False,0,0,0,PASS,fault_asan_12_444_w16_stage4_same_instance
asan,12,444,16,stage4,destroy_recreate,0,0,3,1,1,False,0,False,0,0,0,PASS,fault_asan_12_444_w16_stage4_destroy_recreate
asan,12,444,16,stage5,fault,3,1,0,1,0,False,0,False,0,0,0,PASS,fault_asan_12_444_w16_stage5_fault
asan,12,444,16,stage5,same_instance,0,0,3,1,1,False,0,False,0,0,0,PASS,fault_asan_12_444_w16_stage5_same_instance
asan,12,444,16,stage5,destroy_recreate,0,0,3,1,1,False,0,False,0,0,0,PASS,fault_asan_12_444_w16_stage5_destroy_recreate
asan,12,444,16,stage6,fault,3,1,0,1,0,False,0,False,0,0,0,PASS,fault_asan_12_444_w16_stage6_fault
asan,12,444,16,stage6,same_instance,0,0,3,1,1,False,0,False,0,0,0,PASS,fault_asan_12_444_w16_stage6_same_instance
asan,12,444,16,stage6,destroy_recreate,0,0,3,1,1,False,0,False,0,0,0,PASS,fault_asan_12_444_w16_stage6_destroy_recreate
asan,12,444,16,stage7,fault,3,1,0,1,0,False,0,False,0,0,0,PASS,fault_asan_12_444_w16_stage7_fault
asan,12,444,16,stage7,same_instance,0,0,3,1,1,False,0,False,0,0,0,PASS,fault_asan_12_444_w16_stage7_same_instance
asan,12,444,16,stage7,destroy_recreate,0,0,3,1,1,False,0,False,0,0,0,PASS,fault_asan_12_444_w16_stage7_destroy_recreate
asan,12,444,16,plane0,fault,3,2,0,0,0,False,0,False,0,0,0,PASS,fault_asan_12_444_w16_plane0_fault
asan,12,444,16,plane0,same_instance,0,0,3,0,1,False,0,False,0,0,0,PASS,fault_asan_12_444_w16_plane0_same_instance
asan,12,444,16,plane0,destroy_recreate,0,0,3,0,1,False,0,False,0,0,0,PASS,fault_asan_12_444_w16_plane0_destroy_recreate
asan,12,444,16,plane1,fault,3,2,0,0,0,False,0,False,0,0,0,PASS,fault_asan_12_444_w16_plane1_fault
asan,12,444,16,plane1,same_instance,0,0,3,0,1,False,0,False,0,0,0,PASS,fault_asan_12_444_w16_plane1_same_instance
asan,12,444,16,plane1,destroy_recreate,0,0,3,0,1,False,0,False,0,0,0,PASS,fault_asan_12_444_w16_plane1_destroy_recreate
asan,12,444,16,plane2,fault,3,2,0,0,0,False,0,False,0,0,0,PASS,fault_asan_12_444_w16_plane2_fault
asan,12,444,16,plane2,same_instance,0,0,3,0,1,False,0,False,0,0,0,PASS,fault_asan_12_444_w16_plane2_same_instance
asan,12,444,16,plane2,destroy_recreate,0,0,3,0,1,False,0,False,0,0,0,PASS,fault_asan_12_444_w16_plane2_destroy_recreate
asan,12,444,16,owner,fault,3,2,0,0,0,False,0,False,0,0,0,PASS,fault_asan_12_444_w16_owner_fault
asan,12,444,16,owner,same_instance,0,0,3,0,1,False,0,False,0,0,0,PASS,fault_asan_12_444_w16_owner_same_instance
asan,12,444,16,owner,destroy_recreate,0,0,3,0,1,False,0,False,0,0,0,PASS,fault_asan_12_444_w16_owner_destroy_recreate
asan,12,444,16,negative_stage,fault,0,0,3,0,0,False,0,False,0,0,0,PASS,fault_asan_12_444_w16_negative_stage_fault
asan,12,444,16,negative_row,fault,0,0,3,0,0,False,0,False,0,0,0,PASS,fault_asan_12_444_w16_negative_row_fault
tsan,8,420,2,stage1,fault,3,1,0,1,0,False,0,False,0,0,0,PASS,fault_tsan_8_420_w2_stage1_fault
tsan,8,420,2,stage1,same_instance,0,0,3,1,1,False,0,False,0,0,0,PASS,fault_tsan_8_420_w2_stage1_same_instance
tsan,8,420,2,stage1,destroy_recreate,0,0,3,1,1,False,0,False,0,0,0,PASS,fault_tsan_8_420_w2_stage1_destroy_recreate
tsan,8,420,2,stage2,fault,3,1,0,1,0,False,0,False,0,0,0,PASS,fault_tsan_8_420_w2_stage2_fault
tsan,8,420,2,stage2,same_instance,0,0,3,1,1,False,0,False,0,0,0,PASS,fault_tsan_8_420_w2_stage2_same_instance
tsan,8,420,2,stage2,destroy_recreate,0,0,3,1,1,False,0,False,0,0,0,PASS,fault_tsan_8_420_w2_stage2_destroy_recreate
tsan,8,420,2,stage3,fault,3,1,0,1,0,False,0,False,0,0,0,PASS,fault_tsan_8_420_w2_stage3_fault
tsan,8,420,2,stage3,same_instance,0,0,3,1,1,False,0,False,0,0,0,PASS,fault_tsan_8_420_w2_stage3_same_instance
tsan,8,420,2,stage3,destroy_recreate,0,0,3,1,1,False,0,False,0,0,0,PASS,fault_tsan_8_420_w2_stage3_destroy_recreate
tsan,8,420,2,stage4,fault,3,1,0,1,0,False,0,False,0,0,0,PASS,fault_tsan_8_420_w2_stage4_fault
tsan,8,420,2,stage4,same_instance,0,0,3,1,1,False,0,False,0,0,0,PASS,fault_tsan_8_420_w2_stage4_same_instance
tsan,8,420,2,stage4,destroy_recreate,0,0,3,1,1,False,0,False,0,0,0,PASS,fault_tsan_8_420_w2_stage4_destroy_recreate
tsan,8,420,2,stage5,fault,3,1,0,1,0,False,0,False,0,0,0,PASS,fault_tsan_8_420_w2_stage5_fault
tsan,8,420,2,stage5,same_instance,0,0,3,1,1,False,0,False,0,0,0,PASS,fault_tsan_8_420_w2_stage5_same_instance
tsan,8,420,2,stage5,destroy_recreate,0,0,3,1,1,False,0,False,0,0,0,PASS,fault_tsan_8_420_w2_stage5_destroy_recreate
tsan,8,420,2,stage6,fault,3,1,0,1,0,False,0,False,0,0,0,PASS,fault_tsan_8_420_w2_stage6_fault
tsan,8,420,2,stage6,same_instance,0,0,3,1,1,False,0,False,0,0,0,PASS,fault_tsan_8_420_w2_stage6_same_instance
tsan,8,420,2,stage6,destroy_recreate,0,0,3,1,1,False,0,False,0,0,0,PASS,fault_tsan_8_420_w2_stage6_destroy_recreate
tsan,8,420,2,stage7,fault,3,1,0,1,0,False,0,False,0,0,0,PASS,fault_tsan_8_420_w2_stage7_fault
tsan,8,420,2,stage7,same_instance,0,0,3,1,1,False,0,False,0,0,0,PASS,fault_tsan_8_420_w2_stage7_same_instance
tsan,8,420,2,stage7,destroy_recreate,0,0,3,1,1,False,0,False,0,0,0,PASS,fault_tsan_8_420_w2_stage7_destroy_recreate
tsan,8,420,2,plane0,fault,3,2,0,0,0,False,0,False,0,0,0,PASS,fault_tsan_8_420_w2_plane0_fault
tsan,8,420,2,plane0,same_instance,0,0,3,0,1,False,0,False,0,0,0,PASS,fault_tsan_8_420_w2_plane0_same_instance
tsan,8,420,2,plane0,destroy_recreate,0,0,3,0,1,False,0,False,0,0,0,PASS,fault_tsan_8_420_w2_plane0_destroy_recreate
tsan,8,420,2,plane1,fault,3,2,0,0,0,False,0,False,0,0,0,PASS,fault_tsan_8_420_w2_plane1_fault
tsan,8,420,2,plane1,same_instance,0,0,3,0,1,False,0,False,0,0,0,PASS,fault_tsan_8_420_w2_plane1_same_instance
tsan,8,420,2,plane1,destroy_recreate,0,0,3,0,1,False,0,False,0,0,0,PASS,fault_tsan_8_420_w2_plane1_destroy_recreate
tsan,8,420,2,plane2,fault,3,2,0,0,0,False,0,False,0,0,0,PASS,fault_tsan_8_420_w2_plane2_fault
tsan,8,420,2,plane2,same_instance,0,0,3,0,1,False,0,False,0,0,0,PASS,fault_tsan_8_420_w2_plane2_same_instance
tsan,8,420,2,plane2,destroy_recreate,0,0,3,0,1,False,0,False,0,0,0,PASS,fault_tsan_8_420_w2_plane2_destroy_recreate
tsan,8,420,2,owner,fault,3,2,0,0,0,False,0,False,0,0,0,PASS,fault_tsan_8_420_w2_owner_fault
tsan,8,420,2,owner,same_instance,0,0,3,0,1,False,0,False,0,0,0,PASS,fault_tsan_8_420_w2_owner_same_instance
tsan,8,420,2,owner,destroy_recreate,0,0,3,0,1,False,0,False,0,0,0,PASS,fault_tsan_8_420_w2_owner_destroy_recreate
tsan,8,420,2,negative_stage,fault,0,0,3,0,0,False,0,False,0,0,0,PASS,fault_tsan_8_420_w2_negative_stage_fault
tsan,8,420,2,negative_row,fault,0,0,3,0,0,False,0,False,0,0,0,PASS,fault_tsan_8_420_w2_negative_row_fault
tsan,8,420,8,stage1,fault,3,1,0,1,0,False,0,False,0,0,0,PASS,fault_tsan_8_420_w8_stage1_fault
tsan,8,420,8,stage1,same_instance,0,0,3,1,1,False,0,False,0,0,0,PASS,fault_tsan_8_420_w8_stage1_same_instance
tsan,8,420,8,stage1,destroy_recreate,0,0,3,1,1,False,0,False,0,0,0,PASS,fault_tsan_8_420_w8_stage1_destroy_recreate
tsan,8,420,8,stage2,fault,3,1,0,1,0,False,0,False,0,0,0,PASS,fault_tsan_8_420_w8_stage2_fault
tsan,8,420,8,stage2,same_instance,0,0,3,1,1,False,0,False,0,0,0,PASS,fault_tsan_8_420_w8_stage2_same_instance
tsan,8,420,8,stage2,destroy_recreate,0,0,3,1,1,False,0,False,0,0,0,PASS,fault_tsan_8_420_w8_stage2_destroy_recreate
tsan,8,420,8,stage3,fault,3,1,0,1,0,False,0,False,0,0,0,PASS,fault_tsan_8_420_w8_stage3_fault
tsan,8,420,8,stage3,same_instance,0,0,3,1,1,False,0,False,0,0,0,PASS,fault_tsan_8_420_w8_stage3_same_instance
tsan,8,420,8,stage3,destroy_recreate,0,0,3,1,1,False,0,False,0,0,0,PASS,fault_tsan_8_420_w8_stage3_destroy_recreate
tsan,8,420,8,stage4,fault,3,1,0,1,0,False,0,False,0,0,0,PASS,fault_tsan_8_420_w8_stage4_fault
tsan,8,420,8,stage4,same_instance,0,0,3,1,1,False,0,False,0,0,0,PASS,fault_tsan_8_420_w8_stage4_same_instance
tsan,8,420,8,stage4,destroy_recreate,0,0,3,1,1,False,0,False,0,0,0,PASS,fault_tsan_8_420_w8_stage4_destroy_recreate
tsan,8,420,8,stage5,fault,3,1,0,1,0,False,0,False,0,0,0,PASS,fault_tsan_8_420_w8_stage5_fault
tsan,8,420,8,stage5,same_instance,0,0,3,1,1,False,0,False,0,0,0,PASS,fault_tsan_8_420_w8_stage5_same_instance
tsan,8,420,8,stage5,destroy_recreate,0,0,3,1,1,False,0,False,0,0,0,PASS,fault_tsan_8_420_w8_stage5_destroy_recreate
tsan,8,420,8,stage6,fault,3,1,0,1,0,False,0,False,0,0,0,PASS,fault_tsan_8_420_w8_stage6_fault
tsan,8,420,8,stage6,same_instance,0,0,3,1,1,False,0,False,0,0,0,PASS,fault_tsan_8_420_w8_stage6_same_instance
tsan,8,420,8,stage6,destroy_recreate,0,0,3,1,1,False,0,False,0,0,0,PASS,fault_tsan_8_420_w8_stage6_destroy_recreate
tsan,8,420,8,stage7,fault,3,1,0,1,0,False,0,False,0,0,0,PASS,fault_tsan_8_420_w8_stage7_fault
tsan,8,420,8,stage7,same_instance,0,0,3,1,1,False,0,False,0,0,0,PASS,fault_tsan_8_420_w8_stage7_same_instance
tsan,8,420,8,stage7,destroy_recreate,0,0,3,1,1,False,0,False,0,0,0,PASS,fault_tsan_8_420_w8_stage7_destroy_recreate
tsan,8,420,8,plane0,fault,3,2,0,0,0,False,0,False,0,0,0,PASS,fault_tsan_8_420_w8_plane0_fault
tsan,8,420,8,plane0,same_instance,0,0,3,0,1,False,0,False,0,0,0,PASS,fault_tsan_8_420_w8_plane0_same_instance
tsan,8,420,8,plane0,destroy_recreate,0,0,3,0,1,False,0,False,0,0,0,PASS,fault_tsan_8_420_w8_plane0_destroy_recreate
tsan,8,420,8,plane1,fault,3,2,0,0,0,False,0,False,0,0,0,PASS,fault_tsan_8_420_w8_plane1_fault
tsan,8,420,8,plane1,same_instance,0,0,3,0,1,False,0,False,0,0,0,PASS,fault_tsan_8_420_w8_plane1_same_instance
tsan,8,420,8,plane1,destroy_recreate,0,0,3,0,1,False,0,False,0,0,0,PASS,fault_tsan_8_420_w8_plane1_destroy_recreate
tsan,8,420,8,plane2,fault,3,2,0,0,0,False,0,False,0,0,0,PASS,fault_tsan_8_420_w8_plane2_fault
tsan,8,420,8,plane2,same_instance,0,0,3,0,1,False,0,False,0,0,0,PASS,fault_tsan_8_420_w8_plane2_same_instance
tsan,8,420,8,plane2,destroy_recreate,0,0,3,0,1,False,0,False,0,0,0,PASS,fault_tsan_8_420_w8_plane2_destroy_recreate
tsan,8,420,8,owner,fault,3,2,0,0,0,False,0,False,0,0,0,PASS,fault_tsan_8_420_w8_owner_fault
tsan,8,420,8,owner,same_instance,0,0,3,0,1,False,0,False,0,0,0,PASS,fault_tsan_8_420_w8_owner_same_instance
tsan,8,420,8,owner,destroy_recreate,0,0,3,0,1,False,0,False,0,0,0,PASS,fault_tsan_8_420_w8_owner_destroy_recreate
tsan,8,420,8,negative_stage,fault,0,0,3,0,0,False,0,False,0,0,0,PASS,fault_tsan_8_420_w8_negative_stage_fault
tsan,8,420,8,negative_row,fault,0,0,3,0,0,False,0,False,0,0,0,PASS,fault_tsan_8_420_w8_negative_row_fault
tsan,8,420,16,stage1,fault,3,1,0,1,0,False,0,False,0,0,0,PASS,fault_tsan_8_420_w16_stage1_fault
tsan,8,420,16,stage1,same_instance,0,0,3,1,1,False,0,False,0,0,0,PASS,fault_tsan_8_420_w16_stage1_same_instance
tsan,8,420,16,stage1,destroy_recreate,0,0,3,1,1,False,0,False,0,0,0,PASS,fault_tsan_8_420_w16_stage1_destroy_recreate
tsan,8,420,16,stage2,fault,3,1,0,1,0,False,0,False,0,0,0,PASS,fault_tsan_8_420_w16_stage2_fault
tsan,8,420,16,stage2,same_instance,0,0,3,1,1,False,0,False,0,0,0,PASS,fault_tsan_8_420_w16_stage2_same_instance
tsan,8,420,16,stage2,destroy_recreate,0,0,3,1,1,False,0,False,0,0,0,PASS,fault_tsan_8_420_w16_stage2_destroy_recreate
tsan,8,420,16,stage3,fault,3,1,0,1,0,False,0,False,0,0,0,PASS,fault_tsan_8_420_w16_stage3_fault
tsan,8,420,16,stage3,same_instance,0,0,3,1,1,False,0,False,0,0,0,PASS,fault_tsan_8_420_w16_stage3_same_instance
tsan,8,420,16,stage3,destroy_recreate,0,0,3,1,1,False,0,False,0,0,0,PASS,fault_tsan_8_420_w16_stage3_destroy_recreate
tsan,8,420,16,stage4,fault,3,1,0,1,0,False,0,False,0,0,0,PASS,fault_tsan_8_420_w16_stage4_fault
tsan,8,420,16,stage4,same_instance,0,0,3,1,1,False,0,False,0,0,0,PASS,fault_tsan_8_420_w16_stage4_same_instance
tsan,8,420,16,stage4,destroy_recreate,0,0,3,1,1,False,0,False,0,0,0,PASS,fault_tsan_8_420_w16_stage4_destroy_recreate
tsan,8,420,16,stage5,fault,3,1,0,1,0,False,0,False,0,0,0,PASS,fault_tsan_8_420_w16_stage5_fault
tsan,8,420,16,stage5,same_instance,0,0,3,1,1,False,0,False,0,0,0,PASS,fault_tsan_8_420_w16_stage5_same_instance
tsan,8,420,16,stage5,destroy_recreate,0,0,3,1,1,False,0,False,0,0,0,PASS,fault_tsan_8_420_w16_stage5_destroy_recreate
tsan,8,420,16,stage6,fault,3,1,0,1,0,False,0,False,0,0,0,PASS,fault_tsan_8_420_w16_stage6_fault
tsan,8,420,16,stage6,same_instance,0,0,3,1,1,False,0,False,0,0,0,PASS,fault_tsan_8_420_w16_stage6_same_instance
tsan,8,420,16,stage6,destroy_recreate,0,0,3,1,1,False,0,False,0,0,0,PASS,fault_tsan_8_420_w16_stage6_destroy_recreate
tsan,8,420,16,stage7,fault,3,1,0,1,0,False,0,False,0,0,0,PASS,fault_tsan_8_420_w16_stage7_fault
tsan,8,420,16,stage7,same_instance,0,0,3,1,1,False,0,False,0,0,0,PASS,fault_tsan_8_420_w16_stage7_same_instance
tsan,8,420,16,stage7,destroy_recreate,0,0,3,1,1,False,0,False,0,0,0,PASS,fault_tsan_8_420_w16_stage7_destroy_recreate
tsan,8,420,16,plane0,fault,3,2,0,0,0,False,0,False,0,0,0,PASS,fault_tsan_8_420_w16_plane0_fault
tsan,8,420,16,plane0,same_instance,0,0,3,0,1,False,0,False,0,0,0,PASS,fault_tsan_8_420_w16_plane0_same_instance
tsan,8,420,16,plane0,destroy_recreate,0,0,3,0,1,False,0,False,0,0,0,PASS,fault_tsan_8_420_w16_plane0_destroy_recreate
tsan,8,420,16,plane1,fault,3,2,0,0,0,False,0,False,0,0,0,PASS,fault_tsan_8_420_w16_plane1_fault
tsan,8,420,16,plane1,same_instance,0,0,3,0,1,False,0,False,0,0,0,PASS,fault_tsan_8_420_w16_plane1_same_instance
tsan,8,420,16,plane1,destroy_recreate,0,0,3,0,1,False,0,False,0,0,0,PASS,fault_tsan_8_420_w16_plane1_destroy_recreate
tsan,8,420,16,plane2,fault,3,2,0,0,0,False,0,False,0,0,0,PASS,fault_tsan_8_420_w16_plane2_fault
tsan,8,420,16,plane2,same_instance,0,0,3,0,1,False,0,False,0,0,0,PASS,fault_tsan_8_420_w16_plane2_same_instance
tsan,8,420,16,plane2,destroy_recreate,0,0,3,0,1,False,0,False,0,0,0,PASS,fault_tsan_8_420_w16_plane2_destroy_recreate
tsan,8,420,16,owner,fault,3,2,0,0,0,False,0,False,0,0,0,PASS,fault_tsan_8_420_w16_owner_fault
tsan,8,420,16,owner,same_instance,0,0,3,0,1,False,0,False,0,0,0,PASS,fault_tsan_8_420_w16_owner_same_instance
tsan,8,420,16,owner,destroy_recreate,0,0,3,0,1,False,0,False,0,0,0,PASS,fault_tsan_8_420_w16_owner_destroy_recreate
tsan,8,420,16,negative_stage,fault,0,0,3,0,0,False,0,False,0,0,0,PASS,fault_tsan_8_420_w16_negative_stage_fault
tsan,8,420,16,negative_row,fault,0,0,3,0,0,False,0,False,0,0,0,PASS,fault_tsan_8_420_w16_negative_row_fault
tsan,8,444,2,stage1,fault,3,1,0,1,0,False,0,False,0,0,0,PASS,fault_tsan_8_444_w2_stage1_fault
tsan,8,444,2,stage1,same_instance,0,0,3,1,1,False,0,False,0,0,0,PASS,fault_tsan_8_444_w2_stage1_same_instance
tsan,8,444,2,stage1,destroy_recreate,0,0,3,1,1,False,0,False,0,0,0,PASS,fault_tsan_8_444_w2_stage1_destroy_recreate
tsan,8,444,2,stage2,fault,3,1,0,1,0,False,0,False,0,0,0,PASS,fault_tsan_8_444_w2_stage2_fault
tsan,8,444,2,stage2,same_instance,0,0,3,1,1,False,0,False,0,0,0,PASS,fault_tsan_8_444_w2_stage2_same_instance
tsan,8,444,2,stage2,destroy_recreate,0,0,3,1,1,False,0,False,0,0,0,PASS,fault_tsan_8_444_w2_stage2_destroy_recreate
tsan,8,444,2,stage3,fault,3,1,0,1,0,False,0,False,0,0,0,PASS,fault_tsan_8_444_w2_stage3_fault
tsan,8,444,2,stage3,same_instance,0,0,3,1,1,False,0,False,0,0,0,PASS,fault_tsan_8_444_w2_stage3_same_instance
tsan,8,444,2,stage3,destroy_recreate,0,0,3,1,1,False,0,False,0,0,0,PASS,fault_tsan_8_444_w2_stage3_destroy_recreate
tsan,8,444,2,stage4,fault,3,1,0,1,0,False,0,False,0,0,0,PASS,fault_tsan_8_444_w2_stage4_fault
tsan,8,444,2,stage4,same_instance,0,0,3,1,1,False,0,False,0,0,0,PASS,fault_tsan_8_444_w2_stage4_same_instance
tsan,8,444,2,stage4,destroy_recreate,0,0,3,1,1,False,0,False,0,0,0,PASS,fault_tsan_8_444_w2_stage4_destroy_recreate
tsan,8,444,2,stage5,fault,3,1,0,1,0,False,0,False,0,0,0,PASS,fault_tsan_8_444_w2_stage5_fault
tsan,8,444,2,stage5,same_instance,0,0,3,1,1,False,0,False,0,0,0,PASS,fault_tsan_8_444_w2_stage5_same_instance
tsan,8,444,2,stage5,destroy_recreate,0,0,3,1,1,False,0,False,0,0,0,PASS,fault_tsan_8_444_w2_stage5_destroy_recreate
tsan,8,444,2,stage6,fault,3,1,0,1,0,False,0,False,0,0,0,PASS,fault_tsan_8_444_w2_stage6_fault
tsan,8,444,2,stage6,same_instance,0,0,3,1,1,False,0,False,0,0,0,PASS,fault_tsan_8_444_w2_stage6_same_instance
tsan,8,444,2,stage6,destroy_recreate,0,0,3,1,1,False,0,False,0,0,0,PASS,fault_tsan_8_444_w2_stage6_destroy_recreate
tsan,8,444,2,stage7,fault,3,1,0,1,0,False,0,False,0,0,0,PASS,fault_tsan_8_444_w2_stage7_fault
tsan,8,444,2,stage7,same_instance,0,0,3,1,1,False,0,False,0,0,0,PASS,fault_tsan_8_444_w2_stage7_same_instance
tsan,8,444,2,stage7,destroy_recreate,0,0,3,1,1,False,0,False,0,0,0,PASS,fault_tsan_8_444_w2_stage7_destroy_recreate
tsan,8,444,2,plane0,fault,3,2,0,0,0,False,0,False,0,0,0,PASS,fault_tsan_8_444_w2_plane0_fault
tsan,8,444,2,plane0,same_instance,0,0,3,0,1,False,0,False,0,0,0,PASS,fault_tsan_8_444_w2_plane0_same_instance
tsan,8,444,2,plane0,destroy_recreate,0,0,3,0,1,False,0,False,0,0,0,PASS,fault_tsan_8_444_w2_plane0_destroy_recreate
tsan,8,444,2,plane1,fault,3,2,0,0,0,False,0,False,0,0,0,PASS,fault_tsan_8_444_w2_plane1_fault
tsan,8,444,2,plane1,same_instance,0,0,3,0,1,False,0,False,0,0,0,PASS,fault_tsan_8_444_w2_plane1_same_instance
tsan,8,444,2,plane1,destroy_recreate,0,0,3,0,1,False,0,False,0,0,0,PASS,fault_tsan_8_444_w2_plane1_destroy_recreate
tsan,8,444,2,plane2,fault,3,2,0,0,0,False,0,False,0,0,0,PASS,fault_tsan_8_444_w2_plane2_fault
tsan,8,444,2,plane2,same_instance,0,0,3,0,1,False,0,False,0,0,0,PASS,fault_tsan_8_444_w2_plane2_same_instance
tsan,8,444,2,plane2,destroy_recreate,0,0,3,0,1,False,0,False,0,0,0,PASS,fault_tsan_8_444_w2_plane2_destroy_recreate
tsan,8,444,2,owner,fault,3,2,0,0,0,False,0,False,0,0,0,PASS,fault_tsan_8_444_w2_owner_fault
tsan,8,444,2,owner,same_instance,0,0,3,0,1,False,0,False,0,0,0,PASS,fault_tsan_8_444_w2_owner_same_instance
tsan,8,444,2,owner,destroy_recreate,0,0,3,0,1,False,0,False,0,0,0,PASS,fault_tsan_8_444_w2_owner_destroy_recreate
tsan,8,444,2,negative_stage,fault,0,0,3,0,0,False,0,False,0,0,0,PASS,fault_tsan_8_444_w2_negative_stage_fault
tsan,8,444,2,negative_row,fault,0,0,3,0,0,False,0,False,0,0,0,PASS,fault_tsan_8_444_w2_negative_row_fault
tsan,8,444,8,stage1,fault,3,1,0,1,0,False,0,False,0,0,0,PASS,fault_tsan_8_444_w8_stage1_fault
tsan,8,444,8,stage1,same_instance,0,0,3,1,1,False,0,False,0,0,0,PASS,fault_tsan_8_444_w8_stage1_same_instance
tsan,8,444,8,stage1,destroy_recreate,0,0,3,1,1,False,0,False,0,0,0,PASS,fault_tsan_8_444_w8_stage1_destroy_recreate
tsan,8,444,8,stage2,fault,3,1,0,1,0,False,0,False,0,0,0,PASS,fault_tsan_8_444_w8_stage2_fault
tsan,8,444,8,stage2,same_instance,0,0,3,1,1,False,0,False,0,0,0,PASS,fault_tsan_8_444_w8_stage2_same_instance
tsan,8,444,8,stage2,destroy_recreate,0,0,3,1,1,False,0,False,0,0,0,PASS,fault_tsan_8_444_w8_stage2_destroy_recreate
tsan,8,444,8,stage3,fault,3,1,0,1,0,False,0,False,0,0,0,PASS,fault_tsan_8_444_w8_stage3_fault
tsan,8,444,8,stage3,same_instance,0,0,3,1,1,False,0,False,0,0,0,PASS,fault_tsan_8_444_w8_stage3_same_instance
tsan,8,444,8,stage3,destroy_recreate,0,0,3,1,1,False,0,False,0,0,0,PASS,fault_tsan_8_444_w8_stage3_destroy_recreate
tsan,8,444,8,stage4,fault,3,1,0,1,0,False,0,False,0,0,0,PASS,fault_tsan_8_444_w8_stage4_fault
tsan,8,444,8,stage4,same_instance,0,0,3,1,1,False,0,False,0,0,0,PASS,fault_tsan_8_444_w8_stage4_same_instance
tsan,8,444,8,stage4,destroy_recreate,0,0,3,1,1,False,0,False,0,0,0,PASS,fault_tsan_8_444_w8_stage4_destroy_recreate
tsan,8,444,8,stage5,fault,3,1,0,1,0,False,0,False,0,0,0,PASS,fault_tsan_8_444_w8_stage5_fault
tsan,8,444,8,stage5,same_instance,0,0,3,1,1,False,0,False,0,0,0,PASS,fault_tsan_8_444_w8_stage5_same_instance
tsan,8,444,8,stage5,destroy_recreate,0,0,3,1,1,False,0,False,0,0,0,PASS,fault_tsan_8_444_w8_stage5_destroy_recreate
tsan,8,444,8,stage6,fault,3,1,0,1,0,False,0,False,0,0,0,PASS,fault_tsan_8_444_w8_stage6_fault
tsan,8,444,8,stage6,same_instance,0,0,3,1,1,False,0,False,0,0,0,PASS,fault_tsan_8_444_w8_stage6_same_instance
tsan,8,444,8,stage6,destroy_recreate,0,0,3,1,1,False,0,False,0,0,0,PASS,fault_tsan_8_444_w8_stage6_destroy_recreate
tsan,8,444,8,stage7,fault,3,1,0,1,0,False,0,False,0,0,0,PASS,fault_tsan_8_444_w8_stage7_fault
tsan,8,444,8,stage7,same_instance,0,0,3,1,1,False,0,False,0,0,0,PASS,fault_tsan_8_444_w8_stage7_same_instance
tsan,8,444,8,stage7,destroy_recreate,0,0,3,1,1,False,0,False,0,0,0,PASS,fault_tsan_8_444_w8_stage7_destroy_recreate
tsan,8,444,8,plane0,fault,3,2,0,0,0,False,0,False,0,0,0,PASS,fault_tsan_8_444_w8_plane0_fault
tsan,8,444,8,plane0,same_instance,0,0,3,0,1,False,0,False,0,0,0,PASS,fault_tsan_8_444_w8_plane0_same_instance
tsan,8,444,8,plane0,destroy_recreate,0,0,3,0,1,False,0,False,0,0,0,PASS,fault_tsan_8_444_w8_plane0_destroy_recreate
tsan,8,444,8,plane1,fault,3,2,0,0,0,False,0,False,0,0,0,PASS,fault_tsan_8_444_w8_plane1_fault
tsan,8,444,8,plane1,same_instance,0,0,3,0,1,False,0,False,0,0,0,PASS,fault_tsan_8_444_w8_plane1_same_instance
tsan,8,444,8,plane1,destroy_recreate,0,0,3,0,1,False,0,False,0,0,0,PASS,fault_tsan_8_444_w8_plane1_destroy_recreate
tsan,8,444,8,plane2,fault,3,2,0,0,0,False,0,False,0,0,0,PASS,fault_tsan_8_444_w8_plane2_fault
tsan,8,444,8,plane2,same_instance,0,0,3,0,1,False,0,False,0,0,0,PASS,fault_tsan_8_444_w8_plane2_same_instance
tsan,8,444,8,plane2,destroy_recreate,0,0,3,0,1,False,0,False,0,0,0,PASS,fault_tsan_8_444_w8_plane2_destroy_recreate
tsan,8,444,8,owner,fault,3,2,0,0,0,False,0,False,0,0,0,PASS,fault_tsan_8_444_w8_owner_fault
tsan,8,444,8,owner,same_instance,0,0,3,0,1,False,0,False,0,0,0,PASS,fault_tsan_8_444_w8_owner_same_instance
tsan,8,444,8,owner,destroy_recreate,0,0,3,0,1,False,0,False,0,0,0,PASS,fault_tsan_8_444_w8_owner_destroy_recreate
tsan,8,444,8,negative_stage,fault,0,0,3,0,0,False,0,False,0,0,0,PASS,fault_tsan_8_444_w8_negative_stage_fault
tsan,8,444,8,negative_row,fault,0,0,3,0,0,False,0,False,0,0,0,PASS,fault_tsan_8_444_w8_negative_row_fault
tsan,8,444,16,stage1,fault,3,1,0,1,0,False,0,False,0,0,0,PASS,fault_tsan_8_444_w16_stage1_fault
tsan,8,444,16,stage1,same_instance,0,0,3,1,1,False,0,False,0,0,0,PASS,fault_tsan_8_444_w16_stage1_same_instance
tsan,8,444,16,stage1,destroy_recreate,0,0,3,1,1,False,0,False,0,0,0,PASS,fault_tsan_8_444_w16_stage1_destroy_recreate
tsan,8,444,16,stage2,fault,3,1,0,1,0,False,0,False,0,0,0,PASS,fault_tsan_8_444_w16_stage2_fault
tsan,8,444,16,stage2,same_instance,0,0,3,1,1,False,0,False,0,0,0,PASS,fault_tsan_8_444_w16_stage2_same_instance
tsan,8,444,16,stage2,destroy_recreate,0,0,3,1,1,False,0,False,0,0,0,PASS,fault_tsan_8_444_w16_stage2_destroy_recreate
tsan,8,444,16,stage3,fault,3,1,0,1,0,False,0,False,0,0,0,PASS,fault_tsan_8_444_w16_stage3_fault
tsan,8,444,16,stage3,same_instance,0,0,3,1,1,False,0,False,0,0,0,PASS,fault_tsan_8_444_w16_stage3_same_instance
tsan,8,444,16,stage3,destroy_recreate,0,0,3,1,1,False,0,False,0,0,0,PASS,fault_tsan_8_444_w16_stage3_destroy_recreate
tsan,8,444,16,stage4,fault,3,1,0,1,0,False,0,False,0,0,0,PASS,fault_tsan_8_444_w16_stage4_fault
tsan,8,444,16,stage4,same_instance,0,0,3,1,1,False,0,False,0,0,0,PASS,fault_tsan_8_444_w16_stage4_same_instance
tsan,8,444,16,stage4,destroy_recreate,0,0,3,1,1,False,0,False,0,0,0,PASS,fault_tsan_8_444_w16_stage4_destroy_recreate
tsan,8,444,16,stage5,fault,3,1,0,1,0,False,0,False,0,0,0,PASS,fault_tsan_8_444_w16_stage5_fault
tsan,8,444,16,stage5,same_instance,0,0,3,1,1,False,0,False,0,0,0,PASS,fault_tsan_8_444_w16_stage5_same_instance
tsan,8,444,16,stage5,destroy_recreate,0,0,3,1,1,False,0,False,0,0,0,PASS,fault_tsan_8_444_w16_stage5_destroy_recreate
tsan,8,444,16,stage6,fault,3,1,0,1,0,False,0,False,0,0,0,PASS,fault_tsan_8_444_w16_stage6_fault
tsan,8,444,16,stage6,same_instance,0,0,3,1,1,False,0,False,0,0,0,PASS,fault_tsan_8_444_w16_stage6_same_instance
tsan,8,444,16,stage6,destroy_recreate,0,0,3,1,1,False,0,False,0,0,0,PASS,fault_tsan_8_444_w16_stage6_destroy_recreate
tsan,8,444,16,stage7,fault,3,1,0,1,0,False,0,False,0,0,0,PASS,fault_tsan_8_444_w16_stage7_fault
tsan,8,444,16,stage7,same_instance,0,0,3,1,1,False,0,False,0,0,0,PASS,fault_tsan_8_444_w16_stage7_same_instance
tsan,8,444,16,stage7,destroy_recreate,0,0,3,1,1,False,0,False,0,0,0,PASS,fault_tsan_8_444_w16_stage7_destroy_recreate
tsan,8,444,16,plane0,fault,3,2,0,0,0,False,0,False,0,0,0,PASS,fault_tsan_8_444_w16_plane0_fault
tsan,8,444,16,plane0,same_instance,0,0,3,0,1,False,0,False,0,0,0,PASS,fault_tsan_8_444_w16_plane0_same_instance
tsan,8,444,16,plane0,destroy_recreate,0,0,3,0,1,False,0,False,0,0,0,PASS,fault_tsan_8_444_w16_plane0_destroy_recreate
tsan,8,444,16,plane1,fault,3,2,0,0,0,False,0,False,0,0,0,PASS,fault_tsan_8_444_w16_plane1_fault
tsan,8,444,16,plane1,same_instance,0,0,3,0,1,False,0,False,0,0,0,PASS,fault_tsan_8_444_w16_plane1_same_instance
tsan,8,444,16,plane1,destroy_recreate,0,0,3,0,1,False,0,False,0,0,0,PASS,fault_tsan_8_444_w16_plane1_destroy_recreate
tsan,8,444,16,plane2,fault,3,2,0,0,0,False,0,False,0,0,0,PASS,fault_tsan_8_444_w16_plane2_fault
tsan,8,444,16,plane2,same_instance,0,0,3,0,1,False,0,False,0,0,0,PASS,fault_tsan_8_444_w16_plane2_same_instance
tsan,8,444,16,plane2,destroy_recreate,0,0,3,0,1,False,0,False,0,0,0,PASS,fault_tsan_8_444_w16_plane2_destroy_recreate
tsan,8,444,16,owner,fault,3,2,0,0,0,False,0,False,0,0,0,PASS,fault_tsan_8_444_w16_owner_fault
tsan,8,444,16,owner,same_instance,0,0,3,0,1,False,0,False,0,0,0,PASS,fault_tsan_8_444_w16_owner_same_instance
tsan,8,444,16,owner,destroy_recreate,0,0,3,0,1,False,0,False,0,0,0,PASS,fault_tsan_8_444_w16_owner_destroy_recreate
tsan,8,444,16,negative_stage,fault,0,0,3,0,0,False,0,False,0,0,0,PASS,fault_tsan_8_444_w16_negative_stage_fault
tsan,8,444,16,negative_row,fault,0,0,3,0,0,False,0,False,0,0,0,PASS,fault_tsan_8_444_w16_negative_row_fault
tsan,10,420,2,stage1,fault,3,1,0,1,0,False,0,False,0,0,0,PASS,fault_tsan_10_420_w2_stage1_fault
tsan,10,420,2,stage1,same_instance,0,0,3,1,1,False,0,False,0,0,0,PASS,fault_tsan_10_420_w2_stage1_same_instance
tsan,10,420,2,stage1,destroy_recreate,0,0,3,1,1,False,0,False,0,0,0,PASS,fault_tsan_10_420_w2_stage1_destroy_recreate
tsan,10,420,2,stage2,fault,3,1,0,1,0,False,0,False,0,0,0,PASS,fault_tsan_10_420_w2_stage2_fault
tsan,10,420,2,stage2,same_instance,0,0,3,1,1,False,0,False,0,0,0,PASS,fault_tsan_10_420_w2_stage2_same_instance
tsan,10,420,2,stage2,destroy_recreate,0,0,3,1,1,False,0,False,0,0,0,PASS,fault_tsan_10_420_w2_stage2_destroy_recreate
tsan,10,420,2,stage3,fault,3,1,0,1,0,False,0,False,0,0,0,PASS,fault_tsan_10_420_w2_stage3_fault
tsan,10,420,2,stage3,same_instance,0,0,3,1,1,False,0,False,0,0,0,PASS,fault_tsan_10_420_w2_stage3_same_instance
tsan,10,420,2,stage3,destroy_recreate,0,0,3,1,1,False,0,False,0,0,0,PASS,fault_tsan_10_420_w2_stage3_destroy_recreate
tsan,10,420,2,stage4,fault,3,1,0,1,0,False,0,False,0,0,0,PASS,fault_tsan_10_420_w2_stage4_fault
tsan,10,420,2,stage4,same_instance,0,0,3,1,1,False,0,False,0,0,0,PASS,fault_tsan_10_420_w2_stage4_same_instance
tsan,10,420,2,stage4,destroy_recreate,0,0,3,1,1,False,0,False,0,0,0,PASS,fault_tsan_10_420_w2_stage4_destroy_recreate
tsan,10,420,2,stage5,fault,3,1,0,1,0,False,0,False,0,0,0,PASS,fault_tsan_10_420_w2_stage5_fault
tsan,10,420,2,stage5,same_instance,0,0,3,1,1,False,0,False,0,0,0,PASS,fault_tsan_10_420_w2_stage5_same_instance
tsan,10,420,2,stage5,destroy_recreate,0,0,3,1,1,False,0,False,0,0,0,PASS,fault_tsan_10_420_w2_stage5_destroy_recreate
tsan,10,420,2,stage6,fault,3,1,0,1,0,False,0,False,0,0,0,PASS,fault_tsan_10_420_w2_stage6_fault
tsan,10,420,2,stage6,same_instance,0,0,3,1,1,False,0,False,0,0,0,PASS,fault_tsan_10_420_w2_stage6_same_instance
tsan,10,420,2,stage6,destroy_recreate,0,0,3,1,1,False,0,False,0,0,0,PASS,fault_tsan_10_420_w2_stage6_destroy_recreate
tsan,10,420,2,stage7,fault,3,1,0,1,0,False,0,False,0,0,0,PASS,fault_tsan_10_420_w2_stage7_fault
tsan,10,420,2,stage7,same_instance,0,0,3,1,1,False,0,False,0,0,0,PASS,fault_tsan_10_420_w2_stage7_same_instance
tsan,10,420,2,stage7,destroy_recreate,0,0,3,1,1,False,0,False,0,0,0,PASS,fault_tsan_10_420_w2_stage7_destroy_recreate
tsan,10,420,2,plane0,fault,3,2,0,0,0,False,0,False,0,0,0,PASS,fault_tsan_10_420_w2_plane0_fault
tsan,10,420,2,plane0,same_instance,0,0,3,0,1,False,0,False,0,0,0,PASS,fault_tsan_10_420_w2_plane0_same_instance
tsan,10,420,2,plane0,destroy_recreate,0,0,3,0,1,False,0,False,0,0,0,PASS,fault_tsan_10_420_w2_plane0_destroy_recreate
tsan,10,420,2,plane1,fault,3,2,0,0,0,False,0,False,0,0,0,PASS,fault_tsan_10_420_w2_plane1_fault
tsan,10,420,2,plane1,same_instance,0,0,3,0,1,False,0,False,0,0,0,PASS,fault_tsan_10_420_w2_plane1_same_instance
tsan,10,420,2,plane1,destroy_recreate,0,0,3,0,1,False,0,False,0,0,0,PASS,fault_tsan_10_420_w2_plane1_destroy_recreate
tsan,10,420,2,plane2,fault,3,2,0,0,0,False,0,False,0,0,0,PASS,fault_tsan_10_420_w2_plane2_fault
tsan,10,420,2,plane2,same_instance,0,0,3,0,1,False,0,False,0,0,0,PASS,fault_tsan_10_420_w2_plane2_same_instance
tsan,10,420,2,plane2,destroy_recreate,0,0,3,0,1,False,0,False,0,0,0,PASS,fault_tsan_10_420_w2_plane2_destroy_recreate
tsan,10,420,2,owner,fault,3,2,0,0,0,False,0,False,0,0,0,PASS,fault_tsan_10_420_w2_owner_fault
tsan,10,420,2,owner,same_instance,0,0,3,0,1,False,0,False,0,0,0,PASS,fault_tsan_10_420_w2_owner_same_instance
tsan,10,420,2,owner,destroy_recreate,0,0,3,0,1,False,0,False,0,0,0,PASS,fault_tsan_10_420_w2_owner_destroy_recreate
tsan,10,420,2,negative_stage,fault,0,0,3,0,0,False,0,False,0,0,0,PASS,fault_tsan_10_420_w2_negative_stage_fault
tsan,10,420,2,negative_row,fault,0,0,3,0,0,False,0,False,0,0,0,PASS,fault_tsan_10_420_w2_negative_row_fault
tsan,10,420,8,stage1,fault,3,1,0,1,0,False,0,False,0,0,0,PASS,fault_tsan_10_420_w8_stage1_fault
tsan,10,420,8,stage1,same_instance,0,0,3,1,1,False,0,False,0,0,0,PASS,fault_tsan_10_420_w8_stage1_same_instance
tsan,10,420,8,stage1,destroy_recreate,0,0,3,1,1,False,0,False,0,0,0,PASS,fault_tsan_10_420_w8_stage1_destroy_recreate
tsan,10,420,8,stage2,fault,3,1,0,1,0,False,0,False,0,0,0,PASS,fault_tsan_10_420_w8_stage2_fault
tsan,10,420,8,stage2,same_instance,0,0,3,1,1,False,0,False,0,0,0,PASS,fault_tsan_10_420_w8_stage2_same_instance
tsan,10,420,8,stage2,destroy_recreate,0,0,3,1,1,False,0,False,0,0,0,PASS,fault_tsan_10_420_w8_stage2_destroy_recreate
tsan,10,420,8,stage3,fault,3,1,0,1,0,False,0,False,0,0,0,PASS,fault_tsan_10_420_w8_stage3_fault
tsan,10,420,8,stage3,same_instance,0,0,3,1,1,False,0,False,0,0,0,PASS,fault_tsan_10_420_w8_stage3_same_instance
tsan,10,420,8,stage3,destroy_recreate,0,0,3,1,1,False,0,False,0,0,0,PASS,fault_tsan_10_420_w8_stage3_destroy_recreate
tsan,10,420,8,stage4,fault,3,1,0,1,0,False,0,False,0,0,0,PASS,fault_tsan_10_420_w8_stage4_fault
tsan,10,420,8,stage4,same_instance,0,0,3,1,1,False,0,False,0,0,0,PASS,fault_tsan_10_420_w8_stage4_same_instance
tsan,10,420,8,stage4,destroy_recreate,0,0,3,1,1,False,0,False,0,0,0,PASS,fault_tsan_10_420_w8_stage4_destroy_recreate
tsan,10,420,8,stage5,fault,3,1,0,1,0,False,0,False,0,0,0,PASS,fault_tsan_10_420_w8_stage5_fault
tsan,10,420,8,stage5,same_instance,0,0,3,1,1,False,0,False,0,0,0,PASS,fault_tsan_10_420_w8_stage5_same_instance
tsan,10,420,8,stage5,destroy_recreate,0,0,3,1,1,False,0,False,0,0,0,PASS,fault_tsan_10_420_w8_stage5_destroy_recreate
tsan,10,420,8,stage6,fault,3,1,0,1,0,False,0,False,0,0,0,PASS,fault_tsan_10_420_w8_stage6_fault
tsan,10,420,8,stage6,same_instance,0,0,3,1,1,False,0,False,0,0,0,PASS,fault_tsan_10_420_w8_stage6_same_instance
tsan,10,420,8,stage6,destroy_recreate,0,0,3,1,1,False,0,False,0,0,0,PASS,fault_tsan_10_420_w8_stage6_destroy_recreate
tsan,10,420,8,stage7,fault,3,1,0,1,0,False,0,False,0,0,0,PASS,fault_tsan_10_420_w8_stage7_fault
tsan,10,420,8,stage7,same_instance,0,0,3,1,1,False,0,False,0,0,0,PASS,fault_tsan_10_420_w8_stage7_same_instance
tsan,10,420,8,stage7,destroy_recreate,0,0,3,1,1,False,0,False,0,0,0,PASS,fault_tsan_10_420_w8_stage7_destroy_recreate
tsan,10,420,8,plane0,fault,3,2,0,0,0,False,0,False,0,0,0,PASS,fault_tsan_10_420_w8_plane0_fault
tsan,10,420,8,plane0,same_instance,0,0,3,0,1,False,0,False,0,0,0,PASS,fault_tsan_10_420_w8_plane0_same_instance
tsan,10,420,8,plane0,destroy_recreate,0,0,3,0,1,False,0,False,0,0,0,PASS,fault_tsan_10_420_w8_plane0_destroy_recreate
tsan,10,420,8,plane1,fault,3,2,0,0,0,False,0,False,0,0,0,PASS,fault_tsan_10_420_w8_plane1_fault
tsan,10,420,8,plane1,same_instance,0,0,3,0,1,False,0,False,0,0,0,PASS,fault_tsan_10_420_w8_plane1_same_instance
tsan,10,420,8,plane1,destroy_recreate,0,0,3,0,1,False,0,False,0,0,0,PASS,fault_tsan_10_420_w8_plane1_destroy_recreate
tsan,10,420,8,plane2,fault,3,2,0,0,0,False,0,False,0,0,0,PASS,fault_tsan_10_420_w8_plane2_fault
tsan,10,420,8,plane2,same_instance,0,0,3,0,1,False,0,False,0,0,0,PASS,fault_tsan_10_420_w8_plane2_same_instance
tsan,10,420,8,plane2,destroy_recreate,0,0,3,0,1,False,0,False,0,0,0,PASS,fault_tsan_10_420_w8_plane2_destroy_recreate
tsan,10,420,8,owner,fault,3,2,0,0,0,False,0,False,0,0,0,PASS,fault_tsan_10_420_w8_owner_fault
tsan,10,420,8,owner,same_instance,0,0,3,0,1,False,0,False,0,0,0,PASS,fault_tsan_10_420_w8_owner_same_instance
tsan,10,420,8,owner,destroy_recreate,0,0,3,0,1,False,0,False,0,0,0,PASS,fault_tsan_10_420_w8_owner_destroy_recreate
tsan,10,420,8,negative_stage,fault,0,0,3,0,0,False,0,False,0,0,0,PASS,fault_tsan_10_420_w8_negative_stage_fault
tsan,10,420,8,negative_row,fault,0,0,3,0,0,False,0,False,0,0,0,PASS,fault_tsan_10_420_w8_negative_row_fault
tsan,10,420,16,stage1,fault,3,1,0,1,0,False,0,False,0,0,0,PASS,fault_tsan_10_420_w16_stage1_fault
tsan,10,420,16,stage1,same_instance,0,0,3,1,1,False,0,False,0,0,0,PASS,fault_tsan_10_420_w16_stage1_same_instance
tsan,10,420,16,stage1,destroy_recreate,0,0,3,1,1,False,0,False,0,0,0,PASS,fault_tsan_10_420_w16_stage1_destroy_recreate
tsan,10,420,16,stage2,fault,3,1,0,1,0,False,0,False,0,0,0,PASS,fault_tsan_10_420_w16_stage2_fault
tsan,10,420,16,stage2,same_instance,0,0,3,1,1,False,0,False,0,0,0,PASS,fault_tsan_10_420_w16_stage2_same_instance
tsan,10,420,16,stage2,destroy_recreate,0,0,3,1,1,False,0,False,0,0,0,PASS,fault_tsan_10_420_w16_stage2_destroy_recreate
tsan,10,420,16,stage3,fault,3,1,0,1,0,False,0,False,0,0,0,PASS,fault_tsan_10_420_w16_stage3_fault
tsan,10,420,16,stage3,same_instance,0,0,3,1,1,False,0,False,0,0,0,PASS,fault_tsan_10_420_w16_stage3_same_instance
tsan,10,420,16,stage3,destroy_recreate,0,0,3,1,1,False,0,False,0,0,0,PASS,fault_tsan_10_420_w16_stage3_destroy_recreate
tsan,10,420,16,stage4,fault,3,1,0,1,0,False,0,False,0,0,0,PASS,fault_tsan_10_420_w16_stage4_fault
tsan,10,420,16,stage4,same_instance,0,0,3,1,1,False,0,False,0,0,0,PASS,fault_tsan_10_420_w16_stage4_same_instance
tsan,10,420,16,stage4,destroy_recreate,0,0,3,1,1,False,0,False,0,0,0,PASS,fault_tsan_10_420_w16_stage4_destroy_recreate
tsan,10,420,16,stage5,fault,3,1,0,1,0,False,0,False,0,0,0,PASS,fault_tsan_10_420_w16_stage5_fault
tsan,10,420,16,stage5,same_instance,0,0,3,1,1,False,0,False,0,0,0,PASS,fault_tsan_10_420_w16_stage5_same_instance
tsan,10,420,16,stage5,destroy_recreate,0,0,3,1,1,False,0,False,0,0,0,PASS,fault_tsan_10_420_w16_stage5_destroy_recreate
tsan,10,420,16,stage6,fault,3,1,0,1,0,False,0,False,0,0,0,PASS,fault_tsan_10_420_w16_stage6_fault
tsan,10,420,16,stage6,same_instance,0,0,3,1,1,False,0,False,0,0,0,PASS,fault_tsan_10_420_w16_stage6_same_instance
tsan,10,420,16,stage6,destroy_recreate,0,0,3,1,1,False,0,False,0,0,0,PASS,fault_tsan_10_420_w16_stage6_destroy_recreate
tsan,10,420,16,stage7,fault,3,1,0,1,0,False,0,False,0,0,0,PASS,fault_tsan_10_420_w16_stage7_fault
tsan,10,420,16,stage7,same_instance,0,0,3,1,1,False,0,False,0,0,0,PASS,fault_tsan_10_420_w16_stage7_same_instance
tsan,10,420,16,stage7,destroy_recreate,0,0,3,1,1,False,0,False,0,0,0,PASS,fault_tsan_10_420_w16_stage7_destroy_recreate
tsan,10,420,16,plane0,fault,3,2,0,0,0,False,0,False,0,0,0,PASS,fault_tsan_10_420_w16_plane0_fault
tsan,10,420,16,plane0,same_instance,0,0,3,0,1,False,0,False,0,0,0,PASS,fault_tsan_10_420_w16_plane0_same_instance
tsan,10,420,16,plane0,destroy_recreate,0,0,3,0,1,False,0,False,0,0,0,PASS,fault_tsan_10_420_w16_plane0_destroy_recreate
tsan,10,420,16,plane1,fault,3,2,0,0,0,False,0,False,0,0,0,PASS,fault_tsan_10_420_w16_plane1_fault
tsan,10,420,16,plane1,same_instance,0,0,3,0,1,False,0,False,0,0,0,PASS,fault_tsan_10_420_w16_plane1_same_instance
tsan,10,420,16,plane1,destroy_recreate,0,0,3,0,1,False,0,False,0,0,0,PASS,fault_tsan_10_420_w16_plane1_destroy_recreate
tsan,10,420,16,plane2,fault,3,2,0,0,0,False,0,False,0,0,0,PASS,fault_tsan_10_420_w16_plane2_fault
tsan,10,420,16,plane2,same_instance,0,0,3,0,1,False,0,False,0,0,0,PASS,fault_tsan_10_420_w16_plane2_same_instance
tsan,10,420,16,plane2,destroy_recreate,0,0,3,0,1,False,0,False,0,0,0,PASS,fault_tsan_10_420_w16_plane2_destroy_recreate
tsan,10,420,16,owner,fault,3,2,0,0,0,False,0,False,0,0,0,PASS,fault_tsan_10_420_w16_owner_fault
tsan,10,420,16,owner,same_instance,0,0,3,0,1,False,0,False,0,0,0,PASS,fault_tsan_10_420_w16_owner_same_instance
tsan,10,420,16,owner,destroy_recreate,0,0,3,0,1,False,0,False,0,0,0,PASS,fault_tsan_10_420_w16_owner_destroy_recreate
tsan,10,420,16,negative_stage,fault,0,0,3,0,0,False,0,False,0,0,0,PASS,fault_tsan_10_420_w16_negative_stage_fault
tsan,10,420,16,negative_row,fault,0,0,3,0,0,False,0,False,0,0,0,PASS,fault_tsan_10_420_w16_negative_row_fault
tsan,10,444,2,stage1,fault,3,1,0,1,0,False,0,False,0,0,0,PASS,fault_tsan_10_444_w2_stage1_fault
tsan,10,444,2,stage1,same_instance,0,0,3,1,1,False,0,False,0,0,0,PASS,fault_tsan_10_444_w2_stage1_same_instance
tsan,10,444,2,stage1,destroy_recreate,0,0,3,1,1,False,0,False,0,0,0,PASS,fault_tsan_10_444_w2_stage1_destroy_recreate
tsan,10,444,2,stage2,fault,3,1,0,1,0,False,0,False,0,0,0,PASS,fault_tsan_10_444_w2_stage2_fault
tsan,10,444,2,stage2,same_instance,0,0,3,1,1,False,0,False,0,0,0,PASS,fault_tsan_10_444_w2_stage2_same_instance
tsan,10,444,2,stage2,destroy_recreate,0,0,3,1,1,False,0,False,0,0,0,PASS,fault_tsan_10_444_w2_stage2_destroy_recreate
tsan,10,444,2,stage3,fault,3,1,0,1,0,False,0,False,0,0,0,PASS,fault_tsan_10_444_w2_stage3_fault
tsan,10,444,2,stage3,same_instance,0,0,3,1,1,False,0,False,0,0,0,PASS,fault_tsan_10_444_w2_stage3_same_instance
tsan,10,444,2,stage3,destroy_recreate,0,0,3,1,1,False,0,False,0,0,0,PASS,fault_tsan_10_444_w2_stage3_destroy_recreate
tsan,10,444,2,stage4,fault,3,1,0,1,0,False,0,False,0,0,0,PASS,fault_tsan_10_444_w2_stage4_fault
tsan,10,444,2,stage4,same_instance,0,0,3,1,1,False,0,False,0,0,0,PASS,fault_tsan_10_444_w2_stage4_same_instance
tsan,10,444,2,stage4,destroy_recreate,0,0,3,1,1,False,0,False,0,0,0,PASS,fault_tsan_10_444_w2_stage4_destroy_recreate
tsan,10,444,2,stage5,fault,3,1,0,1,0,False,0,False,0,0,0,PASS,fault_tsan_10_444_w2_stage5_fault
tsan,10,444,2,stage5,same_instance,0,0,3,1,1,False,0,False,0,0,0,PASS,fault_tsan_10_444_w2_stage5_same_instance
tsan,10,444,2,stage5,destroy_recreate,0,0,3,1,1,False,0,False,0,0,0,PASS,fault_tsan_10_444_w2_stage5_destroy_recreate
tsan,10,444,2,stage6,fault,3,1,0,1,0,False,0,False,0,0,0,PASS,fault_tsan_10_444_w2_stage6_fault
tsan,10,444,2,stage6,same_instance,0,0,3,1,1,False,0,False,0,0,0,PASS,fault_tsan_10_444_w2_stage6_same_instance
tsan,10,444,2,stage6,destroy_recreate,0,0,3,1,1,False,0,False,0,0,0,PASS,fault_tsan_10_444_w2_stage6_destroy_recreate
tsan,10,444,2,stage7,fault,3,1,0,1,0,False,0,False,0,0,0,PASS,fault_tsan_10_444_w2_stage7_fault
tsan,10,444,2,stage7,same_instance,0,0,3,1,1,False,0,False,0,0,0,PASS,fault_tsan_10_444_w2_stage7_same_instance
tsan,10,444,2,stage7,destroy_recreate,0,0,3,1,1,False,0,False,0,0,0,PASS,fault_tsan_10_444_w2_stage7_destroy_recreate
tsan,10,444,2,plane0,fault,3,2,0,0,0,False,0,False,0,0,0,PASS,fault_tsan_10_444_w2_plane0_fault
tsan,10,444,2,plane0,same_instance,0,0,3,0,1,False,0,False,0,0,0,PASS,fault_tsan_10_444_w2_plane0_same_instance
tsan,10,444,2,plane0,destroy_recreate,0,0,3,0,1,False,0,False,0,0,0,PASS,fault_tsan_10_444_w2_plane0_destroy_recreate
tsan,10,444,2,plane1,fault,3,2,0,0,0,False,0,False,0,0,0,PASS,fault_tsan_10_444_w2_plane1_fault
tsan,10,444,2,plane1,same_instance,0,0,3,0,1,False,0,False,0,0,0,PASS,fault_tsan_10_444_w2_plane1_same_instance
tsan,10,444,2,plane1,destroy_recreate,0,0,3,0,1,False,0,False,0,0,0,PASS,fault_tsan_10_444_w2_plane1_destroy_recreate
tsan,10,444,2,plane2,fault,3,2,0,0,0,False,0,False,0,0,0,PASS,fault_tsan_10_444_w2_plane2_fault
tsan,10,444,2,plane2,same_instance,0,0,3,0,1,False,0,False,0,0,0,PASS,fault_tsan_10_444_w2_plane2_same_instance
tsan,10,444,2,plane2,destroy_recreate,0,0,3,0,1,False,0,False,0,0,0,PASS,fault_tsan_10_444_w2_plane2_destroy_recreate
tsan,10,444,2,owner,fault,3,2,0,0,0,False,0,False,0,0,0,PASS,fault_tsan_10_444_w2_owner_fault
tsan,10,444,2,owner,same_instance,0,0,3,0,1,False,0,False,0,0,0,PASS,fault_tsan_10_444_w2_owner_same_instance
tsan,10,444,2,owner,destroy_recreate,0,0,3,0,1,False,0,False,0,0,0,PASS,fault_tsan_10_444_w2_owner_destroy_recreate
tsan,10,444,2,negative_stage,fault,0,0,3,0,0,False,0,False,0,0,0,PASS,fault_tsan_10_444_w2_negative_stage_fault
tsan,10,444,2,negative_row,fault,0,0,3,0,0,False,0,False,0,0,0,PASS,fault_tsan_10_444_w2_negative_row_fault
tsan,10,444,8,stage1,fault,3,1,0,1,0,False,0,False,0,0,0,PASS,fault_tsan_10_444_w8_stage1_fault
tsan,10,444,8,stage1,same_instance,0,0,3,1,1,False,0,False,0,0,0,PASS,fault_tsan_10_444_w8_stage1_same_instance
tsan,10,444,8,stage1,destroy_recreate,0,0,3,1,1,False,0,False,0,0,0,PASS,fault_tsan_10_444_w8_stage1_destroy_recreate
tsan,10,444,8,stage2,fault,3,1,0,1,0,False,0,False,0,0,0,PASS,fault_tsan_10_444_w8_stage2_fault
tsan,10,444,8,stage2,same_instance,0,0,3,1,1,False,0,False,0,0,0,PASS,fault_tsan_10_444_w8_stage2_same_instance
tsan,10,444,8,stage2,destroy_recreate,0,0,3,1,1,False,0,False,0,0,0,PASS,fault_tsan_10_444_w8_stage2_destroy_recreate
tsan,10,444,8,stage3,fault,3,1,0,1,0,False,0,False,0,0,0,PASS,fault_tsan_10_444_w8_stage3_fault
tsan,10,444,8,stage3,same_instance,0,0,3,1,1,False,0,False,0,0,0,PASS,fault_tsan_10_444_w8_stage3_same_instance
tsan,10,444,8,stage3,destroy_recreate,0,0,3,1,1,False,0,False,0,0,0,PASS,fault_tsan_10_444_w8_stage3_destroy_recreate
tsan,10,444,8,stage4,fault,3,1,0,1,0,False,0,False,0,0,0,PASS,fault_tsan_10_444_w8_stage4_fault
tsan,10,444,8,stage4,same_instance,0,0,3,1,1,False,0,False,0,0,0,PASS,fault_tsan_10_444_w8_stage4_same_instance
tsan,10,444,8,stage4,destroy_recreate,0,0,3,1,1,False,0,False,0,0,0,PASS,fault_tsan_10_444_w8_stage4_destroy_recreate
tsan,10,444,8,stage5,fault,3,1,0,1,0,False,0,False,0,0,0,PASS,fault_tsan_10_444_w8_stage5_fault
tsan,10,444,8,stage5,same_instance,0,0,3,1,1,False,0,False,0,0,0,PASS,fault_tsan_10_444_w8_stage5_same_instance
tsan,10,444,8,stage5,destroy_recreate,0,0,3,1,1,False,0,False,0,0,0,PASS,fault_tsan_10_444_w8_stage5_destroy_recreate
tsan,10,444,8,stage6,fault,3,1,0,1,0,False,0,False,0,0,0,PASS,fault_tsan_10_444_w8_stage6_fault
tsan,10,444,8,stage6,same_instance,0,0,3,1,1,False,0,False,0,0,0,PASS,fault_tsan_10_444_w8_stage6_same_instance
tsan,10,444,8,stage6,destroy_recreate,0,0,3,1,1,False,0,False,0,0,0,PASS,fault_tsan_10_444_w8_stage6_destroy_recreate
tsan,10,444,8,stage7,fault,3,1,0,1,0,False,0,False,0,0,0,PASS,fault_tsan_10_444_w8_stage7_fault
tsan,10,444,8,stage7,same_instance,0,0,3,1,1,False,0,False,0,0,0,PASS,fault_tsan_10_444_w8_stage7_same_instance
tsan,10,444,8,stage7,destroy_recreate,0,0,3,1,1,False,0,False,0,0,0,PASS,fault_tsan_10_444_w8_stage7_destroy_recreate
tsan,10,444,8,plane0,fault,3,2,0,0,0,False,0,False,0,0,0,PASS,fault_tsan_10_444_w8_plane0_fault
tsan,10,444,8,plane0,same_instance,0,0,3,0,1,False,0,False,0,0,0,PASS,fault_tsan_10_444_w8_plane0_same_instance
tsan,10,444,8,plane0,destroy_recreate,0,0,3,0,1,False,0,False,0,0,0,PASS,fault_tsan_10_444_w8_plane0_destroy_recreate
tsan,10,444,8,plane1,fault,3,2,0,0,0,False,0,False,0,0,0,PASS,fault_tsan_10_444_w8_plane1_fault
tsan,10,444,8,plane1,same_instance,0,0,3,0,1,False,0,False,0,0,0,PASS,fault_tsan_10_444_w8_plane1_same_instance
tsan,10,444,8,plane1,destroy_recreate,0,0,3,0,1,False,0,False,0,0,0,PASS,fault_tsan_10_444_w8_plane1_destroy_recreate
tsan,10,444,8,plane2,fault,3,2,0,0,0,False,0,False,0,0,0,PASS,fault_tsan_10_444_w8_plane2_fault
tsan,10,444,8,plane2,same_instance,0,0,3,0,1,False,0,False,0,0,0,PASS,fault_tsan_10_444_w8_plane2_same_instance
tsan,10,444,8,plane2,destroy_recreate,0,0,3,0,1,False,0,False,0,0,0,PASS,fault_tsan_10_444_w8_plane2_destroy_recreate
tsan,10,444,8,owner,fault,3,2,0,0,0,False,0,False,0,0,0,PASS,fault_tsan_10_444_w8_owner_fault
tsan,10,444,8,owner,same_instance,0,0,3,0,1,False,0,False,0,0,0,PASS,fault_tsan_10_444_w8_owner_same_instance
tsan,10,444,8,owner,destroy_recreate,0,0,3,0,1,False,0,False,0,0,0,PASS,fault_tsan_10_444_w8_owner_destroy_recreate
tsan,10,444,8,negative_stage,fault,0,0,3,0,0,False,0,False,0,0,0,PASS,fault_tsan_10_444_w8_negative_stage_fault
tsan,10,444,8,negative_row,fault,0,0,3,0,0,False,0,False,0,0,0,PASS,fault_tsan_10_444_w8_negative_row_fault
tsan,10,444,16,stage1,fault,3,1,0,1,0,False,0,False,0,0,0,PASS,fault_tsan_10_444_w16_stage1_fault
tsan,10,444,16,stage1,same_instance,0,0,3,1,1,False,0,False,0,0,0,PASS,fault_tsan_10_444_w16_stage1_same_instance
tsan,10,444,16,stage1,destroy_recreate,0,0,3,1,1,False,0,False,0,0,0,PASS,fault_tsan_10_444_w16_stage1_destroy_recreate
tsan,10,444,16,stage2,fault,3,1,0,1,0,False,0,False,0,0,0,PASS,fault_tsan_10_444_w16_stage2_fault
tsan,10,444,16,stage2,same_instance,0,0,3,1,1,False,0,False,0,0,0,PASS,fault_tsan_10_444_w16_stage2_same_instance
tsan,10,444,16,stage2,destroy_recreate,0,0,3,1,1,False,0,False,0,0,0,PASS,fault_tsan_10_444_w16_stage2_destroy_recreate
tsan,10,444,16,stage3,fault,3,1,0,1,0,False,0,False,0,0,0,PASS,fault_tsan_10_444_w16_stage3_fault
tsan,10,444,16,stage3,same_instance,0,0,3,1,1,False,0,False,0,0,0,PASS,fault_tsan_10_444_w16_stage3_same_instance
tsan,10,444,16,stage3,destroy_recreate,0,0,3,1,1,False,0,False,0,0,0,PASS,fault_tsan_10_444_w16_stage3_destroy_recreate
tsan,10,444,16,stage4,fault,3,1,0,1,0,False,0,False,0,0,0,PASS,fault_tsan_10_444_w16_stage4_fault
tsan,10,444,16,stage4,same_instance,0,0,3,1,1,False,0,False,0,0,0,PASS,fault_tsan_10_444_w16_stage4_same_instance
tsan,10,444,16,stage4,destroy_recreate,0,0,3,1,1,False,0,False,0,0,0,PASS,fault_tsan_10_444_w16_stage4_destroy_recreate
tsan,10,444,16,stage5,fault,3,1,0,1,0,False,0,False,0,0,0,PASS,fault_tsan_10_444_w16_stage5_fault
tsan,10,444,16,stage5,same_instance,0,0,3,1,1,False,0,False,0,0,0,PASS,fault_tsan_10_444_w16_stage5_same_instance
tsan,10,444,16,stage5,destroy_recreate,0,0,3,1,1,False,0,False,0,0,0,PASS,fault_tsan_10_444_w16_stage5_destroy_recreate
tsan,10,444,16,stage6,fault,3,1,0,1,0,False,0,False,0,0,0,PASS,fault_tsan_10_444_w16_stage6_fault
tsan,10,444,16,stage6,same_instance,0,0,3,1,1,False,0,False,0,0,0,PASS,fault_tsan_10_444_w16_stage6_same_instance
tsan,10,444,16,stage6,destroy_recreate,0,0,3,1,1,False,0,False,0,0,0,PASS,fault_tsan_10_444_w16_stage6_destroy_recreate
tsan,10,444,16,stage7,fault,3,1,0,1,0,False,0,False,0,0,0,PASS,fault_tsan_10_444_w16_stage7_fault
tsan,10,444,16,stage7,same_instance,0,0,3,1,1,False,0,False,0,0,0,PASS,fault_tsan_10_444_w16_stage7_same_instance
tsan,10,444,16,stage7,destroy_recreate,0,0,3,1,1,False,0,False,0,0,0,PASS,fault_tsan_10_444_w16_stage7_destroy_recreate
tsan,10,444,16,plane0,fault,3,2,0,0,0,False,0,False,0,0,0,PASS,fault_tsan_10_444_w16_plane0_fault
tsan,10,444,16,plane0,same_instance,0,0,3,0,1,False,0,False,0,0,0,PASS,fault_tsan_10_444_w16_plane0_same_instance
tsan,10,444,16,plane0,destroy_recreate,0,0,3,0,1,False,0,False,0,0,0,PASS,fault_tsan_10_444_w16_plane0_destroy_recreate
tsan,10,444,16,plane1,fault,3,2,0,0,0,False,0,False,0,0,0,PASS,fault_tsan_10_444_w16_plane1_fault
tsan,10,444,16,plane1,same_instance,0,0,3,0,1,False,0,False,0,0,0,PASS,fault_tsan_10_444_w16_plane1_same_instance
tsan,10,444,16,plane1,destroy_recreate,0,0,3,0,1,False,0,False,0,0,0,PASS,fault_tsan_10_444_w16_plane1_destroy_recreate
tsan,10,444,16,plane2,fault,3,2,0,0,0,False,0,False,0,0,0,PASS,fault_tsan_10_444_w16_plane2_fault
tsan,10,444,16,plane2,same_instance,0,0,3,0,1,False,0,False,0,0,0,PASS,fault_tsan_10_444_w16_plane2_same_instance
tsan,10,444,16,plane2,destroy_recreate,0,0,3,0,1,False,0,False,0,0,0,PASS,fault_tsan_10_444_w16_plane2_destroy_recreate
tsan,10,444,16,owner,fault,3,2,0,0,0,False,0,False,0,0,0,PASS,fault_tsan_10_444_w16_owner_fault
tsan,10,444,16,owner,same_instance,0,0,3,0,1,False,0,False,0,0,0,PASS,fault_tsan_10_444_w16_owner_same_instance
tsan,10,444,16,owner,destroy_recreate,0,0,3,0,1,False,0,False,0,0,0,PASS,fault_tsan_10_444_w16_owner_destroy_recreate
tsan,10,444,16,negative_stage,fault,0,0,3,0,0,False,0,False,0,0,0,PASS,fault_tsan_10_444_w16_negative_stage_fault
tsan,10,444,16,negative_row,fault,0,0,3,0,0,False,0,False,0,0,0,PASS,fault_tsan_10_444_w16_negative_row_fault
tsan,12,420,2,stage1,fault,3,1,0,1,0,False,0,False,0,0,0,PASS,fault_tsan_12_420_w2_stage1_fault
tsan,12,420,2,stage1,same_instance,0,0,3,1,1,False,0,False,0,0,0,PASS,fault_tsan_12_420_w2_stage1_same_instance
tsan,12,420,2,stage1,destroy_recreate,0,0,3,1,1,False,0,False,0,0,0,PASS,fault_tsan_12_420_w2_stage1_destroy_recreate
tsan,12,420,2,stage2,fault,3,1,0,1,0,False,0,False,0,0,0,PASS,fault_tsan_12_420_w2_stage2_fault
tsan,12,420,2,stage2,same_instance,0,0,3,1,1,False,0,False,0,0,0,PASS,fault_tsan_12_420_w2_stage2_same_instance
tsan,12,420,2,stage2,destroy_recreate,0,0,3,1,1,False,0,False,0,0,0,PASS,fault_tsan_12_420_w2_stage2_destroy_recreate
tsan,12,420,2,stage3,fault,3,1,0,1,0,False,0,False,0,0,0,PASS,fault_tsan_12_420_w2_stage3_fault
tsan,12,420,2,stage3,same_instance,0,0,3,1,1,False,0,False,0,0,0,PASS,fault_tsan_12_420_w2_stage3_same_instance
tsan,12,420,2,stage3,destroy_recreate,0,0,3,1,1,False,0,False,0,0,0,PASS,fault_tsan_12_420_w2_stage3_destroy_recreate
tsan,12,420,2,stage4,fault,3,1,0,1,0,False,0,False,0,0,0,PASS,fault_tsan_12_420_w2_stage4_fault
tsan,12,420,2,stage4,same_instance,0,0,3,1,1,False,0,False,0,0,0,PASS,fault_tsan_12_420_w2_stage4_same_instance
tsan,12,420,2,stage4,destroy_recreate,0,0,3,1,1,False,0,False,0,0,0,PASS,fault_tsan_12_420_w2_stage4_destroy_recreate
tsan,12,420,2,stage5,fault,3,1,0,1,0,False,0,False,0,0,0,PASS,fault_tsan_12_420_w2_stage5_fault
tsan,12,420,2,stage5,same_instance,0,0,3,1,1,False,0,False,0,0,0,PASS,fault_tsan_12_420_w2_stage5_same_instance
tsan,12,420,2,stage5,destroy_recreate,0,0,3,1,1,False,0,False,0,0,0,PASS,fault_tsan_12_420_w2_stage5_destroy_recreate
tsan,12,420,2,stage6,fault,3,1,0,1,0,False,0,False,0,0,0,PASS,fault_tsan_12_420_w2_stage6_fault
tsan,12,420,2,stage6,same_instance,0,0,3,1,1,False,0,False,0,0,0,PASS,fault_tsan_12_420_w2_stage6_same_instance
tsan,12,420,2,stage6,destroy_recreate,0,0,3,1,1,False,0,False,0,0,0,PASS,fault_tsan_12_420_w2_stage6_destroy_recreate
tsan,12,420,2,stage7,fault,3,1,0,1,0,False,0,False,0,0,0,PASS,fault_tsan_12_420_w2_stage7_fault
tsan,12,420,2,stage7,same_instance,0,0,3,1,1,False,0,False,0,0,0,PASS,fault_tsan_12_420_w2_stage7_same_instance
tsan,12,420,2,stage7,destroy_recreate,0,0,3,1,1,False,0,False,0,0,0,PASS,fault_tsan_12_420_w2_stage7_destroy_recreate
tsan,12,420,2,plane0,fault,3,2,0,0,0,False,0,False,0,0,0,PASS,fault_tsan_12_420_w2_plane0_fault
tsan,12,420,2,plane0,same_instance,0,0,3,0,1,False,0,False,0,0,0,PASS,fault_tsan_12_420_w2_plane0_same_instance
tsan,12,420,2,plane0,destroy_recreate,0,0,3,0,1,False,0,False,0,0,0,PASS,fault_tsan_12_420_w2_plane0_destroy_recreate
tsan,12,420,2,plane1,fault,3,2,0,0,0,False,0,False,0,0,0,PASS,fault_tsan_12_420_w2_plane1_fault
tsan,12,420,2,plane1,same_instance,0,0,3,0,1,False,0,False,0,0,0,PASS,fault_tsan_12_420_w2_plane1_same_instance
tsan,12,420,2,plane1,destroy_recreate,0,0,3,0,1,False,0,False,0,0,0,PASS,fault_tsan_12_420_w2_plane1_destroy_recreate
tsan,12,420,2,plane2,fault,3,2,0,0,0,False,0,False,0,0,0,PASS,fault_tsan_12_420_w2_plane2_fault
tsan,12,420,2,plane2,same_instance,0,0,3,0,1,False,0,False,0,0,0,PASS,fault_tsan_12_420_w2_plane2_same_instance
tsan,12,420,2,plane2,destroy_recreate,0,0,3,0,1,False,0,False,0,0,0,PASS,fault_tsan_12_420_w2_plane2_destroy_recreate
tsan,12,420,2,owner,fault,3,2,0,0,0,False,0,False,0,0,0,PASS,fault_tsan_12_420_w2_owner_fault
tsan,12,420,2,owner,same_instance,0,0,3,0,1,False,0,False,0,0,0,PASS,fault_tsan_12_420_w2_owner_same_instance
tsan,12,420,2,owner,destroy_recreate,0,0,3,0,1,False,0,False,0,0,0,PASS,fault_tsan_12_420_w2_owner_destroy_recreate
tsan,12,420,2,negative_stage,fault,0,0,3,0,0,False,0,False,0,0,0,PASS,fault_tsan_12_420_w2_negative_stage_fault
tsan,12,420,2,negative_row,fault,0,0,3,0,0,False,0,False,0,0,0,PASS,fault_tsan_12_420_w2_negative_row_fault
tsan,12,420,8,stage1,fault,3,1,0,1,0,False,0,False,0,0,0,PASS,fault_tsan_12_420_w8_stage1_fault
tsan,12,420,8,stage1,same_instance,0,0,3,1,1,False,0,False,0,0,0,PASS,fault_tsan_12_420_w8_stage1_same_instance
tsan,12,420,8,stage1,destroy_recreate,0,0,3,1,1,False,0,False,0,0,0,PASS,fault_tsan_12_420_w8_stage1_destroy_recreate
tsan,12,420,8,stage2,fault,3,1,0,1,0,False,0,False,0,0,0,PASS,fault_tsan_12_420_w8_stage2_fault
tsan,12,420,8,stage2,same_instance,0,0,3,1,1,False,0,False,0,0,0,PASS,fault_tsan_12_420_w8_stage2_same_instance
tsan,12,420,8,stage2,destroy_recreate,0,0,3,1,1,False,0,False,0,0,0,PASS,fault_tsan_12_420_w8_stage2_destroy_recreate
tsan,12,420,8,stage3,fault,3,1,0,1,0,False,0,False,0,0,0,PASS,fault_tsan_12_420_w8_stage3_fault
tsan,12,420,8,stage3,same_instance,0,0,3,1,1,False,0,False,0,0,0,PASS,fault_tsan_12_420_w8_stage3_same_instance
tsan,12,420,8,stage3,destroy_recreate,0,0,3,1,1,False,0,False,0,0,0,PASS,fault_tsan_12_420_w8_stage3_destroy_recreate
tsan,12,420,8,stage4,fault,3,1,0,1,0,False,0,False,0,0,0,PASS,fault_tsan_12_420_w8_stage4_fault
tsan,12,420,8,stage4,same_instance,0,0,3,1,1,False,0,False,0,0,0,PASS,fault_tsan_12_420_w8_stage4_same_instance
tsan,12,420,8,stage4,destroy_recreate,0,0,3,1,1,False,0,False,0,0,0,PASS,fault_tsan_12_420_w8_stage4_destroy_recreate
tsan,12,420,8,stage5,fault,3,1,0,1,0,False,0,False,0,0,0,PASS,fault_tsan_12_420_w8_stage5_fault
tsan,12,420,8,stage5,same_instance,0,0,3,1,1,False,0,False,0,0,0,PASS,fault_tsan_12_420_w8_stage5_same_instance
tsan,12,420,8,stage5,destroy_recreate,0,0,3,1,1,False,0,False,0,0,0,PASS,fault_tsan_12_420_w8_stage5_destroy_recreate
tsan,12,420,8,stage6,fault,3,1,0,1,0,False,0,False,0,0,0,PASS,fault_tsan_12_420_w8_stage6_fault
tsan,12,420,8,stage6,same_instance,0,0,3,1,1,False,0,False,0,0,0,PASS,fault_tsan_12_420_w8_stage6_same_instance
tsan,12,420,8,stage6,destroy_recreate,0,0,3,1,1,False,0,False,0,0,0,PASS,fault_tsan_12_420_w8_stage6_destroy_recreate
tsan,12,420,8,stage7,fault,3,1,0,1,0,False,0,False,0,0,0,PASS,fault_tsan_12_420_w8_stage7_fault
tsan,12,420,8,stage7,same_instance,0,0,3,1,1,False,0,False,0,0,0,PASS,fault_tsan_12_420_w8_stage7_same_instance
tsan,12,420,8,stage7,destroy_recreate,0,0,3,1,1,False,0,False,0,0,0,PASS,fault_tsan_12_420_w8_stage7_destroy_recreate
tsan,12,420,8,plane0,fault,3,2,0,0,0,False,0,False,0,0,0,PASS,fault_tsan_12_420_w8_plane0_fault
tsan,12,420,8,plane0,same_instance,0,0,3,0,1,False,0,False,0,0,0,PASS,fault_tsan_12_420_w8_plane0_same_instance
tsan,12,420,8,plane0,destroy_recreate,0,0,3,0,1,False,0,False,0,0,0,PASS,fault_tsan_12_420_w8_plane0_destroy_recreate
tsan,12,420,8,plane1,fault,3,2,0,0,0,False,0,False,0,0,0,PASS,fault_tsan_12_420_w8_plane1_fault
tsan,12,420,8,plane1,same_instance,0,0,3,0,1,False,0,False,0,0,0,PASS,fault_tsan_12_420_w8_plane1_same_instance
tsan,12,420,8,plane1,destroy_recreate,0,0,3,0,1,False,0,False,0,0,0,PASS,fault_tsan_12_420_w8_plane1_destroy_recreate
tsan,12,420,8,plane2,fault,3,2,0,0,0,False,0,False,0,0,0,PASS,fault_tsan_12_420_w8_plane2_fault
tsan,12,420,8,plane2,same_instance,0,0,3,0,1,False,0,False,0,0,0,PASS,fault_tsan_12_420_w8_plane2_same_instance
tsan,12,420,8,plane2,destroy_recreate,0,0,3,0,1,False,0,False,0,0,0,PASS,fault_tsan_12_420_w8_plane2_destroy_recreate
tsan,12,420,8,owner,fault,3,2,0,0,0,False,0,False,0,0,0,PASS,fault_tsan_12_420_w8_owner_fault
tsan,12,420,8,owner,same_instance,0,0,3,0,1,False,0,False,0,0,0,PASS,fault_tsan_12_420_w8_owner_same_instance
tsan,12,420,8,owner,destroy_recreate,0,0,3,0,1,False,0,False,0,0,0,PASS,fault_tsan_12_420_w8_owner_destroy_recreate
tsan,12,420,8,negative_stage,fault,0,0,3,0,0,False,0,False,0,0,0,PASS,fault_tsan_12_420_w8_negative_stage_fault
tsan,12,420,8,negative_row,fault,0,0,3,0,0,False,0,False,0,0,0,PASS,fault_tsan_12_420_w8_negative_row_fault
tsan,12,420,16,stage1,fault,3,1,0,1,0,False,0,False,0,0,0,PASS,fault_tsan_12_420_w16_stage1_fault
tsan,12,420,16,stage1,same_instance,0,0,3,1,1,False,0,False,0,0,0,PASS,fault_tsan_12_420_w16_stage1_same_instance
tsan,12,420,16,stage1,destroy_recreate,0,0,3,1,1,False,0,False,0,0,0,PASS,fault_tsan_12_420_w16_stage1_destroy_recreate
tsan,12,420,16,stage2,fault,3,1,0,1,0,False,0,False,0,0,0,PASS,fault_tsan_12_420_w16_stage2_fault
tsan,12,420,16,stage2,same_instance,0,0,3,1,1,False,0,False,0,0,0,PASS,fault_tsan_12_420_w16_stage2_same_instance
tsan,12,420,16,stage2,destroy_recreate,0,0,3,1,1,False,0,False,0,0,0,PASS,fault_tsan_12_420_w16_stage2_destroy_recreate
tsan,12,420,16,stage3,fault,3,1,0,1,0,False,0,False,0,0,0,PASS,fault_tsan_12_420_w16_stage3_fault
tsan,12,420,16,stage3,same_instance,0,0,3,1,1,False,0,False,0,0,0,PASS,fault_tsan_12_420_w16_stage3_same_instance
tsan,12,420,16,stage3,destroy_recreate,0,0,3,1,1,False,0,False,0,0,0,PASS,fault_tsan_12_420_w16_stage3_destroy_recreate
tsan,12,420,16,stage4,fault,3,1,0,1,0,False,0,False,0,0,0,PASS,fault_tsan_12_420_w16_stage4_fault
tsan,12,420,16,stage4,same_instance,0,0,3,1,1,False,0,False,0,0,0,PASS,fault_tsan_12_420_w16_stage4_same_instance
tsan,12,420,16,stage4,destroy_recreate,0,0,3,1,1,False,0,False,0,0,0,PASS,fault_tsan_12_420_w16_stage4_destroy_recreate
tsan,12,420,16,stage5,fault,3,1,0,1,0,False,0,False,0,0,0,PASS,fault_tsan_12_420_w16_stage5_fault
tsan,12,420,16,stage5,same_instance,0,0,3,1,1,False,0,False,0,0,0,PASS,fault_tsan_12_420_w16_stage5_same_instance
tsan,12,420,16,stage5,destroy_recreate,0,0,3,1,1,False,0,False,0,0,0,PASS,fault_tsan_12_420_w16_stage5_destroy_recreate
tsan,12,420,16,stage6,fault,3,1,0,1,0,False,0,False,0,0,0,PASS,fault_tsan_12_420_w16_stage6_fault
tsan,12,420,16,stage6,same_instance,0,0,3,1,1,False,0,False,0,0,0,PASS,fault_tsan_12_420_w16_stage6_same_instance
tsan,12,420,16,stage6,destroy_recreate,0,0,3,1,1,False,0,False,0,0,0,PASS,fault_tsan_12_420_w16_stage6_destroy_recreate
tsan,12,420,16,stage7,fault,3,1,0,1,0,False,0,False,0,0,0,PASS,fault_tsan_12_420_w16_stage7_fault
tsan,12,420,16,stage7,same_instance,0,0,3,1,1,False,0,False,0,0,0,PASS,fault_tsan_12_420_w16_stage7_same_instance
tsan,12,420,16,stage7,destroy_recreate,0,0,3,1,1,False,0,False,0,0,0,PASS,fault_tsan_12_420_w16_stage7_destroy_recreate
tsan,12,420,16,plane0,fault,3,2,0,0,0,False,0,False,0,0,0,PASS,fault_tsan_12_420_w16_plane0_fault
tsan,12,420,16,plane0,same_instance,0,0,3,0,1,False,0,False,0,0,0,PASS,fault_tsan_12_420_w16_plane0_same_instance
tsan,12,420,16,plane0,destroy_recreate,0,0,3,0,1,False,0,False,0,0,0,PASS,fault_tsan_12_420_w16_plane0_destroy_recreate
tsan,12,420,16,plane1,fault,3,2,0,0,0,False,0,False,0,0,0,PASS,fault_tsan_12_420_w16_plane1_fault
tsan,12,420,16,plane1,same_instance,0,0,3,0,1,False,0,False,0,0,0,PASS,fault_tsan_12_420_w16_plane1_same_instance
tsan,12,420,16,plane1,destroy_recreate,0,0,3,0,1,False,0,False,0,0,0,PASS,fault_tsan_12_420_w16_plane1_destroy_recreate
tsan,12,420,16,plane2,fault,3,2,0,0,0,False,0,False,0,0,0,PASS,fault_tsan_12_420_w16_plane2_fault
tsan,12,420,16,plane2,same_instance,0,0,3,0,1,False,0,False,0,0,0,PASS,fault_tsan_12_420_w16_plane2_same_instance
tsan,12,420,16,plane2,destroy_recreate,0,0,3,0,1,False,0,False,0,0,0,PASS,fault_tsan_12_420_w16_plane2_destroy_recreate
tsan,12,420,16,owner,fault,3,2,0,0,0,False,0,False,0,0,0,PASS,fault_tsan_12_420_w16_owner_fault
tsan,12,420,16,owner,same_instance,0,0,3,0,1,False,0,False,0,0,0,PASS,fault_tsan_12_420_w16_owner_same_instance
tsan,12,420,16,owner,destroy_recreate,0,0,3,0,1,False,0,False,0,0,0,PASS,fault_tsan_12_420_w16_owner_destroy_recreate
tsan,12,420,16,negative_stage,fault,0,0,3,0,0,False,0,False,0,0,0,PASS,fault_tsan_12_420_w16_negative_stage_fault
tsan,12,420,16,negative_row,fault,0,0,3,0,0,False,0,False,0,0,0,PASS,fault_tsan_12_420_w16_negative_row_fault
tsan,12,444,2,stage1,fault,3,1,0,1,0,False,0,False,0,0,0,PASS,fault_tsan_12_444_w2_stage1_fault
tsan,12,444,2,stage1,same_instance,0,0,3,1,1,False,0,False,0,0,0,PASS,fault_tsan_12_444_w2_stage1_same_instance
tsan,12,444,2,stage1,destroy_recreate,0,0,3,1,1,False,0,False,0,0,0,PASS,fault_tsan_12_444_w2_stage1_destroy_recreate
tsan,12,444,2,stage2,fault,3,1,0,1,0,False,0,False,0,0,0,PASS,fault_tsan_12_444_w2_stage2_fault
tsan,12,444,2,stage2,same_instance,0,0,3,1,1,False,0,False,0,0,0,PASS,fault_tsan_12_444_w2_stage2_same_instance
tsan,12,444,2,stage2,destroy_recreate,0,0,3,1,1,False,0,False,0,0,0,PASS,fault_tsan_12_444_w2_stage2_destroy_recreate
tsan,12,444,2,stage3,fault,3,1,0,1,0,False,0,False,0,0,0,PASS,fault_tsan_12_444_w2_stage3_fault
tsan,12,444,2,stage3,same_instance,0,0,3,1,1,False,0,False,0,0,0,PASS,fault_tsan_12_444_w2_stage3_same_instance
tsan,12,444,2,stage3,destroy_recreate,0,0,3,1,1,False,0,False,0,0,0,PASS,fault_tsan_12_444_w2_stage3_destroy_recreate
tsan,12,444,2,stage4,fault,3,1,0,1,0,False,0,False,0,0,0,PASS,fault_tsan_12_444_w2_stage4_fault
tsan,12,444,2,stage4,same_instance,0,0,3,1,1,False,0,False,0,0,0,PASS,fault_tsan_12_444_w2_stage4_same_instance
tsan,12,444,2,stage4,destroy_recreate,0,0,3,1,1,False,0,False,0,0,0,PASS,fault_tsan_12_444_w2_stage4_destroy_recreate
tsan,12,444,2,stage5,fault,3,1,0,1,0,False,0,False,0,0,0,PASS,fault_tsan_12_444_w2_stage5_fault
tsan,12,444,2,stage5,same_instance,0,0,3,1,1,False,0,False,0,0,0,PASS,fault_tsan_12_444_w2_stage5_same_instance
tsan,12,444,2,stage5,destroy_recreate,0,0,3,1,1,False,0,False,0,0,0,PASS,fault_tsan_12_444_w2_stage5_destroy_recreate
tsan,12,444,2,stage6,fault,3,1,0,1,0,False,0,False,0,0,0,PASS,fault_tsan_12_444_w2_stage6_fault
tsan,12,444,2,stage6,same_instance,0,0,3,1,1,False,0,False,0,0,0,PASS,fault_tsan_12_444_w2_stage6_same_instance
tsan,12,444,2,stage6,destroy_recreate,0,0,3,1,1,False,0,False,0,0,0,PASS,fault_tsan_12_444_w2_stage6_destroy_recreate
tsan,12,444,2,stage7,fault,3,1,0,1,0,False,0,False,0,0,0,PASS,fault_tsan_12_444_w2_stage7_fault
tsan,12,444,2,stage7,same_instance,0,0,3,1,1,False,0,False,0,0,0,PASS,fault_tsan_12_444_w2_stage7_same_instance
tsan,12,444,2,stage7,destroy_recreate,0,0,3,1,1,False,0,False,0,0,0,PASS,fault_tsan_12_444_w2_stage7_destroy_recreate
tsan,12,444,2,plane0,fault,3,2,0,0,0,False,0,False,0,0,0,PASS,fault_tsan_12_444_w2_plane0_fault
tsan,12,444,2,plane0,same_instance,0,0,3,0,1,False,0,False,0,0,0,PASS,fault_tsan_12_444_w2_plane0_same_instance
tsan,12,444,2,plane0,destroy_recreate,0,0,3,0,1,False,0,False,0,0,0,PASS,fault_tsan_12_444_w2_plane0_destroy_recreate
tsan,12,444,2,plane1,fault,3,2,0,0,0,False,0,False,0,0,0,PASS,fault_tsan_12_444_w2_plane1_fault
tsan,12,444,2,plane1,same_instance,0,0,3,0,1,False,0,False,0,0,0,PASS,fault_tsan_12_444_w2_plane1_same_instance
tsan,12,444,2,plane1,destroy_recreate,0,0,3,0,1,False,0,False,0,0,0,PASS,fault_tsan_12_444_w2_plane1_destroy_recreate
tsan,12,444,2,plane2,fault,3,2,0,0,0,False,0,False,0,0,0,PASS,fault_tsan_12_444_w2_plane2_fault
tsan,12,444,2,plane2,same_instance,0,0,3,0,1,False,0,False,0,0,0,PASS,fault_tsan_12_444_w2_plane2_same_instance
tsan,12,444,2,plane2,destroy_recreate,0,0,3,0,1,False,0,False,0,0,0,PASS,fault_tsan_12_444_w2_plane2_destroy_recreate
tsan,12,444,2,owner,fault,3,2,0,0,0,False,0,False,0,0,0,PASS,fault_tsan_12_444_w2_owner_fault
tsan,12,444,2,owner,same_instance,0,0,3,0,1,False,0,False,0,0,0,PASS,fault_tsan_12_444_w2_owner_same_instance
tsan,12,444,2,owner,destroy_recreate,0,0,3,0,1,False,0,False,0,0,0,PASS,fault_tsan_12_444_w2_owner_destroy_recreate
tsan,12,444,2,negative_stage,fault,0,0,3,0,0,False,0,False,0,0,0,PASS,fault_tsan_12_444_w2_negative_stage_fault
tsan,12,444,2,negative_row,fault,0,0,3,0,0,False,0,False,0,0,0,PASS,fault_tsan_12_444_w2_negative_row_fault
tsan,12,444,8,stage1,fault,3,1,0,1,0,False,0,False,0,0,0,PASS,fault_tsan_12_444_w8_stage1_fault
tsan,12,444,8,stage1,same_instance,0,0,3,1,1,False,0,False,0,0,0,PASS,fault_tsan_12_444_w8_stage1_same_instance
tsan,12,444,8,stage1,destroy_recreate,0,0,3,1,1,False,0,False,0,0,0,PASS,fault_tsan_12_444_w8_stage1_destroy_recreate
tsan,12,444,8,stage2,fault,3,1,0,1,0,False,0,False,0,0,0,PASS,fault_tsan_12_444_w8_stage2_fault
tsan,12,444,8,stage2,same_instance,0,0,3,1,1,False,0,False,0,0,0,PASS,fault_tsan_12_444_w8_stage2_same_instance
tsan,12,444,8,stage2,destroy_recreate,0,0,3,1,1,False,0,False,0,0,0,PASS,fault_tsan_12_444_w8_stage2_destroy_recreate
tsan,12,444,8,stage3,fault,3,1,0,1,0,False,0,False,0,0,0,PASS,fault_tsan_12_444_w8_stage3_fault
tsan,12,444,8,stage3,same_instance,0,0,3,1,1,False,0,False,0,0,0,PASS,fault_tsan_12_444_w8_stage3_same_instance
tsan,12,444,8,stage3,destroy_recreate,0,0,3,1,1,False,0,False,0,0,0,PASS,fault_tsan_12_444_w8_stage3_destroy_recreate
tsan,12,444,8,stage4,fault,3,1,0,1,0,False,0,False,0,0,0,PASS,fault_tsan_12_444_w8_stage4_fault
tsan,12,444,8,stage4,same_instance,0,0,3,1,1,False,0,False,0,0,0,PASS,fault_tsan_12_444_w8_stage4_same_instance
tsan,12,444,8,stage4,destroy_recreate,0,0,3,1,1,False,0,False,0,0,0,PASS,fault_tsan_12_444_w8_stage4_destroy_recreate
tsan,12,444,8,stage5,fault,3,1,0,1,0,False,0,False,0,0,0,PASS,fault_tsan_12_444_w8_stage5_fault
tsan,12,444,8,stage5,same_instance,0,0,3,1,1,False,0,False,0,0,0,PASS,fault_tsan_12_444_w8_stage5_same_instance
tsan,12,444,8,stage5,destroy_recreate,0,0,3,1,1,False,0,False,0,0,0,PASS,fault_tsan_12_444_w8_stage5_destroy_recreate
tsan,12,444,8,stage6,fault,3,1,0,1,0,False,0,False,0,0,0,PASS,fault_tsan_12_444_w8_stage6_fault
tsan,12,444,8,stage6,same_instance,0,0,3,1,1,False,0,False,0,0,0,PASS,fault_tsan_12_444_w8_stage6_same_instance
tsan,12,444,8,stage6,destroy_recreate,0,0,3,1,1,False,0,False,0,0,0,PASS,fault_tsan_12_444_w8_stage6_destroy_recreate
tsan,12,444,8,stage7,fault,3,1,0,1,0,False,0,False,0,0,0,PASS,fault_tsan_12_444_w8_stage7_fault
tsan,12,444,8,stage7,same_instance,0,0,3,1,1,False,0,False,0,0,0,PASS,fault_tsan_12_444_w8_stage7_same_instance
tsan,12,444,8,stage7,destroy_recreate,0,0,3,1,1,False,0,False,0,0,0,PASS,fault_tsan_12_444_w8_stage7_destroy_recreate
tsan,12,444,8,plane0,fault,3,2,0,0,0,False,0,False,0,0,0,PASS,fault_tsan_12_444_w8_plane0_fault
tsan,12,444,8,plane0,same_instance,0,0,3,0,1,False,0,False,0,0,0,PASS,fault_tsan_12_444_w8_plane0_same_instance
tsan,12,444,8,plane0,destroy_recreate,0,0,3,0,1,False,0,False,0,0,0,PASS,fault_tsan_12_444_w8_plane0_destroy_recreate
tsan,12,444,8,plane1,fault,3,2,0,0,0,False,0,False,0,0,0,PASS,fault_tsan_12_444_w8_plane1_fault
tsan,12,444,8,plane1,same_instance,0,0,3,0,1,False,0,False,0,0,0,PASS,fault_tsan_12_444_w8_plane1_same_instance
tsan,12,444,8,plane1,destroy_recreate,0,0,3,0,1,False,0,False,0,0,0,PASS,fault_tsan_12_444_w8_plane1_destroy_recreate
tsan,12,444,8,plane2,fault,3,2,0,0,0,False,0,False,0,0,0,PASS,fault_tsan_12_444_w8_plane2_fault
tsan,12,444,8,plane2,same_instance,0,0,3,0,1,False,0,False,0,0,0,PASS,fault_tsan_12_444_w8_plane2_same_instance
tsan,12,444,8,plane2,destroy_recreate,0,0,3,0,1,False,0,False,0,0,0,PASS,fault_tsan_12_444_w8_plane2_destroy_recreate
tsan,12,444,8,owner,fault,3,2,0,0,0,False,0,False,0,0,0,PASS,fault_tsan_12_444_w8_owner_fault
tsan,12,444,8,owner,same_instance,0,0,3,0,1,False,0,False,0,0,0,PASS,fault_tsan_12_444_w8_owner_same_instance
tsan,12,444,8,owner,destroy_recreate,0,0,3,0,1,False,0,False,0,0,0,PASS,fault_tsan_12_444_w8_owner_destroy_recreate
tsan,12,444,8,negative_stage,fault,0,0,3,0,0,False,0,False,0,0,0,PASS,fault_tsan_12_444_w8_negative_stage_fault
tsan,12,444,8,negative_row,fault,0,0,3,0,0,False,0,False,0,0,0,PASS,fault_tsan_12_444_w8_negative_row_fault
tsan,12,444,16,stage1,fault,3,1,0,1,0,False,0,False,0,0,0,PASS,fault_tsan_12_444_w16_stage1_fault
tsan,12,444,16,stage1,same_instance,0,0,3,1,1,False,0,False,0,0,0,PASS,fault_tsan_12_444_w16_stage1_same_instance
tsan,12,444,16,stage1,destroy_recreate,0,0,3,1,1,False,0,False,0,0,0,PASS,fault_tsan_12_444_w16_stage1_destroy_recreate
tsan,12,444,16,stage2,fault,3,1,0,1,0,False,0,False,0,0,0,PASS,fault_tsan_12_444_w16_stage2_fault
tsan,12,444,16,stage2,same_instance,0,0,3,1,1,False,0,False,0,0,0,PASS,fault_tsan_12_444_w16_stage2_same_instance
tsan,12,444,16,stage2,destroy_recreate,0,0,3,1,1,False,0,False,0,0,0,PASS,fault_tsan_12_444_w16_stage2_destroy_recreate
tsan,12,444,16,stage3,fault,3,1,0,1,0,False,0,False,0,0,0,PASS,fault_tsan_12_444_w16_stage3_fault
tsan,12,444,16,stage3,same_instance,0,0,3,1,1,False,0,False,0,0,0,PASS,fault_tsan_12_444_w16_stage3_same_instance
tsan,12,444,16,stage3,destroy_recreate,0,0,3,1,1,False,0,False,0,0,0,PASS,fault_tsan_12_444_w16_stage3_destroy_recreate
tsan,12,444,16,stage4,fault,3,1,0,1,0,False,0,False,0,0,0,PASS,fault_tsan_12_444_w16_stage4_fault
tsan,12,444,16,stage4,same_instance,0,0,3,1,1,False,0,False,0,0,0,PASS,fault_tsan_12_444_w16_stage4_same_instance
tsan,12,444,16,stage4,destroy_recreate,0,0,3,1,1,False,0,False,0,0,0,PASS,fault_tsan_12_444_w16_stage4_destroy_recreate
tsan,12,444,16,stage5,fault,3,1,0,1,0,False,0,False,0,0,0,PASS,fault_tsan_12_444_w16_stage5_fault
tsan,12,444,16,stage5,same_instance,0,0,3,1,1,False,0,False,0,0,0,PASS,fault_tsan_12_444_w16_stage5_same_instance
tsan,12,444,16,stage5,destroy_recreate,0,0,3,1,1,False,0,False,0,0,0,PASS,fault_tsan_12_444_w16_stage5_destroy_recreate
tsan,12,444,16,stage6,fault,3,1,0,1,0,False,0,False,0,0,0,PASS,fault_tsan_12_444_w16_stage6_fault
tsan,12,444,16,stage6,same_instance,0,0,3,1,1,False,0,False,0,0,0,PASS,fault_tsan_12_444_w16_stage6_same_instance
tsan,12,444,16,stage6,destroy_recreate,0,0,3,1,1,False,0,False,0,0,0,PASS,fault_tsan_12_444_w16_stage6_destroy_recreate
tsan,12,444,16,stage7,fault,3,1,0,1,0,False,0,False,0,0,0,PASS,fault_tsan_12_444_w16_stage7_fault
tsan,12,444,16,stage7,same_instance,0,0,3,1,1,False,0,False,0,0,0,PASS,fault_tsan_12_444_w16_stage7_same_instance
tsan,12,444,16,stage7,destroy_recreate,0,0,3,1,1,False,0,False,0,0,0,PASS,fault_tsan_12_444_w16_stage7_destroy_recreate
tsan,12,444,16,plane0,fault,3,2,0,0,0,False,0,False,0,0,0,PASS,fault_tsan_12_444_w16_plane0_fault
tsan,12,444,16,plane0,same_instance,0,0,3,0,1,False,0,False,0,0,0,PASS,fault_tsan_12_444_w16_plane0_same_instance
tsan,12,444,16,plane0,destroy_recreate,0,0,3,0,1,False,0,False,0,0,0,PASS,fault_tsan_12_444_w16_plane0_destroy_recreate
tsan,12,444,16,plane1,fault,3,2,0,0,0,False,0,False,0,0,0,PASS,fault_tsan_12_444_w16_plane1_fault
tsan,12,444,16,plane1,same_instance,0,0,3,0,1,False,0,False,0,0,0,PASS,fault_tsan_12_444_w16_plane1_same_instance
tsan,12,444,16,plane1,destroy_recreate,0,0,3,0,1,False,0,False,0,0,0,PASS,fault_tsan_12_444_w16_plane1_destroy_recreate
tsan,12,444,16,plane2,fault,3,2,0,0,0,False,0,False,0,0,0,PASS,fault_tsan_12_444_w16_plane2_fault
tsan,12,444,16,plane2,same_instance,0,0,3,0,1,False,0,False,0,0,0,PASS,fault_tsan_12_444_w16_plane2_same_instance
tsan,12,444,16,plane2,destroy_recreate,0,0,3,0,1,False,0,False,0,0,0,PASS,fault_tsan_12_444_w16_plane2_destroy_recreate
tsan,12,444,16,owner,fault,3,2,0,0,0,False,0,False,0,0,0,PASS,fault_tsan_12_444_w16_owner_fault
tsan,12,444,16,owner,same_instance,0,0,3,0,1,False,0,False,0,0,0,PASS,fault_tsan_12_444_w16_owner_same_instance
tsan,12,444,16,owner,destroy_recreate,0,0,3,0,1,False,0,False,0,0,0,PASS,fault_tsan_12_444_w16_owner_destroy_recreate
tsan,12,444,16,negative_stage,fault,0,0,3,0,0,False,0,False,0,0,0,PASS,fault_tsan_12_444_w16_negative_stage_fault
tsan,12,444,16,negative_row,fault,0,0,3,0,0,False,0,False,0,0,0,PASS,fault_tsan_12_444_w16_negative_row_fault
