block_id,cell_id,replicate,order_position,order,variant,family,width,height,W,exit_code,frames,pixel_sha256,decode_ns,load_1min_before_block,load_5min_before_block,load_15min_before_block,status,command_log,block_hash_match
c09_b00,9,0,0,"type_fix,dual_token,hybrid",type_fix,checker,3840,2160,2,0,18,2d3d6be11ce1bf83660c4faf1412661bbfdf072e47bae39c4a1cc4f2e70b3fbb,1886786000,2.392578125,3.5341796875,8.6396484375,PASS,timing_c09_b00_type_fix,True
c09_b00,9,0,1,"type_fix,dual_token,hybrid",dual_token,checker,3840,2160,2,0,18,2d3d6be11ce1bf83660c4faf1412661bbfdf072e47bae39c4a1cc4f2e70b3fbb,1881594000,2.392578125,3.5341796875,8.6396484375,PASS,timing_c09_b00_dual_token,True
c09_b00,9,0,2,"type_fix,dual_token,hybrid",hybrid,checker,3840,2160,2,0,18,2d3d6be11ce1bf83660c4faf1412661bbfdf072e47bae39c4a1cc4f2e70b3fbb,1880451000,2.392578125,3.5341796875,8.6396484375,PASS,timing_c09_b00_hybrid,True
c04_b00,4,0,0,"hybrid,type_fix,dual_token",hybrid,waves,3840,2160,8,0,18,7043f1c7f5acb5e07e6a59ab9b785b85a1816f7dc06a2f9139765c0065bd686f,246107000,2.60107421875,3.55810546875,8.6181640625,PASS,timing_c04_b00_hybrid,True
c04_b00,4,0,1,"hybrid,type_fix,dual_token",type_fix,waves,3840,2160,8,0,18,7043f1c7f5acb5e07e6a59ab9b785b85a1816f7dc06a2f9139765c0065bd686f,231836000,2.60107421875,3.55810546875,8.6181640625,PASS,timing_c04_b00_type_fix,True
c04_b00,4,0,2,"hybrid,type_fix,dual_token",dual_token,waves,3840,2160,8,0,18,7043f1c7f5acb5e07e6a59ab9b785b85a1816f7dc06a2f9139765c0065bd686f,228718000,2.60107421875,3.55810546875,8.6181640625,PASS,timing_c04_b00_dual_token,True
c13_b00,13,0,0,"type_fix,hybrid,dual_token",type_fix,texture,1920,1080,8,0,18,c08ef6260ad5c1e5e0e17e67132a1af330ac18ed3580cbf26d5403f2fa01d102,529560000,2.6328125,3.548828125,8.5849609375,PASS,timing_c13_b00_type_fix,True
c13_b00,13,0,1,"type_fix,hybrid,dual_token",hybrid,texture,1920,1080,8,0,18,c08ef6260ad5c1e5e0e17e67132a1af330ac18ed3580cbf26d5403f2fa01d102,514509000,2.6328125,3.548828125,8.5849609375,PASS,timing_c13_b00_hybrid,True
c13_b00,13,0,2,"type_fix,hybrid,dual_token",dual_token,texture,1920,1080,8,0,18,c08ef6260ad5c1e5e0e17e67132a1af330ac18ed3580cbf26d5403f2fa01d102,511237000,2.6328125,3.548828125,8.5849609375,PASS,timing_c13_b00_dual_token,True
c10_b00,10,0,0,"dual_token,type_fix,hybrid",dual_token,checker,3840,2160,8,0,18,2d3d6be11ce1bf83660c4faf1412661bbfdf072e47bae39c4a1cc4f2e70b3fbb,1665345000,2.501953125,3.50634765625,8.5400390625,PASS,timing_c10_b00_dual_token,True
c10_b00,10,0,1,"dual_token,type_fix,hybrid",type_fix,checker,3840,2160,8,0,18,2d3d6be11ce1bf83660c4faf1412661bbfdf072e47bae39c4a1cc4f2e70b3fbb,1637132000,2.501953125,3.50634765625,8.5400390625,PASS,timing_c10_b00_type_fix,True
c10_b00,10,0,2,"dual_token,type_fix,hybrid",hybrid,checker,3840,2160,8,0,18,2d3d6be11ce1bf83660c4faf1412661bbfdf072e47bae39c4a1cc4f2e70b3fbb,1636316000,2.501953125,3.50634765625,8.5400390625,PASS,timing_c10_b00_hybrid,True
c12_b00,12,0,0,"type_fix,dual_token,hybrid",type_fix,texture,1920,1080,2,0,18,c08ef6260ad5c1e5e0e17e67132a1af330ac18ed3580cbf26d5403f2fa01d102,554345000,2.62158203125,3.51416015625,8.51318359375,PASS,timing_c12_b00_type_fix,True
c12_b00,12,0,1,"type_fix,dual_token,hybrid",dual_token,texture,1920,1080,2,0,18,c08ef6260ad5c1e5e0e17e67132a1af330ac18ed3580cbf26d5403f2fa01d102,536271000,2.62158203125,3.51416015625,8.51318359375,PASS,timing_c12_b00_dual_token,True
c12_b00,12,0,2,"type_fix,dual_token,hybrid",hybrid,texture,1920,1080,2,0,18,c08ef6260ad5c1e5e0e17e67132a1af330ac18ed3580cbf26d5403f2fa01d102,538772000,2.62158203125,3.51416015625,8.51318359375,PASS,timing_c12_b00_hybrid,True
c00_b00,0,0,0,"type_fix,dual_token,hybrid",type_fix,waves,1920,1080,2,0,18,5b240bade583b6108c28e7111a10ab6e4344840f2037644f17398993f180e001,113274000,2.57177734375,3.48876953125,8.474609375,PASS,timing_c00_b00_type_fix,True
c00_b00,0,0,1,"type_fix,dual_token,hybrid",dual_token,waves,1920,1080,2,0,18,5b240bade583b6108c28e7111a10ab6e4344840f2037644f17398993f180e001,101430000,2.57177734375,3.48876953125,8.474609375,PASS,timing_c00_b00_dual_token,True
c00_b00,0,0,2,"type_fix,dual_token,hybrid",hybrid,waves,1920,1080,2,0,18,5b240bade583b6108c28e7111a10ab6e4344840f2037644f17398993f180e001,98816000,2.57177734375,3.48876953125,8.474609375,PASS,timing_c00_b00_hybrid,True
c16_b00,16,0,0,"type_fix,dual_token,hybrid",type_fix,texture,3840,2160,8,0,18,2aec47e05c3b8514915af2cb0d4b3f43878b8a0bff9e8cfe4cb501c3a509f061,2040093000,2.44580078125,3.447265625,8.4306640625,PASS,timing_c16_b00_type_fix,True
c16_b00,16,0,1,"type_fix,dual_token,hybrid",dual_token,texture,3840,2160,8,0,18,2aec47e05c3b8514915af2cb0d4b3f43878b8a0bff9e8cfe4cb501c3a509f061,2028945000,2.44580078125,3.447265625,8.4306640625,PASS,timing_c16_b00_dual_token,True
c16_b00,16,0,2,"type_fix,dual_token,hybrid",hybrid,texture,3840,2160,8,0,18,2aec47e05c3b8514915af2cb0d4b3f43878b8a0bff9e8cfe4cb501c3a509f061,2024175000,2.44580078125,3.447265625,8.4306640625,PASS,timing_c16_b00_hybrid,True
c06_b00,6,0,0,"hybrid,dual_token,type_fix",hybrid,checker,1920,1080,2,0,18,0831d2c97efdf0a5debc5f95e271f976cda71c92becc1b043e09c63df573fdb7,497897000,2.48974609375,3.439453125,8.3984375,PASS,timing_c06_b00_hybrid,True
c06_b00,6,0,1,"hybrid,dual_token,type_fix",dual_token,checker,1920,1080,2,0,18,0831d2c97efdf0a5debc5f95e271f976cda71c92becc1b043e09c63df573fdb7,480838000,2.48974609375,3.439453125,8.3984375,PASS,timing_c06_b00_dual_token,True
c06_b00,6,0,2,"hybrid,dual_token,type_fix",type_fix,checker,1920,1080,2,0,18,0831d2c97efdf0a5debc5f95e271f976cda71c92becc1b043e09c63df573fdb7,478983000,2.48974609375,3.439453125,8.3984375,PASS,timing_c06_b00_type_fix,True
c01_b00,1,0,0,"type_fix,dual_token,hybrid",type_fix,waves,1920,1080,8,0,18,5b240bade583b6108c28e7111a10ab6e4344840f2037644f17398993f180e001,77739000,2.7705078125,3.48193359375,8.38427734375,PASS,timing_c01_b00_type_fix,True
c01_b00,1,0,1,"type_fix,dual_token,hybrid",dual_token,waves,1920,1080,8,0,18,5b240bade583b6108c28e7111a10ab6e4344840f2037644f17398993f180e001,63860000,2.7705078125,3.48193359375,8.38427734375,PASS,timing_c01_b00_dual_token,True
c01_b00,1,0,2,"type_fix,dual_token,hybrid",hybrid,waves,1920,1080,8,0,18,5b240bade583b6108c28e7111a10ab6e4344840f2037644f17398993f180e001,64908000,2.7705078125,3.48193359375,8.38427734375,PASS,timing_c01_b00_hybrid,True
c05_b00,5,0,0,"hybrid,dual_token,type_fix",hybrid,waves,3840,2160,16,0,18,7043f1c7f5acb5e07e6a59ab9b785b85a1816f7dc06a2f9139765c0065bd686f,237861000,2.62841796875,3.4404296875,8.3408203125,PASS,timing_c05_b00_hybrid,True
c05_b00,5,0,1,"hybrid,dual_token,type_fix",dual_token,waves,3840,2160,16,0,18,7043f1c7f5acb5e07e6a59ab9b785b85a1816f7dc06a2f9139765c0065bd686f,220594000,2.62841796875,3.4404296875,8.3408203125,PASS,timing_c05_b00_dual_token,True
c05_b00,5,0,2,"hybrid,dual_token,type_fix",type_fix,waves,3840,2160,16,0,18,7043f1c7f5acb5e07e6a59ab9b785b85a1816f7dc06a2f9139765c0065bd686f,221940000,2.62841796875,3.4404296875,8.3408203125,PASS,timing_c05_b00_type_fix,True
c03_b00,3,0,0,"hybrid,dual_token,type_fix",hybrid,waves,3840,2160,2,0,18,7043f1c7f5acb5e07e6a59ab9b785b85a1816f7dc06a2f9139765c0065bd686f,403760000,2.62841796875,3.4404296875,8.3408203125,PASS,timing_c03_b00_hybrid,True
c03_b00,3,0,1,"hybrid,dual_token,type_fix",dual_token,waves,3840,2160,2,0,18,7043f1c7f5acb5e07e6a59ab9b785b85a1816f7dc06a2f9139765c0065bd686f,384774000,2.62841796875,3.4404296875,8.3408203125,PASS,timing_c03_b00_dual_token,True
c03_b00,3,0,2,"hybrid,dual_token,type_fix",type_fix,waves,3840,2160,2,0,18,7043f1c7f5acb5e07e6a59ab9b785b85a1816f7dc06a2f9139765c0065bd686f,386563000,2.62841796875,3.4404296875,8.3408203125,PASS,timing_c03_b00_type_fix,True
c08_b00,8,0,0,"dual_token,hybrid,type_fix",dual_token,checker,1920,1080,16,0,18,0831d2c97efdf0a5debc5f95e271f976cda71c92becc1b043e09c63df573fdb7,440025000,2.57763671875,3.41650390625,8.30322265625,PASS,timing_c08_b00_dual_token,True
c08_b00,8,0,1,"dual_token,hybrid,type_fix",hybrid,checker,1920,1080,16,0,18,0831d2c97efdf0a5debc5f95e271f976cda71c92becc1b043e09c63df573fdb7,419929000,2.57763671875,3.41650390625,8.30322265625,PASS,timing_c08_b00_hybrid,True
c08_b00,8,0,2,"dual_token,hybrid,type_fix",type_fix,checker,1920,1080,16,0,18,0831d2c97efdf0a5debc5f95e271f976cda71c92becc1b043e09c63df573fdb7,420886000,2.57763671875,3.41650390625,8.30322265625,PASS,timing_c08_b00_type_fix,True
c17_b00,17,0,0,"dual_token,type_fix,hybrid",dual_token,texture,3840,2160,16,0,18,2aec47e05c3b8514915af2cb0d4b3f43878b8a0bff9e8cfe4cb501c3a509f061,2044832000,2.451171875,3.3759765625,8.26025390625,PASS,timing_c17_b00_dual_token,True
c17_b00,17,0,1,"dual_token,type_fix,hybrid",type_fix,texture,3840,2160,16,0,18,2aec47e05c3b8514915af2cb0d4b3f43878b8a0bff9e8cfe4cb501c3a509f061,2017370000,2.451171875,3.3759765625,8.26025390625,PASS,timing_c17_b00_type_fix,True
c17_b00,17,0,2,"dual_token,type_fix,hybrid",hybrid,texture,3840,2160,16,0,18,2aec47e05c3b8514915af2cb0d4b3f43878b8a0bff9e8cfe4cb501c3a509f061,2037825000,2.451171875,3.3759765625,8.26025390625,PASS,timing_c17_b00_hybrid,True
c02_b00,2,0,0,"type_fix,hybrid,dual_token",type_fix,waves,1920,1080,16,0,18,5b240bade583b6108c28e7111a10ab6e4344840f2037644f17398993f180e001,77281000,2.5751953125,3.38623046875,8.23486328125,PASS,timing_c02_b00_type_fix,True
c02_b00,2,0,1,"type_fix,hybrid,dual_token",hybrid,waves,1920,1080,16,0,18,5b240bade583b6108c28e7111a10ab6e4344840f2037644f17398993f180e001,62731000,2.5751953125,3.38623046875,8.23486328125,PASS,timing_c02_b00_hybrid,True
c02_b00,2,0,2,"type_fix,hybrid,dual_token",dual_token,waves,1920,1080,16,0,18,5b240bade583b6108c28e7111a10ab6e4344840f2037644f17398993f180e001,63640000,2.5751953125,3.38623046875,8.23486328125,PASS,timing_c02_b00_dual_token,True
c11_b00,11,0,0,"type_fix,dual_token,hybrid",type_fix,checker,3840,2160,16,0,18,2d3d6be11ce1bf83660c4faf1412661bbfdf072e47bae39c4a1cc4f2e70b3fbb,1639742000,2.44873046875,3.34619140625,8.1923828125,PASS,timing_c11_b00_type_fix,True
c11_b00,11,0,1,"type_fix,dual_token,hybrid",dual_token,checker,3840,2160,16,0,18,2d3d6be11ce1bf83660c4faf1412661bbfdf072e47bae39c4a1cc4f2e70b3fbb,1638554000,2.44873046875,3.34619140625,8.1923828125,PASS,timing_c11_b00_dual_token,True
c11_b00,11,0,2,"type_fix,dual_token,hybrid",hybrid,checker,3840,2160,16,0,18,2d3d6be11ce1bf83660c4faf1412661bbfdf072e47bae39c4a1cc4f2e70b3fbb,1634331000,2.44873046875,3.34619140625,8.1923828125,PASS,timing_c11_b00_hybrid,True
c15_b00,15,0,0,"type_fix,hybrid,dual_token",type_fix,texture,3840,2160,2,0,18,2aec47e05c3b8514915af2cb0d4b3f43878b8a0bff9e8cfe4cb501c3a509f061,2134836000,2.41259765625,3.32373046875,8.15576171875,PASS,timing_c15_b00_type_fix,True
c15_b00,15,0,1,"type_fix,hybrid,dual_token",hybrid,texture,3840,2160,2,0,18,2aec47e05c3b8514915af2cb0d4b3f43878b8a0bff9e8cfe4cb501c3a509f061,2118373000,2.41259765625,3.32373046875,8.15576171875,PASS,timing_c15_b00_hybrid,True
c15_b00,15,0,2,"type_fix,hybrid,dual_token",dual_token,texture,3840,2160,2,0,18,2aec47e05c3b8514915af2cb0d4b3f43878b8a0bff9e8cfe4cb501c3a509f061,2122961000,2.41259765625,3.32373046875,8.15576171875,PASS,timing_c15_b00_dual_token,True
c14_b00,14,0,0,"hybrid,type_fix,dual_token",hybrid,texture,1920,1080,16,0,18,c08ef6260ad5c1e5e0e17e67132a1af330ac18ed3580cbf26d5403f2fa01d102,534115000,2.576171875,3.32861328125,8.10107421875,PASS,timing_c14_b00_hybrid,True
c14_b00,14,0,1,"hybrid,type_fix,dual_token",type_fix,texture,1920,1080,16,0,18,c08ef6260ad5c1e5e0e17e67132a1af330ac18ed3580cbf26d5403f2fa01d102,512181000,2.576171875,3.32861328125,8.10107421875,PASS,timing_c14_b00_type_fix,True
c14_b00,14,0,2,"hybrid,type_fix,dual_token",dual_token,texture,1920,1080,16,0,18,c08ef6260ad5c1e5e0e17e67132a1af330ac18ed3580cbf26d5403f2fa01d102,511439000,2.576171875,3.32861328125,8.10107421875,PASS,timing_c14_b00_dual_token,True
c07_b00,7,0,0,"hybrid,type_fix,dual_token",hybrid,checker,1920,1080,8,0,18,0831d2c97efdf0a5debc5f95e271f976cda71c92becc1b043e09c63df573fdb7,442313000,2.60986328125,3.32275390625,8.07080078125,PASS,timing_c07_b00_hybrid,True
c07_b00,7,0,1,"hybrid,type_fix,dual_token",type_fix,checker,1920,1080,8,0,18,0831d2c97efdf0a5debc5f95e271f976cda71c92becc1b043e09c63df573fdb7,419732000,2.60986328125,3.32275390625,8.07080078125,PASS,timing_c07_b00_type_fix,True
c07_b00,7,0,2,"hybrid,type_fix,dual_token",dual_token,checker,1920,1080,8,0,18,0831d2c97efdf0a5debc5f95e271f976cda71c92becc1b043e09c63df573fdb7,424053000,2.60986328125,3.32275390625,8.07080078125,PASS,timing_c07_b00_dual_token,True
c15_b01,15,1,0,"type_fix,dual_token,hybrid",type_fix,texture,3840,2160,2,0,18,2aec47e05c3b8514915af2cb0d4b3f43878b8a0bff9e8cfe4cb501c3a509f061,2136235000,2.720703125,3.333984375,8.046875,PASS,timing_c15_b01_type_fix,True
c15_b01,15,1,1,"type_fix,dual_token,hybrid",dual_token,texture,3840,2160,2,0,18,2aec47e05c3b8514915af2cb0d4b3f43878b8a0bff9e8cfe4cb501c3a509f061,2124503000,2.720703125,3.333984375,8.046875,PASS,timing_c15_b01_dual_token,True
c15_b01,15,1,2,"type_fix,dual_token,hybrid",hybrid,texture,3840,2160,2,0,18,2aec47e05c3b8514915af2cb0d4b3f43878b8a0bff9e8cfe4cb501c3a509f061,2118507000,2.720703125,3.333984375,8.046875,PASS,timing_c15_b01_hybrid,True
c04_b01,4,1,0,"type_fix,dual_token,hybrid",type_fix,waves,3840,2160,8,0,18,7043f1c7f5acb5e07e6a59ab9b785b85a1816f7dc06a2f9139765c0065bd686f,246845000,2.82275390625,3.3447265625,8.02294921875,PASS,timing_c04_b01_type_fix,True
c04_b01,4,1,1,"type_fix,dual_token,hybrid",dual_token,waves,3840,2160,8,0,18,7043f1c7f5acb5e07e6a59ab9b785b85a1816f7dc06a2f9139765c0065bd686f,232842000,2.82275390625,3.3447265625,8.02294921875,PASS,timing_c04_b01_dual_token,True
c04_b01,4,1,2,"type_fix,dual_token,hybrid",hybrid,waves,3840,2160,8,0,18,7043f1c7f5acb5e07e6a59ab9b785b85a1816f7dc06a2f9139765c0065bd686f,229212000,2.82275390625,3.3447265625,8.02294921875,PASS,timing_c04_b01_hybrid,True
c06_b01,6,1,0,"type_fix,hybrid,dual_token",type_fix,checker,1920,1080,2,0,18,0831d2c97efdf0a5debc5f95e271f976cda71c92becc1b043e09c63df573fdb7,497159000,2.9169921875,3.35546875,7.9990234375,PASS,timing_c06_b01_type_fix,True
c06_b01,6,1,1,"type_fix,hybrid,dual_token",hybrid,checker,1920,1080,2,0,18,0831d2c97efdf0a5debc5f95e271f976cda71c92becc1b043e09c63df573fdb7,480328000,2.9169921875,3.35546875,7.9990234375,PASS,timing_c06_b01_hybrid,True
c06_b01,6,1,2,"type_fix,hybrid,dual_token",dual_token,checker,1920,1080,2,0,18,0831d2c97efdf0a5debc5f95e271f976cda71c92becc1b043e09c63df573fdb7,482538000,2.9169921875,3.35546875,7.9990234375,PASS,timing_c06_b01_dual_token,True
c09_b01,9,1,0,"hybrid,dual_token,type_fix",hybrid,checker,3840,2160,2,0,18,2d3d6be11ce1bf83660c4faf1412661bbfdf072e47bae39c4a1cc4f2e70b3fbb,1895183000,2.76318359375,3.31591796875,7.9580078125,PASS,timing_c09_b01_hybrid,True
c09_b01,9,1,1,"hybrid,dual_token,type_fix",dual_token,checker,3840,2160,2,0,18,2d3d6be11ce1bf83660c4faf1412661bbfdf072e47bae39c4a1cc4f2e70b3fbb,1882385000,2.76318359375,3.31591796875,7.9580078125,PASS,timing_c09_b01_dual_token,True
c09_b01,9,1,2,"hybrid,dual_token,type_fix",type_fix,checker,3840,2160,2,0,18,2d3d6be11ce1bf83660c4faf1412661bbfdf072e47bae39c4a1cc4f2e70b3fbb,1871760000,2.76318359375,3.31591796875,7.9580078125,PASS,timing_c09_b01_type_fix,True
c05_b01,5,1,0,"dual_token,type_fix,hybrid",dual_token,waves,3840,2160,16,0,18,7043f1c7f5acb5e07e6a59ab9b785b85a1816f7dc06a2f9139765c0065bd686f,237767000,2.94189453125,3.34375,7.9404296875,PASS,timing_c05_b01_dual_token,True
c05_b01,5,1,1,"dual_token,type_fix,hybrid",type_fix,waves,3840,2160,16,0,18,7043f1c7f5acb5e07e6a59ab9b785b85a1816f7dc06a2f9139765c0065bd686f,224108000,2.94189453125,3.34375,7.9404296875,PASS,timing_c05_b01_type_fix,True
c05_b01,5,1,2,"dual_token,type_fix,hybrid",hybrid,waves,3840,2160,16,0,18,7043f1c7f5acb5e07e6a59ab9b785b85a1816f7dc06a2f9139765c0065bd686f,222001000,2.94189453125,3.34375,7.9404296875,PASS,timing_c05_b01_hybrid,True
c11_b01,11,1,0,"dual_token,hybrid,type_fix",dual_token,checker,3840,2160,16,0,18,2d3d6be11ce1bf83660c4faf1412661bbfdf072e47bae39c4a1cc4f2e70b3fbb,1657289000,2.7861328125,3.3046875,7.8994140625,PASS,timing_c11_b01_dual_token,True
c11_b01,11,1,1,"dual_token,hybrid,type_fix",hybrid,checker,3840,2160,16,0,18,2d3d6be11ce1bf83660c4faf1412661bbfdf072e47bae39c4a1cc4f2e70b3fbb,1637439000,2.7861328125,3.3046875,7.8994140625,PASS,timing_c11_b01_hybrid,True
c11_b01,11,1,2,"dual_token,hybrid,type_fix",type_fix,checker,3840,2160,16,0,18,2d3d6be11ce1bf83660c4faf1412661bbfdf072e47bae39c4a1cc4f2e70b3fbb,1628497000,2.7861328125,3.3046875,7.8994140625,PASS,timing_c11_b01_type_fix,True
c02_b01,2,1,0,"type_fix,dual_token,hybrid",type_fix,waves,1920,1080,16,0,18,5b240bade583b6108c28e7111a10ab6e4344840f2037644f17398993f180e001,78530000,2.88623046875,3.31005859375,7.84765625,PASS,timing_c02_b01_type_fix,True
c02_b01,2,1,1,"type_fix,dual_token,hybrid",dual_token,waves,1920,1080,16,0,18,5b240bade583b6108c28e7111a10ab6e4344840f2037644f17398993f180e001,63807000,2.88623046875,3.31005859375,7.84765625,PASS,timing_c02_b01_dual_token,True
c02_b01,2,1,2,"type_fix,dual_token,hybrid",hybrid,waves,1920,1080,16,0,18,5b240bade583b6108c28e7111a10ab6e4344840f2037644f17398993f180e001,64399000,2.88623046875,3.31005859375,7.84765625,PASS,timing_c02_b01_hybrid,True
c14_b01,14,1,0,"dual_token,hybrid,type_fix",dual_token,texture,1920,1080,16,0,18,c08ef6260ad5c1e5e0e17e67132a1af330ac18ed3580cbf26d5403f2fa01d102,531277000,2.88623046875,3.31005859375,7.84765625,PASS,timing_c14_b01_dual_token,True
c14_b01,14,1,1,"dual_token,hybrid,type_fix",hybrid,texture,1920,1080,16,0,18,c08ef6260ad5c1e5e0e17e67132a1af330ac18ed3580cbf26d5403f2fa01d102,516492000,2.88623046875,3.31005859375,7.84765625,PASS,timing_c14_b01_hybrid,True
c14_b01,14,1,2,"dual_token,hybrid,type_fix",type_fix,texture,1920,1080,16,0,18,c08ef6260ad5c1e5e0e17e67132a1af330ac18ed3580cbf26d5403f2fa01d102,509468000,2.88623046875,3.31005859375,7.84765625,PASS,timing_c14_b01_type_fix,True
c13_b01,13,1,0,"dual_token,hybrid,type_fix",dual_token,texture,1920,1080,8,0,18,c08ef6260ad5c1e5e0e17e67132a1af330ac18ed3580cbf26d5403f2fa01d102,531815000,2.89501953125,3.3046875,7.81884765625,PASS,timing_c13_b01_dual_token,True
c13_b01,13,1,1,"dual_token,hybrid,type_fix",hybrid,texture,1920,1080,8,0,18,c08ef6260ad5c1e5e0e17e67132a1af330ac18ed3580cbf26d5403f2fa01d102,518085000,2.89501953125,3.3046875,7.81884765625,PASS,timing_c13_b01_hybrid,True
c13_b01,13,1,2,"dual_token,hybrid,type_fix",type_fix,texture,1920,1080,8,0,18,c08ef6260ad5c1e5e0e17e67132a1af330ac18ed3580cbf26d5403f2fa01d102,509597000,2.89501953125,3.3046875,7.81884765625,PASS,timing_c13_b01_type_fix,True
c16_b01,16,1,0,"dual_token,hybrid,type_fix",dual_token,texture,3840,2160,8,0,18,2aec47e05c3b8514915af2cb0d4b3f43878b8a0bff9e8cfe4cb501c3a509f061,2040985000,2.7431640625,3.26611328125,7.77880859375,PASS,timing_c16_b01_dual_token,True
c16_b01,16,1,1,"dual_token,hybrid,type_fix",hybrid,texture,3840,2160,8,0,18,2aec47e05c3b8514915af2cb0d4b3f43878b8a0bff9e8cfe4cb501c3a509f061,2054640000,2.7431640625,3.26611328125,7.77880859375,PASS,timing_c16_b01_hybrid,True
c16_b01,16,1,2,"dual_token,hybrid,type_fix",type_fix,texture,3840,2160,8,0,18,2aec47e05c3b8514915af2cb0d4b3f43878b8a0bff9e8cfe4cb501c3a509f061,2023198000,2.7431640625,3.26611328125,7.77880859375,PASS,timing_c16_b01_type_fix,True
c07_b01,7,1,0,"dual_token,type_fix,hybrid",dual_token,checker,1920,1080,8,0,18,0831d2c97efdf0a5debc5f95e271f976cda71c92becc1b043e09c63df573fdb7,440264000,2.923828125,3.29443359375,7.76220703125,PASS,timing_c07_b01_dual_token,True
c07_b01,7,1,1,"dual_token,type_fix,hybrid",type_fix,checker,1920,1080,8,0,18,0831d2c97efdf0a5debc5f95e271f976cda71c92becc1b043e09c63df573fdb7,421840000,2.923828125,3.29443359375,7.76220703125,PASS,timing_c07_b01_type_fix,True
c07_b01,7,1,2,"dual_token,type_fix,hybrid",hybrid,checker,1920,1080,8,0,18,0831d2c97efdf0a5debc5f95e271f976cda71c92becc1b043e09c63df573fdb7,424258000,2.923828125,3.29443359375,7.76220703125,PASS,timing_c07_b01_hybrid,True
c12_b01,12,1,0,"type_fix,hybrid,dual_token",type_fix,texture,1920,1080,2,0,18,c08ef6260ad5c1e5e0e17e67132a1af330ac18ed3580cbf26d5403f2fa01d102,551591000,2.9296875,3.2890625,7.73388671875,PASS,timing_c12_b01_type_fix,True
c12_b01,12,1,1,"type_fix,hybrid,dual_token",hybrid,texture,1920,1080,2,0,18,c08ef6260ad5c1e5e0e17e67132a1af330ac18ed3580cbf26d5403f2fa01d102,538411000,2.9296875,3.2890625,7.73388671875,PASS,timing_c12_b01_hybrid,True
c12_b01,12,1,2,"type_fix,hybrid,dual_token",dual_token,texture,1920,1080,2,0,18,c08ef6260ad5c1e5e0e17e67132a1af330ac18ed3580cbf26d5403f2fa01d102,537835000,2.9296875,3.2890625,7.73388671875,PASS,timing_c12_b01_dual_token,True
c00_b01,0,1,0,"hybrid,dual_token,type_fix",hybrid,waves,1920,1080,2,0,18,5b240bade583b6108c28e7111a10ab6e4344840f2037644f17398993f180e001,106732000,2.69482421875,3.234375,7.6884765625,PASS,timing_c00_b01_hybrid,True
c00_b01,0,1,1,"hybrid,dual_token,type_fix",dual_token,waves,1920,1080,2,0,18,5b240bade583b6108c28e7111a10ab6e4344840f2037644f17398993f180e001,99780000,2.69482421875,3.234375,7.6884765625,PASS,timing_c00_b01_dual_token,True
c00_b01,0,1,2,"hybrid,dual_token,type_fix",type_fix,waves,1920,1080,2,0,18,5b240bade583b6108c28e7111a10ab6e4344840f2037644f17398993f180e001,101057000,2.69482421875,3.234375,7.6884765625,PASS,timing_c00_b01_type_fix,True
c17_b01,17,1,0,"type_fix,hybrid,dual_token",type_fix,texture,3840,2160,16,0,18,2aec47e05c3b8514915af2cb0d4b3f43878b8a0bff9e8cfe4cb501c3a509f061,2044853000,2.69482421875,3.234375,7.6884765625,PASS,timing_c17_b01_type_fix,True
c17_b01,17,1,1,"type_fix,hybrid,dual_token",hybrid,texture,3840,2160,16,0,18,2aec47e05c3b8514915af2cb0d4b3f43878b8a0bff9e8cfe4cb501c3a509f061,2034646000,2.69482421875,3.234375,7.6884765625,PASS,timing_c17_b01_hybrid,True
c17_b01,17,1,2,"type_fix,hybrid,dual_token",dual_token,texture,3840,2160,16,0,18,2aec47e05c3b8514915af2cb0d4b3f43878b8a0bff9e8cfe4cb501c3a509f061,2032617000,2.69482421875,3.234375,7.6884765625,PASS,timing_c17_b01_dual_token,True
c01_b01,1,1,0,"hybrid,dual_token,type_fix",hybrid,waves,1920,1080,8,0,18,5b240bade583b6108c28e7111a10ab6e4344840f2037644f17398993f180e001,79825000,2.908203125,3.259765625,7.64501953125,PASS,timing_c01_b01_hybrid,True
c01_b01,1,1,1,"hybrid,dual_token,type_fix",dual_token,waves,1920,1080,8,0,18,5b240bade583b6108c28e7111a10ab6e4344840f2037644f17398993f180e001,63728000,2.908203125,3.259765625,7.64501953125,PASS,timing_c01_b01_dual_token,True
c01_b01,1,1,2,"hybrid,dual_token,type_fix",type_fix,waves,1920,1080,8,0,18,5b240bade583b6108c28e7111a10ab6e4344840f2037644f17398993f180e001,65360000,2.908203125,3.259765625,7.64501953125,PASS,timing_c01_b01_type_fix,True
c10_b01,10,1,0,"type_fix,dual_token,hybrid",type_fix,checker,3840,2160,8,0,18,2d3d6be11ce1bf83660c4faf1412661bbfdf072e47bae39c4a1cc4f2e70b3fbb,1653338000,2.75537109375,3.22216796875,7.60595703125,PASS,timing_c10_b01_type_fix,True
c10_b01,10,1,1,"type_fix,dual_token,hybrid",dual_token,checker,3840,2160,8,0,18,2d3d6be11ce1bf83660c4faf1412661bbfdf072e47bae39c4a1cc4f2e70b3fbb,1643167000,2.75537109375,3.22216796875,7.60595703125,PASS,timing_c10_b01_dual_token,True
c10_b01,10,1,2,"type_fix,dual_token,hybrid",hybrid,checker,3840,2160,8,0,18,2d3d6be11ce1bf83660c4faf1412661bbfdf072e47bae39c4a1cc4f2e70b3fbb,1640533000,2.75537109375,3.22216796875,7.60595703125,PASS,timing_c10_b01_hybrid,True
c03_b01,3,1,0,"dual_token,type_fix,hybrid",dual_token,waves,3840,2160,2,0,18,7043f1c7f5acb5e07e6a59ab9b785b85a1816f7dc06a2f9139765c0065bd686f,402684000,2.85498046875,3.23486328125,7.58447265625,PASS,timing_c03_b01_dual_token,True
c03_b01,3,1,1,"dual_token,type_fix,hybrid",type_fix,waves,3840,2160,2,0,18,7043f1c7f5acb5e07e6a59ab9b785b85a1816f7dc06a2f9139765c0065bd686f,386044000,2.85498046875,3.23486328125,7.58447265625,PASS,timing_c03_b01_type_fix,True
c03_b01,3,1,2,"dual_token,type_fix,hybrid",hybrid,waves,3840,2160,2,0,18,7043f1c7f5acb5e07e6a59ab9b785b85a1816f7dc06a2f9139765c0065bd686f,387127000,2.85498046875,3.23486328125,7.58447265625,PASS,timing_c03_b01_hybrid,True
c08_b01,8,1,0,"dual_token,type_fix,hybrid",dual_token,checker,1920,1080,16,0,18,0831d2c97efdf0a5debc5f95e271f976cda71c92becc1b043e09c63df573fdb7,439477000,2.9462890625,3.24755859375,7.56298828125,PASS,timing_c08_b01_dual_token,True
c08_b01,8,1,1,"dual_token,type_fix,hybrid",type_fix,checker,1920,1080,16,0,18,0831d2c97efdf0a5debc5f95e271f976cda71c92becc1b043e09c63df573fdb7,418488000,2.9462890625,3.24755859375,7.56298828125,PASS,timing_c08_b01_type_fix,True
c08_b01,8,1,2,"dual_token,type_fix,hybrid",hybrid,checker,1920,1080,16,0,18,0831d2c97efdf0a5debc5f95e271f976cda71c92becc1b043e09c63df573fdb7,422849000,2.9462890625,3.24755859375,7.56298828125,PASS,timing_c08_b01_hybrid,True
c07_b02,7,2,0,"type_fix,dual_token,hybrid",type_fix,checker,1920,1080,8,0,18,0831d2c97efdf0a5debc5f95e271f976cda71c92becc1b043e09c63df573fdb7,438034000,2.9462890625,3.24755859375,7.56298828125,PASS,timing_c07_b02_type_fix,True
c07_b02,7,2,1,"type_fix,dual_token,hybrid",dual_token,checker,1920,1080,8,0,18,0831d2c97efdf0a5debc5f95e271f976cda71c92becc1b043e09c63df573fdb7,422593000,2.9462890625,3.24755859375,7.56298828125,PASS,timing_c07_b02_dual_token,True
c07_b02,7,2,2,"type_fix,dual_token,hybrid",hybrid,checker,1920,1080,8,0,18,0831d2c97efdf0a5debc5f95e271f976cda71c92becc1b043e09c63df573fdb7,433297000,2.9462890625,3.24755859375,7.56298828125,PASS,timing_c07_b02_hybrid,True
c02_b02,2,2,0,"dual_token,type_fix,hybrid",dual_token,waves,1920,1080,16,0,18,5b240bade583b6108c28e7111a10ab6e4344840f2037644f17398993f180e001,77831000,2.9501953125,3.2431640625,7.5361328125,PASS,timing_c02_b02_dual_token,True
c02_b02,2,2,1,"dual_token,type_fix,hybrid",type_fix,waves,1920,1080,16,0,18,5b240bade583b6108c28e7111a10ab6e4344840f2037644f17398993f180e001,63268000,2.9501953125,3.2431640625,7.5361328125,PASS,timing_c02_b02_type_fix,True
c02_b02,2,2,2,"dual_token,type_fix,hybrid",hybrid,waves,1920,1080,16,0,18,5b240bade583b6108c28e7111a10ab6e4344840f2037644f17398993f180e001,65346000,2.9501953125,3.2431640625,7.5361328125,PASS,timing_c02_b02_hybrid,True
c11_b02,11,2,0,"hybrid,dual_token,type_fix",hybrid,checker,3840,2160,16,0,18,2d3d6be11ce1bf83660c4faf1412661bbfdf072e47bae39c4a1cc4f2e70b3fbb,1651411000,2.8740234375,3.22216796875,7.50341796875,PASS,timing_c11_b02_hybrid,True
c11_b02,11,2,1,"hybrid,dual_token,type_fix",dual_token,checker,3840,2160,16,0,18,2d3d6be11ce1bf83660c4faf1412661bbfdf072e47bae39c4a1cc4f2e70b3fbb,1637775000,2.8740234375,3.22216796875,7.50341796875,PASS,timing_c11_b02_dual_token,True
c11_b02,11,2,2,"hybrid,dual_token,type_fix",type_fix,checker,3840,2160,16,0,18,2d3d6be11ce1bf83660c4faf1412661bbfdf072e47bae39c4a1cc4f2e70b3fbb,1627821000,2.8740234375,3.22216796875,7.50341796875,PASS,timing_c11_b02_type_fix,True
c09_b02,9,2,0,"hybrid,type_fix,dual_token",hybrid,checker,3840,2160,2,0,18,2d3d6be11ce1bf83660c4faf1412661bbfdf072e47bae39c4a1cc4f2e70b3fbb,1896699000,2.8837890625,3.21826171875,7.4765625,PASS,timing_c09_b02_hybrid,True
c09_b02,9,2,1,"hybrid,type_fix,dual_token",type_fix,checker,3840,2160,2,0,18,2d3d6be11ce1bf83660c4faf1412661bbfdf072e47bae39c4a1cc4f2e70b3fbb,1871452000,2.8837890625,3.21826171875,7.4765625,PASS,timing_c09_b02_type_fix,True
c09_b02,9,2,2,"hybrid,type_fix,dual_token",dual_token,checker,3840,2160,2,0,18,2d3d6be11ce1bf83660c4faf1412661bbfdf072e47bae39c4a1cc4f2e70b3fbb,1881448000,2.8837890625,3.21826171875,7.4765625,PASS,timing_c09_b02_dual_token,True
c08_b02,8,2,0,"type_fix,hybrid,dual_token",type_fix,checker,1920,1080,16,0,18,0831d2c97efdf0a5debc5f95e271f976cda71c92becc1b043e09c63df573fdb7,437092000,2.6611328125,3.16064453125,7.40625,PASS,timing_c08_b02_type_fix,True
c08_b02,8,2,1,"type_fix,hybrid,dual_token",hybrid,checker,1920,1080,16,0,18,0831d2c97efdf0a5debc5f95e271f976cda71c92becc1b043e09c63df573fdb7,420941000,2.6611328125,3.16064453125,7.40625,PASS,timing_c08_b02_hybrid,True
c08_b02,8,2,2,"type_fix,hybrid,dual_token",dual_token,checker,1920,1080,16,0,18,0831d2c97efdf0a5debc5f95e271f976cda71c92becc1b043e09c63df573fdb7,423807000,2.6611328125,3.16064453125,7.40625,PASS,timing_c08_b02_dual_token,True
c06_b02,6,2,0,"type_fix,dual_token,hybrid",type_fix,checker,1920,1080,2,0,18,0831d2c97efdf0a5debc5f95e271f976cda71c92becc1b043e09c63df573fdb7,498244000,2.52783203125,3.12451171875,7.36865234375,PASS,timing_c06_b02_type_fix,True
c06_b02,6,2,1,"type_fix,dual_token,hybrid",dual_token,checker,1920,1080,2,0,18,0831d2c97efdf0a5debc5f95e271f976cda71c92becc1b043e09c63df573fdb7,480498000,2.52783203125,3.12451171875,7.36865234375,PASS,timing_c06_b02_dual_token,True
c06_b02,6,2,2,"type_fix,dual_token,hybrid",hybrid,checker,1920,1080,2,0,18,0831d2c97efdf0a5debc5f95e271f976cda71c92becc1b043e09c63df573fdb7,481830000,2.52783203125,3.12451171875,7.36865234375,PASS,timing_c06_b02_hybrid,True
c01_b02,1,2,0,"dual_token,hybrid,type_fix",dual_token,waves,1920,1080,8,0,18,5b240bade583b6108c28e7111a10ab6e4344840f2037644f17398993f180e001,79757000,2.52783203125,3.12451171875,7.36865234375,PASS,timing_c01_b02_dual_token,True
c01_b02,1,2,1,"dual_token,hybrid,type_fix",hybrid,waves,1920,1080,8,0,18,5b240bade583b6108c28e7111a10ab6e4344840f2037644f17398993f180e001,64356000,2.52783203125,3.12451171875,7.36865234375,PASS,timing_c01_b02_hybrid,True
c01_b02,1,2,2,"dual_token,hybrid,type_fix",type_fix,waves,1920,1080,8,0,18,5b240bade583b6108c28e7111a10ab6e4344840f2037644f17398993f180e001,65302000,2.52783203125,3.12451171875,7.36865234375,PASS,timing_c01_b02_type_fix,True
c15_b02,15,2,0,"hybrid,dual_token,type_fix",hybrid,texture,3840,2160,2,0,18,2aec47e05c3b8514915af2cb0d4b3f43878b8a0bff9e8cfe4cb501c3a509f061,2144616000,2.4853515625,3.10546875,7.3369140625,PASS,timing_c15_b02_hybrid,True
c15_b02,15,2,1,"hybrid,dual_token,type_fix",dual_token,texture,3840,2160,2,0,18,2aec47e05c3b8514915af2cb0d4b3f43878b8a0bff9e8cfe4cb501c3a509f061,2124050000,2.4853515625,3.10546875,7.3369140625,PASS,timing_c15_b02_dual_token,True
c15_b02,15,2,2,"hybrid,dual_token,type_fix",type_fix,texture,3840,2160,2,0,18,2aec47e05c3b8514915af2cb0d4b3f43878b8a0bff9e8cfe4cb501c3a509f061,2117916000,2.4853515625,3.10546875,7.3369140625,PASS,timing_c15_b02_type_fix,True
c13_b02,13,2,0,"type_fix,dual_token,hybrid",type_fix,texture,1920,1080,8,0,18,c08ef6260ad5c1e5e0e17e67132a1af330ac18ed3580cbf26d5403f2fa01d102,529083000,2.32373046875,3.0517578125,7.26806640625,PASS,timing_c13_b02_type_fix,True
c13_b02,13,2,1,"type_fix,dual_token,hybrid",dual_token,texture,1920,1080,8,0,18,c08ef6260ad5c1e5e0e17e67132a1af330ac18ed3580cbf26d5403f2fa01d102,513825000,2.32373046875,3.0517578125,7.26806640625,PASS,timing_c13_b02_dual_token,True
c13_b02,13,2,2,"type_fix,dual_token,hybrid",hybrid,texture,1920,1080,8,0,18,c08ef6260ad5c1e5e0e17e67132a1af330ac18ed3580cbf26d5403f2fa01d102,513965000,2.32373046875,3.0517578125,7.26806640625,PASS,timing_c13_b02_hybrid,True
c05_b02,5,2,0,"type_fix,hybrid,dual_token",type_fix,waves,3840,2160,16,0,18,7043f1c7f5acb5e07e6a59ab9b785b85a1816f7dc06a2f9139765c0065bd686f,237705000,2.32373046875,3.0517578125,7.26806640625,PASS,timing_c05_b02_type_fix,True
c05_b02,5,2,1,"type_fix,hybrid,dual_token",hybrid,waves,3840,2160,16,0,18,7043f1c7f5acb5e07e6a59ab9b785b85a1816f7dc06a2f9139765c0065bd686f,222083000,2.32373046875,3.0517578125,7.26806640625,PASS,timing_c05_b02_hybrid,True
c05_b02,5,2,2,"type_fix,hybrid,dual_token",dual_token,waves,3840,2160,16,0,18,7043f1c7f5acb5e07e6a59ab9b785b85a1816f7dc06a2f9139765c0065bd686f,222161000,2.32373046875,3.0517578125,7.26806640625,PASS,timing_c05_b02_dual_token,True
c14_b02,14,2,0,"hybrid,dual_token,type_fix",hybrid,texture,1920,1080,16,0,18,c08ef6260ad5c1e5e0e17e67132a1af330ac18ed3580cbf26d5403f2fa01d102,532851000,2.13720703125,3.0009765625,7.22509765625,PASS,timing_c14_b02_hybrid,True
c14_b02,14,2,1,"hybrid,dual_token,type_fix",dual_token,texture,1920,1080,16,0,18,c08ef6260ad5c1e5e0e17e67132a1af330ac18ed3580cbf26d5403f2fa01d102,512754000,2.13720703125,3.0009765625,7.22509765625,PASS,timing_c14_b02_dual_token,True
c14_b02,14,2,2,"hybrid,dual_token,type_fix",type_fix,texture,1920,1080,16,0,18,c08ef6260ad5c1e5e0e17e67132a1af330ac18ed3580cbf26d5403f2fa01d102,511509000,2.13720703125,3.0009765625,7.22509765625,PASS,timing_c14_b02_type_fix,True
c03_b02,3,2,0,"dual_token,hybrid,type_fix",dual_token,waves,3840,2160,2,0,18,7043f1c7f5acb5e07e6a59ab9b785b85a1816f7dc06a2f9139765c0065bd686f,406058000,2.0458984375,2.96728515625,7.1884765625,PASS,timing_c03_b02_dual_token,True
c03_b02,3,2,1,"dual_token,hybrid,type_fix",hybrid,waves,3840,2160,2,0,18,7043f1c7f5acb5e07e6a59ab9b785b85a1816f7dc06a2f9139765c0065bd686f,384702000,2.0458984375,2.96728515625,7.1884765625,PASS,timing_c03_b02_hybrid,True
c03_b02,3,2,2,"dual_token,hybrid,type_fix",type_fix,waves,3840,2160,2,0,18,7043f1c7f5acb5e07e6a59ab9b785b85a1816f7dc06a2f9139765c0065bd686f,387320000,2.0458984375,2.96728515625,7.1884765625,PASS,timing_c03_b02_type_fix,True
c17_b02,17,2,0,"hybrid,type_fix,dual_token",hybrid,texture,3840,2160,16,0,18,2aec47e05c3b8514915af2cb0d4b3f43878b8a0bff9e8cfe4cb501c3a509f061,2040587000,2.0458984375,2.96728515625,7.1884765625,PASS,timing_c17_b02_hybrid,True
c17_b02,17,2,1,"hybrid,type_fix,dual_token",type_fix,texture,3840,2160,16,0,18,2aec47e05c3b8514915af2cb0d4b3f43878b8a0bff9e8cfe4cb501c3a509f061,2024028000,2.0458984375,2.96728515625,7.1884765625,PASS,timing_c17_b02_type_fix,True
c17_b02,17,2,2,"hybrid,type_fix,dual_token",dual_token,texture,3840,2160,16,0,18,2aec47e05c3b8514915af2cb0d4b3f43878b8a0bff9e8cfe4cb501c3a509f061,2038869000,2.0458984375,2.96728515625,7.1884765625,PASS,timing_c17_b02_dual_token,True
c10_b02,10,2,0,"hybrid,dual_token,type_fix",hybrid,checker,3840,2160,8,0,18,2d3d6be11ce1bf83660c4faf1412661bbfdf072e47bae39c4a1cc4f2e70b3fbb,1661478000,2.19873046875,2.96826171875,7.13916015625,PASS,timing_c10_b02_hybrid,True
c10_b02,10,2,1,"hybrid,dual_token,type_fix",dual_token,checker,3840,2160,8,0,18,2d3d6be11ce1bf83660c4faf1412661bbfdf072e47bae39c4a1cc4f2e70b3fbb,1650066000,2.19873046875,2.96826171875,7.13916015625,PASS,timing_c10_b02_dual_token,True
c10_b02,10,2,2,"hybrid,dual_token,type_fix",type_fix,checker,3840,2160,8,0,18,2d3d6be11ce1bf83660c4faf1412661bbfdf072e47bae39c4a1cc4f2e70b3fbb,1635740000,2.19873046875,2.96826171875,7.13916015625,PASS,timing_c10_b02_type_fix,True
c00_b02,0,2,0,"dual_token,type_fix,hybrid",dual_token,waves,1920,1080,2,0,18,5b240bade583b6108c28e7111a10ab6e4344840f2037644f17398993f180e001,116624000,2.0810546875,2.91943359375,7.07275390625,PASS,timing_c00_b02_dual_token,True
c00_b02,0,2,1,"dual_token,type_fix,hybrid",type_fix,waves,1920,1080,2,0,18,5b240bade583b6108c28e7111a10ab6e4344840f2037644f17398993f180e001,101784000,2.0810546875,2.91943359375,7.07275390625,PASS,timing_c00_b02_type_fix,True
c00_b02,0,2,2,"dual_token,type_fix,hybrid",hybrid,waves,1920,1080,2,0,18,5b240bade583b6108c28e7111a10ab6e4344840f2037644f17398993f180e001,100758000,2.0810546875,2.91943359375,7.07275390625,PASS,timing_c00_b02_hybrid,True
c04_b02,4,2,0,"hybrid,dual_token,type_fix",hybrid,waves,3840,2160,8,0,18,7043f1c7f5acb5e07e6a59ab9b785b85a1816f7dc06a2f9139765c0065bd686f,246440000,2.0810546875,2.91943359375,7.07275390625,PASS,timing_c04_b02_hybrid,True
c04_b02,4,2,1,"hybrid,dual_token,type_fix",dual_token,waves,3840,2160,8,0,18,7043f1c7f5acb5e07e6a59ab9b785b85a1816f7dc06a2f9139765c0065bd686f,232609000,2.0810546875,2.91943359375,7.07275390625,PASS,timing_c04_b02_dual_token,True
c04_b02,4,2,2,"hybrid,dual_token,type_fix",type_fix,waves,3840,2160,8,0,18,7043f1c7f5acb5e07e6a59ab9b785b85a1816f7dc06a2f9139765c0065bd686f,229135000,2.0810546875,2.91943359375,7.07275390625,PASS,timing_c04_b02_type_fix,True
c16_b02,16,2,0,"type_fix,hybrid,dual_token",type_fix,texture,3840,2160,8,0,18,2aec47e05c3b8514915af2cb0d4b3f43878b8a0bff9e8cfe4cb501c3a509f061,2040242000,2.154296875,2.92041015625,7.048828125,PASS,timing_c16_b02_type_fix,True
c16_b02,16,2,1,"type_fix,hybrid,dual_token",hybrid,texture,3840,2160,8,0,18,2aec47e05c3b8514915af2cb0d4b3f43878b8a0bff9e8cfe4cb501c3a509f061,2024552000,2.154296875,2.92041015625,7.048828125,PASS,timing_c16_b02_hybrid,True
c16_b02,16,2,2,"type_fix,hybrid,dual_token",dual_token,texture,3840,2160,8,0,18,2aec47e05c3b8514915af2cb0d4b3f43878b8a0bff9e8cfe4cb501c3a509f061,2027438000,2.154296875,2.92041015625,7.048828125,PASS,timing_c16_b02_dual_token,True
c12_b02,12,2,0,"hybrid,dual_token,type_fix",hybrid,texture,1920,1080,2,0,18,c08ef6260ad5c1e5e0e17e67132a1af330ac18ed3580cbf26d5403f2fa01d102,556082000,2.197265625,2.90576171875,6.9951171875,PASS,timing_c12_b02_hybrid,True
c12_b02,12,2,1,"hybrid,dual_token,type_fix",dual_token,texture,1920,1080,2,0,18,c08ef6260ad5c1e5e0e17e67132a1af330ac18ed3580cbf26d5403f2fa01d102,537136000,2.197265625,2.90576171875,6.9951171875,PASS,timing_c12_b02_dual_token,True
c12_b02,12,2,2,"hybrid,dual_token,type_fix",type_fix,texture,1920,1080,2,0,18,c08ef6260ad5c1e5e0e17e67132a1af330ac18ed3580cbf26d5403f2fa01d102,536734000,2.197265625,2.90576171875,6.9951171875,PASS,timing_c12_b02_type_fix,True
c10_b03,10,3,0,"hybrid,type_fix,dual_token",hybrid,checker,3840,2160,8,0,18,2d3d6be11ce1bf83660c4faf1412661bbfdf072e47bae39c4a1cc4f2e70b3fbb,1657682000,2.197265625,2.90576171875,6.9951171875,PASS,timing_c10_b03_hybrid,True
c10_b03,10,3,1,"hybrid,type_fix,dual_token",type_fix,checker,3840,2160,8,0,18,2d3d6be11ce1bf83660c4faf1412661bbfdf072e47bae39c4a1cc4f2e70b3fbb,1633791000,2.197265625,2.90576171875,6.9951171875,PASS,timing_c10_b03_type_fix,True
c10_b03,10,3,2,"hybrid,type_fix,dual_token",dual_token,checker,3840,2160,8,0,18,2d3d6be11ce1bf83660c4faf1412661bbfdf072e47bae39c4a1cc4f2e70b3fbb,1646472000,2.197265625,2.90576171875,6.9951171875,PASS,timing_c10_b03_dual_token,True
c04_b03,4,3,0,"dual_token,hybrid,type_fix",dual_token,waves,3840,2160,8,0,18,7043f1c7f5acb5e07e6a59ab9b785b85a1816f7dc06a2f9139765c0065bd686f,246402000,2.23388671875,2.8916015625,6.9423828125,PASS,timing_c04_b03_dual_token,True
c04_b03,4,3,1,"dual_token,hybrid,type_fix",hybrid,waves,3840,2160,8,0,18,7043f1c7f5acb5e07e6a59ab9b785b85a1816f7dc06a2f9139765c0065bd686f,231239000,2.23388671875,2.8916015625,6.9423828125,PASS,timing_c04_b03_hybrid,True
c04_b03,4,3,2,"dual_token,hybrid,type_fix",type_fix,waves,3840,2160,8,0,18,7043f1c7f5acb5e07e6a59ab9b785b85a1816f7dc06a2f9139765c0065bd686f,230798000,2.23388671875,2.8916015625,6.9423828125,PASS,timing_c04_b03_type_fix,True
c08_b03,8,3,0,"hybrid,dual_token,type_fix",hybrid,checker,1920,1080,16,0,18,0831d2c97efdf0a5debc5f95e271f976cda71c92becc1b043e09c63df573fdb7,440458000,2.23388671875,2.8916015625,6.9423828125,PASS,timing_c08_b03_hybrid,True
c08_b03,8,3,1,"hybrid,dual_token,type_fix",dual_token,checker,1920,1080,16,0,18,0831d2c97efdf0a5debc5f95e271f976cda71c92becc1b043e09c63df573fdb7,422908000,2.23388671875,2.8916015625,6.9423828125,PASS,timing_c08_b03_dual_token,True
c08_b03,8,3,2,"hybrid,dual_token,type_fix",type_fix,checker,1920,1080,16,0,18,0831d2c97efdf0a5debc5f95e271f976cda71c92becc1b043e09c63df573fdb7,420831000,2.23388671875,2.8916015625,6.9423828125,PASS,timing_c08_b03_type_fix,True
c12_b03,12,3,0,"dual_token,type_fix,hybrid",dual_token,texture,1920,1080,2,0,18,c08ef6260ad5c1e5e0e17e67132a1af330ac18ed3580cbf26d5403f2fa01d102,553592000,2.21484375,2.87646484375,6.9130859375,PASS,timing_c12_b03_dual_token,True
c12_b03,12,3,1,"dual_token,type_fix,hybrid",type_fix,texture,1920,1080,2,0,18,c08ef6260ad5c1e5e0e17e67132a1af330ac18ed3580cbf26d5403f2fa01d102,535671000,2.21484375,2.87646484375,6.9130859375,PASS,timing_c12_b03_type_fix,True
c12_b03,12,3,2,"dual_token,type_fix,hybrid",hybrid,texture,1920,1080,2,0,18,c08ef6260ad5c1e5e0e17e67132a1af330ac18ed3580cbf26d5403f2fa01d102,544356000,2.21484375,2.87646484375,6.9130859375,PASS,timing_c12_b03_hybrid,True
c14_b03,14,3,0,"type_fix,hybrid,dual_token",type_fix,texture,1920,1080,16,0,18,c08ef6260ad5c1e5e0e17e67132a1af330ac18ed3580cbf26d5403f2fa01d102,529567000,2.1171875,2.84521484375,6.87841796875,PASS,timing_c14_b03_type_fix,True
c14_b03,14,3,1,"type_fix,hybrid,dual_token",hybrid,texture,1920,1080,16,0,18,c08ef6260ad5c1e5e0e17e67132a1af330ac18ed3580cbf26d5403f2fa01d102,518131000,2.1171875,2.84521484375,6.87841796875,PASS,timing_c14_b03_hybrid,True
c14_b03,14,3,2,"type_fix,hybrid,dual_token",dual_token,texture,1920,1080,16,0,18,c08ef6260ad5c1e5e0e17e67132a1af330ac18ed3580cbf26d5403f2fa01d102,512303000,2.1171875,2.84521484375,6.87841796875,PASS,timing_c14_b03_dual_token,True
c06_b03,6,3,0,"dual_token,type_fix,hybrid",dual_token,checker,1920,1080,2,0,18,0831d2c97efdf0a5debc5f95e271f976cda71c92becc1b043e09c63df573fdb7,500780000,2.107421875,2.8310546875,6.849609375,PASS,timing_c06_b03_dual_token,True
c06_b03,6,3,1,"dual_token,type_fix,hybrid",type_fix,checker,1920,1080,2,0,18,0831d2c97efdf0a5debc5f95e271f976cda71c92becc1b043e09c63df573fdb7,478799000,2.107421875,2.8310546875,6.849609375,PASS,timing_c06_b03_type_fix,True
c06_b03,6,3,2,"dual_token,type_fix,hybrid",hybrid,checker,1920,1080,2,0,18,0831d2c97efdf0a5debc5f95e271f976cda71c92becc1b043e09c63df573fdb7,482211000,2.107421875,2.8310546875,6.849609375,PASS,timing_c06_b03_hybrid,True
c13_b03,13,3,0,"hybrid,type_fix,dual_token",hybrid,texture,1920,1080,8,0,18,c08ef6260ad5c1e5e0e17e67132a1af330ac18ed3580cbf26d5403f2fa01d102,533413000,2.107421875,2.8310546875,6.849609375,PASS,timing_c13_b03_hybrid,True
c13_b03,13,3,1,"hybrid,type_fix,dual_token",type_fix,texture,1920,1080,8,0,18,c08ef6260ad5c1e5e0e17e67132a1af330ac18ed3580cbf26d5403f2fa01d102,511909000,2.107421875,2.8310546875,6.849609375,PASS,timing_c13_b03_type_fix,True
c13_b03,13,3,2,"hybrid,type_fix,dual_token",dual_token,texture,1920,1080,8,0,18,c08ef6260ad5c1e5e0e17e67132a1af330ac18ed3580cbf26d5403f2fa01d102,511917000,2.107421875,2.8310546875,6.849609375,PASS,timing_c13_b03_dual_token,True
c16_b03,16,3,0,"dual_token,type_fix,hybrid",dual_token,texture,3840,2160,8,0,18,2aec47e05c3b8514915af2cb0d4b3f43878b8a0bff9e8cfe4cb501c3a509f061,2045504000,2.0986328125,2.81689453125,6.82080078125,PASS,timing_c16_b03_dual_token,True
c16_b03,16,3,1,"dual_token,type_fix,hybrid",type_fix,texture,3840,2160,8,0,18,2aec47e05c3b8514915af2cb0d4b3f43878b8a0bff9e8cfe4cb501c3a509f061,2028501000,2.0986328125,2.81689453125,6.82080078125,PASS,timing_c16_b03_type_fix,True
c16_b03,16,3,2,"dual_token,type_fix,hybrid",hybrid,texture,3840,2160,8,0,18,2aec47e05c3b8514915af2cb0d4b3f43878b8a0bff9e8cfe4cb501c3a509f061,2034476000,2.0986328125,2.81689453125,6.82080078125,PASS,timing_c16_b03_hybrid,True
c17_b03,17,3,0,"type_fix,dual_token,hybrid",type_fix,texture,3840,2160,16,0,18,2aec47e05c3b8514915af2cb0d4b3f43878b8a0bff9e8cfe4cb501c3a509f061,2036729000,2.0830078125,2.78955078125,6.76416015625,PASS,timing_c17_b03_type_fix,True
c17_b03,17,3,1,"type_fix,dual_token,hybrid",dual_token,texture,3840,2160,16,0,18,2aec47e05c3b8514915af2cb0d4b3f43878b8a0bff9e8cfe4cb501c3a509f061,2029656000,2.0830078125,2.78955078125,6.76416015625,PASS,timing_c17_b03_dual_token,True
c17_b03,17,3,2,"type_fix,dual_token,hybrid",hybrid,texture,3840,2160,16,0,18,2aec47e05c3b8514915af2cb0d4b3f43878b8a0bff9e8cfe4cb501c3a509f061,2031493000,2.0830078125,2.78955078125,6.76416015625,PASS,timing_c17_b03_hybrid,True
c11_b03,11,3,0,"dual_token,type_fix,hybrid",dual_token,checker,3840,2160,16,0,18,2d3d6be11ce1bf83660c4faf1412661bbfdf072e47bae39c4a1cc4f2e70b3fbb,1651992000,2.06982421875,2.76318359375,6.7080078125,PASS,timing_c11_b03_dual_token,True
c11_b03,11,3,1,"dual_token,type_fix,hybrid",type_fix,checker,3840,2160,16,0,18,2d3d6be11ce1bf83660c4faf1412661bbfdf072e47bae39c4a1cc4f2e70b3fbb,1627390000,2.06982421875,2.76318359375,6.7080078125,PASS,timing_c11_b03_type_fix,True
c11_b03,11,3,2,"dual_token,type_fix,hybrid",hybrid,checker,3840,2160,16,0,18,2d3d6be11ce1bf83660c4faf1412661bbfdf072e47bae39c4a1cc4f2e70b3fbb,1640218000,2.06982421875,2.76318359375,6.7080078125,PASS,timing_c11_b03_hybrid,True
c01_b03,1,3,0,"hybrid,type_fix,dual_token",hybrid,waves,1920,1080,8,0,18,5b240bade583b6108c28e7111a10ab6e4344840f2037644f17398993f180e001,80983000,2.30419921875,2.80029296875,6.69775390625,PASS,timing_c01_b03_hybrid,True
c01_b03,1,3,1,"hybrid,type_fix,dual_token",type_fix,waves,1920,1080,8,0,18,5b240bade583b6108c28e7111a10ab6e4344840f2037644f17398993f180e001,64282000,2.30419921875,2.80029296875,6.69775390625,PASS,timing_c01_b03_type_fix,True
c01_b03,1,3,2,"hybrid,type_fix,dual_token",dual_token,waves,1920,1080,8,0,18,5b240bade583b6108c28e7111a10ab6e4344840f2037644f17398993f180e001,65654000,2.30419921875,2.80029296875,6.69775390625,PASS,timing_c01_b03_dual_token,True
c02_b03,2,3,0,"hybrid,dual_token,type_fix",hybrid,waves,1920,1080,16,0,18,5b240bade583b6108c28e7111a10ab6e4344840f2037644f17398993f180e001,78607000,2.19970703125,2.77001953125,6.6640625,PASS,timing_c02_b03_hybrid,True
c02_b03,2,3,1,"hybrid,dual_token,type_fix",dual_token,waves,1920,1080,16,0,18,5b240bade583b6108c28e7111a10ab6e4344840f2037644f17398993f180e001,63414000,2.19970703125,2.77001953125,6.6640625,PASS,timing_c02_b03_dual_token,True
c02_b03,2,3,2,"hybrid,dual_token,type_fix",type_fix,waves,1920,1080,16,0,18,5b240bade583b6108c28e7111a10ab6e4344840f2037644f17398993f180e001,64714000,2.19970703125,2.77001953125,6.6640625,PASS,timing_c02_b03_type_fix,True
c05_b03,5,3,0,"type_fix,dual_token,hybrid",type_fix,waves,3840,2160,16,0,18,7043f1c7f5acb5e07e6a59ab9b785b85a1816f7dc06a2f9139765c0065bd686f,237241000,2.19970703125,2.77001953125,6.6640625,PASS,timing_c05_b03_type_fix,True
c05_b03,5,3,1,"type_fix,dual_token,hybrid",dual_token,waves,3840,2160,16,0,18,7043f1c7f5acb5e07e6a59ab9b785b85a1816f7dc06a2f9139765c0065bd686f,224381000,2.19970703125,2.77001953125,6.6640625,PASS,timing_c05_b03_dual_token,True
c05_b03,5,3,2,"type_fix,dual_token,hybrid",hybrid,waves,3840,2160,16,0,18,7043f1c7f5acb5e07e6a59ab9b785b85a1816f7dc06a2f9139765c0065bd686f,221728000,2.19970703125,2.77001953125,6.6640625,PASS,timing_c05_b03_hybrid,True
c15_b03,15,3,0,"dual_token,hybrid,type_fix",dual_token,texture,3840,2160,2,0,18,2aec47e05c3b8514915af2cb0d4b3f43878b8a0bff9e8cfe4cb501c3a509f061,2143338000,2.103515625,2.740234375,6.630859375,PASS,timing_c15_b03_dual_token,True
c15_b03,15,3,1,"dual_token,hybrid,type_fix",hybrid,texture,3840,2160,2,0,18,2aec47e05c3b8514915af2cb0d4b3f43878b8a0bff9e8cfe4cb501c3a509f061,2128858000,2.103515625,2.740234375,6.630859375,PASS,timing_c15_b03_hybrid,True
c15_b03,15,3,2,"dual_token,hybrid,type_fix",type_fix,texture,3840,2160,2,0,18,2aec47e05c3b8514915af2cb0d4b3f43878b8a0bff9e8cfe4cb501c3a509f061,2116968000,2.103515625,2.740234375,6.630859375,PASS,timing_c15_b03_type_fix,True
c07_b03,7,3,0,"dual_token,hybrid,type_fix",dual_token,checker,1920,1080,8,0,18,0831d2c97efdf0a5debc5f95e271f976cda71c92becc1b043e09c63df573fdb7,442460000,2.00732421875,2.69873046875,6.5703125,PASS,timing_c07_b03_dual_token,True
c07_b03,7,3,1,"dual_token,hybrid,type_fix",hybrid,checker,1920,1080,8,0,18,0831d2c97efdf0a5debc5f95e271f976cda71c92becc1b043e09c63df573fdb7,420973000,2.00732421875,2.69873046875,6.5703125,PASS,timing_c07_b03_hybrid,True
c07_b03,7,3,2,"dual_token,hybrid,type_fix",type_fix,checker,1920,1080,8,0,18,0831d2c97efdf0a5debc5f95e271f976cda71c92becc1b043e09c63df573fdb7,423071000,2.00732421875,2.69873046875,6.5703125,PASS,timing_c07_b03_type_fix,True
c09_b03,9,3,0,"dual_token,hybrid,type_fix",dual_token,checker,3840,2160,2,0,18,2d3d6be11ce1bf83660c4faf1412661bbfdf072e47bae39c4a1cc4f2e70b3fbb,1896476000,2.00732421875,2.69873046875,6.5703125,PASS,timing_c09_b03_dual_token,True
c09_b03,9,3,1,"dual_token,hybrid,type_fix",hybrid,checker,3840,2160,2,0,18,2d3d6be11ce1bf83660c4faf1412661bbfdf072e47bae39c4a1cc4f2e70b3fbb,1874981000,2.00732421875,2.69873046875,6.5703125,PASS,timing_c09_b03_hybrid,True
c09_b03,9,3,2,"dual_token,hybrid,type_fix",type_fix,checker,3840,2160,2,0,18,2d3d6be11ce1bf83660c4faf1412661bbfdf072e47bae39c4a1cc4f2e70b3fbb,1875521000,2.00732421875,2.69873046875,6.5703125,PASS,timing_c09_b03_type_fix,True
c03_b03,3,3,0,"type_fix,hybrid,dual_token",type_fix,waves,3840,2160,2,0,18,7043f1c7f5acb5e07e6a59ab9b785b85a1816f7dc06a2f9139765c0065bd686f,402949000,2.0791015625,2.69189453125,6.5224609375,PASS,timing_c03_b03_type_fix,True
c03_b03,3,3,1,"type_fix,hybrid,dual_token",hybrid,waves,3840,2160,2,0,18,7043f1c7f5acb5e07e6a59ab9b785b85a1816f7dc06a2f9139765c0065bd686f,384267000,2.0791015625,2.69189453125,6.5224609375,PASS,timing_c03_b03_hybrid,True
c03_b03,3,3,2,"type_fix,hybrid,dual_token",dual_token,waves,3840,2160,2,0,18,7043f1c7f5acb5e07e6a59ab9b785b85a1816f7dc06a2f9139765c0065bd686f,385004000,2.0791015625,2.69189453125,6.5224609375,PASS,timing_c03_b03_dual_token,True
c00_b03,0,3,0,"dual_token,hybrid,type_fix",dual_token,waves,1920,1080,2,0,18,5b240bade583b6108c28e7111a10ab6e4344840f2037644f17398993f180e001,116900000,1.91259765625,2.64697265625,6.48388671875,PASS,timing_c00_b03_dual_token,True
c00_b03,0,3,1,"dual_token,hybrid,type_fix",hybrid,waves,1920,1080,2,0,18,5b240bade583b6108c28e7111a10ab6e4344840f2037644f17398993f180e001,102223000,1.91259765625,2.64697265625,6.48388671875,PASS,timing_c00_b03_hybrid,True
c00_b03,0,3,2,"dual_token,hybrid,type_fix",type_fix,waves,1920,1080,2,0,18,5b240bade583b6108c28e7111a10ab6e4344840f2037644f17398993f180e001,98809000,1.91259765625,2.64697265625,6.48388671875,PASS,timing_c00_b03_type_fix,True
c01_b04,1,4,0,"type_fix,hybrid,dual_token",type_fix,waves,1920,1080,8,0,18,5b240bade583b6108c28e7111a10ab6e4344840f2037644f17398993f180e001,79466000,1.91259765625,2.64697265625,6.48388671875,PASS,timing_c01_b04_type_fix,True
c01_b04,1,4,1,"type_fix,hybrid,dual_token",hybrid,waves,1920,1080,8,0,18,5b240bade583b6108c28e7111a10ab6e4344840f2037644f17398993f180e001,63874000,1.91259765625,2.64697265625,6.48388671875,PASS,timing_c01_b04_hybrid,True
c01_b04,1,4,2,"type_fix,hybrid,dual_token",dual_token,waves,1920,1080,8,0,18,5b240bade583b6108c28e7111a10ab6e4344840f2037644f17398993f180e001,65742000,1.91259765625,2.64697265625,6.48388671875,PASS,timing_c01_b04_dual_token,True
c07_b04,7,4,0,"type_fix,hybrid,dual_token",type_fix,checker,1920,1080,8,0,18,0831d2c97efdf0a5debc5f95e271f976cda71c92becc1b043e09c63df573fdb7,440839000,2.23974609375,2.70263671875,6.48095703125,PASS,timing_c07_b04_type_fix,True
c07_b04,7,4,1,"type_fix,hybrid,dual_token",hybrid,checker,1920,1080,8,0,18,0831d2c97efdf0a5debc5f95e271f976cda71c92becc1b043e09c63df573fdb7,421516000,2.23974609375,2.70263671875,6.48095703125,PASS,timing_c07_b04_hybrid,True
c07_b04,7,4,2,"type_fix,hybrid,dual_token",dual_token,checker,1920,1080,8,0,18,0831d2c97efdf0a5debc5f95e271f976cda71c92becc1b043e09c63df573fdb7,423533000,2.23974609375,2.70263671875,6.48095703125,PASS,timing_c07_b04_dual_token,True
c15_b04,15,4,0,"dual_token,type_fix,hybrid",dual_token,texture,3840,2160,2,0,18,2aec47e05c3b8514915af2cb0d4b3f43878b8a0bff9e8cfe4cb501c3a509f061,2137749000,2.23974609375,2.70263671875,6.48095703125,PASS,timing_c15_b04_dual_token,True
c15_b04,15,4,1,"dual_token,type_fix,hybrid",type_fix,texture,3840,2160,2,0,18,2aec47e05c3b8514915af2cb0d4b3f43878b8a0bff9e8cfe4cb501c3a509f061,2117085000,2.23974609375,2.70263671875,6.48095703125,PASS,timing_c15_b04_type_fix,True
c15_b04,15,4,2,"dual_token,type_fix,hybrid",hybrid,texture,3840,2160,2,0,18,2aec47e05c3b8514915af2cb0d4b3f43878b8a0bff9e8cfe4cb501c3a509f061,2128346000,2.23974609375,2.70263671875,6.48095703125,PASS,timing_c15_b04_hybrid,True
c03_b04,3,4,0,"type_fix,dual_token,hybrid",type_fix,waves,3840,2160,2,0,18,7043f1c7f5acb5e07e6a59ab9b785b85a1816f7dc06a2f9139765c0065bd686f,402502000,2.35595703125,2.7119140625,6.43994140625,PASS,timing_c03_b04_type_fix,True
c03_b04,3,4,1,"type_fix,dual_token,hybrid",dual_token,waves,3840,2160,2,0,18,7043f1c7f5acb5e07e6a59ab9b785b85a1816f7dc06a2f9139765c0065bd686f,386920000,2.35595703125,2.7119140625,6.43994140625,PASS,timing_c03_b04_dual_token,True
c03_b04,3,4,2,"type_fix,dual_token,hybrid",hybrid,waves,3840,2160,2,0,18,7043f1c7f5acb5e07e6a59ab9b785b85a1816f7dc06a2f9139765c0065bd686f,388488000,2.35595703125,2.7119140625,6.43994140625,PASS,timing_c03_b04_hybrid,True
c17_b04,17,4,0,"hybrid,dual_token,type_fix",hybrid,texture,3840,2160,16,0,18,2aec47e05c3b8514915af2cb0d4b3f43878b8a0bff9e8cfe4cb501c3a509f061,2050174000,2.5673828125,2.74951171875,6.43115234375,PASS,timing_c17_b04_hybrid,True
c17_b04,17,4,1,"hybrid,dual_token,type_fix",dual_token,texture,3840,2160,16,0,18,2aec47e05c3b8514915af2cb0d4b3f43878b8a0bff9e8cfe4cb501c3a509f061,2029114000,2.5673828125,2.74951171875,6.43115234375,PASS,timing_c17_b04_dual_token,True
c17_b04,17,4,2,"hybrid,dual_token,type_fix",type_fix,texture,3840,2160,16,0,18,2aec47e05c3b8514915af2cb0d4b3f43878b8a0bff9e8cfe4cb501c3a509f061,2025290000,2.5673828125,2.74951171875,6.43115234375,PASS,timing_c17_b04_type_fix,True
c05_b04,5,4,0,"dual_token,hybrid,type_fix",dual_token,waves,3840,2160,16,0,18,7043f1c7f5acb5e07e6a59ab9b785b85a1816f7dc06a2f9139765c0065bd686f,232355000,2.6396484375,2.75732421875,6.390625,PASS,timing_c05_b04_dual_token,True
c05_b04,5,4,1,"dual_token,hybrid,type_fix",hybrid,waves,3840,2160,16,0,18,7043f1c7f5acb5e07e6a59ab9b785b85a1816f7dc06a2f9139765c0065bd686f,220147000,2.6396484375,2.75732421875,6.390625,PASS,timing_c05_b04_hybrid,True
c05_b04,5,4,2,"dual_token,hybrid,type_fix",type_fix,waves,3840,2160,16,0,18,7043f1c7f5acb5e07e6a59ab9b785b85a1816f7dc06a2f9139765c0065bd686f,220861000,2.6396484375,2.75732421875,6.390625,PASS,timing_c05_b04_type_fix,True
c16_b04,16,4,0,"hybrid,type_fix,dual_token",hybrid,texture,3840,2160,8,0,18,2aec47e05c3b8514915af2cb0d4b3f43878b8a0bff9e8cfe4cb501c3a509f061,2040211000,2.6396484375,2.75732421875,6.390625,PASS,timing_c16_b04_hybrid,True
c16_b04,16,4,1,"hybrid,type_fix,dual_token",type_fix,texture,3840,2160,8,0,18,2aec47e05c3b8514915af2cb0d4b3f43878b8a0bff9e8cfe4cb501c3a509f061,2022966000,2.6396484375,2.75732421875,6.390625,PASS,timing_c16_b04_type_fix,True
c16_b04,16,4,2,"hybrid,type_fix,dual_token",dual_token,texture,3840,2160,8,0,18,2aec47e05c3b8514915af2cb0d4b3f43878b8a0bff9e8cfe4cb501c3a509f061,2030706000,2.6396484375,2.75732421875,6.390625,PASS,timing_c16_b04_dual_token,True
c14_b04,14,4,0,"type_fix,dual_token,hybrid",type_fix,texture,1920,1080,16,0,18,c08ef6260ad5c1e5e0e17e67132a1af330ac18ed3580cbf26d5403f2fa01d102,529079000,2.69482421875,2.76513671875,6.3505859375,PASS,timing_c14_b04_type_fix,True
c14_b04,14,4,1,"type_fix,dual_token,hybrid",dual_token,texture,1920,1080,16,0,18,c08ef6260ad5c1e5e0e17e67132a1af330ac18ed3580cbf26d5403f2fa01d102,514550000,2.69482421875,2.76513671875,6.3505859375,PASS,timing_c14_b04_dual_token,True
c14_b04,14,4,2,"type_fix,dual_token,hybrid",hybrid,texture,1920,1080,16,0,18,c08ef6260ad5c1e5e0e17e67132a1af330ac18ed3580cbf26d5403f2fa01d102,519142000,2.69482421875,2.76513671875,6.3505859375,PASS,timing_c14_b04_hybrid,True
c06_b04,6,4,0,"dual_token,hybrid,type_fix",dual_token,checker,1920,1080,2,0,18,0831d2c97efdf0a5debc5f95e271f976cda71c92becc1b043e09c63df573fdb7,498690000,2.63916015625,2.751953125,6.32470703125,PASS,timing_c06_b04_dual_token,True
c06_b04,6,4,1,"dual_token,hybrid,type_fix",hybrid,checker,1920,1080,2,0,18,0831d2c97efdf0a5debc5f95e271f976cda71c92becc1b043e09c63df573fdb7,479930000,2.63916015625,2.751953125,6.32470703125,PASS,timing_c06_b04_hybrid,True
c06_b04,6,4,2,"dual_token,hybrid,type_fix",type_fix,checker,1920,1080,2,0,18,0831d2c97efdf0a5debc5f95e271f976cda71c92becc1b043e09c63df573fdb7,478882000,2.63916015625,2.751953125,6.32470703125,PASS,timing_c06_b04_type_fix,True
c13_b04,13,4,0,"hybrid,dual_token,type_fix",hybrid,texture,1920,1080,8,0,18,c08ef6260ad5c1e5e0e17e67132a1af330ac18ed3580cbf26d5403f2fa01d102,530824000,2.63916015625,2.751953125,6.32470703125,PASS,timing_c13_b04_hybrid,True
c13_b04,13,4,1,"hybrid,dual_token,type_fix",dual_token,texture,1920,1080,8,0,18,c08ef6260ad5c1e5e0e17e67132a1af330ac18ed3580cbf26d5403f2fa01d102,514247000,2.63916015625,2.751953125,6.32470703125,PASS,timing_c13_b04_dual_token,True
c13_b04,13,4,2,"hybrid,dual_token,type_fix",type_fix,texture,1920,1080,8,0,18,c08ef6260ad5c1e5e0e17e67132a1af330ac18ed3580cbf26d5403f2fa01d102,509165000,2.63916015625,2.751953125,6.32470703125,PASS,timing_c13_b04_type_fix,True
c02_b04,2,4,0,"dual_token,hybrid,type_fix",dual_token,waves,1920,1080,16,0,18,5b240bade583b6108c28e7111a10ab6e4344840f2037644f17398993f180e001,77737000,2.66796875,2.755859375,6.30517578125,PASS,timing_c02_b04_dual_token,True
c02_b04,2,4,1,"dual_token,hybrid,type_fix",hybrid,waves,1920,1080,16,0,18,5b240bade583b6108c28e7111a10ab6e4344840f2037644f17398993f180e001,62889000,2.66796875,2.755859375,6.30517578125,PASS,timing_c02_b04_hybrid,True
c02_b04,2,4,2,"dual_token,hybrid,type_fix",type_fix,waves,1920,1080,16,0,18,5b240bade583b6108c28e7111a10ab6e4344840f2037644f17398993f180e001,63734000,2.66796875,2.755859375,6.30517578125,PASS,timing_c02_b04_type_fix,True
c11_b04,11,4,0,"hybrid,type_fix,dual_token",hybrid,checker,3840,2160,16,0,18,2d3d6be11ce1bf83660c4faf1412661bbfdf072e47bae39c4a1cc4f2e70b3fbb,1659345000,2.5341796875,2.7265625,6.27392578125,PASS,timing_c11_b04_hybrid,True
c11_b04,11,4,1,"hybrid,type_fix,dual_token",type_fix,checker,3840,2160,16,0,18,2d3d6be11ce1bf83660c4faf1412661bbfdf072e47bae39c4a1cc4f2e70b3fbb,1628821000,2.5341796875,2.7265625,6.27392578125,PASS,timing_c11_b04_type_fix,True
c11_b04,11,4,2,"hybrid,type_fix,dual_token",dual_token,checker,3840,2160,16,0,18,2d3d6be11ce1bf83660c4faf1412661bbfdf072e47bae39c4a1cc4f2e70b3fbb,1636920000,2.5341796875,2.7265625,6.27392578125,PASS,timing_c11_b04_dual_token,True
c08_b04,8,4,0,"type_fix,dual_token,hybrid",type_fix,checker,1920,1080,16,0,18,0831d2c97efdf0a5debc5f95e271f976cda71c92becc1b043e09c63df573fdb7,437441000,2.6513671875,2.74755859375,6.26025390625,PASS,timing_c08_b04_type_fix,True
c08_b04,8,4,1,"type_fix,dual_token,hybrid",dual_token,checker,1920,1080,16,0,18,0831d2c97efdf0a5debc5f95e271f976cda71c92becc1b043e09c63df573fdb7,420768000,2.6513671875,2.74755859375,6.26025390625,PASS,timing_c08_b04_dual_token,True
c08_b04,8,4,2,"type_fix,dual_token,hybrid",hybrid,checker,1920,1080,16,0,18,0831d2c97efdf0a5debc5f95e271f976cda71c92becc1b043e09c63df573fdb7,423387000,2.6513671875,2.74755859375,6.26025390625,PASS,timing_c08_b04_hybrid,True
c10_b04,10,4,0,"dual_token,hybrid,type_fix",dual_token,checker,3840,2160,8,0,18,2d3d6be11ce1bf83660c4faf1412661bbfdf072e47bae39c4a1cc4f2e70b3fbb,1664216000,2.67919921875,2.75146484375,6.24072265625,PASS,timing_c10_b04_dual_token,True
c10_b04,10,4,1,"dual_token,hybrid,type_fix",hybrid,checker,3840,2160,8,0,18,2d3d6be11ce1bf83660c4faf1412661bbfdf072e47bae39c4a1cc4f2e70b3fbb,1639396000,2.67919921875,2.75146484375,6.24072265625,PASS,timing_c10_b04_hybrid,True
c10_b04,10,4,2,"dual_token,hybrid,type_fix",type_fix,checker,3840,2160,8,0,18,2d3d6be11ce1bf83660c4faf1412661bbfdf072e47bae39c4a1cc4f2e70b3fbb,1636444000,2.67919921875,2.75146484375,6.24072265625,PASS,timing_c10_b04_type_fix,True
c04_b04,4,4,0,"dual_token,type_fix,hybrid",dual_token,waves,3840,2160,8,0,18,7043f1c7f5acb5e07e6a59ab9b785b85a1816f7dc06a2f9139765c0065bd686f,247186000,2.70458984375,2.75537109375,6.2216796875,PASS,timing_c04_b04_dual_token,True
c04_b04,4,4,1,"dual_token,type_fix,hybrid",type_fix,waves,3840,2160,8,0,18,7043f1c7f5acb5e07e6a59ab9b785b85a1816f7dc06a2f9139765c0065bd686f,231370000,2.70458984375,2.75537109375,6.2216796875,PASS,timing_c04_b04_type_fix,True
c04_b04,4,4,2,"dual_token,type_fix,hybrid",hybrid,waves,3840,2160,8,0,18,7043f1c7f5acb5e07e6a59ab9b785b85a1816f7dc06a2f9139765c0065bd686f,228728000,2.70458984375,2.75537109375,6.2216796875,PASS,timing_c04_b04_hybrid,True
c09_b04,9,4,0,"dual_token,type_fix,hybrid",dual_token,checker,3840,2160,2,0,18,2d3d6be11ce1bf83660c4faf1412661bbfdf072e47bae39c4a1cc4f2e70b3fbb,1899060000,2.72802734375,2.75927734375,6.20263671875,PASS,timing_c09_b04_dual_token,True
c09_b04,9,4,1,"dual_token,type_fix,hybrid",type_fix,checker,3840,2160,2,0,18,2d3d6be11ce1bf83660c4faf1412661bbfdf072e47bae39c4a1cc4f2e70b3fbb,1880686000,2.72802734375,2.75927734375,6.20263671875,PASS,timing_c09_b04_type_fix,True
c09_b04,9,4,2,"dual_token,type_fix,hybrid",hybrid,checker,3840,2160,2,0,18,2d3d6be11ce1bf83660c4faf1412661bbfdf072e47bae39c4a1cc4f2e70b3fbb,1875689000,2.72802734375,2.75927734375,6.20263671875,PASS,timing_c09_b04_hybrid,True
c12_b04,12,4,0,"dual_token,hybrid,type_fix",dual_token,texture,1920,1080,2,0,18,c08ef6260ad5c1e5e0e17e67132a1af330ac18ed3580cbf26d5403f2fa01d102,552365000,2.689453125,2.75048828125,6.15869140625,PASS,timing_c12_b04_dual_token,True
c12_b04,12,4,1,"dual_token,hybrid,type_fix",hybrid,texture,1920,1080,2,0,18,c08ef6260ad5c1e5e0e17e67132a1af330ac18ed3580cbf26d5403f2fa01d102,535880000,2.689453125,2.75048828125,6.15869140625,PASS,timing_c12_b04_hybrid,True
c12_b04,12,4,2,"dual_token,hybrid,type_fix",type_fix,texture,1920,1080,2,0,18,c08ef6260ad5c1e5e0e17e67132a1af330ac18ed3580cbf26d5403f2fa01d102,537860000,2.689453125,2.75048828125,6.15869140625,PASS,timing_c12_b04_type_fix,True
c00_b04,0,4,0,"type_fix,hybrid,dual_token",type_fix,waves,1920,1080,2,0,18,5b240bade583b6108c28e7111a10ab6e4344840f2037644f17398993f180e001,117715000,2.689453125,2.75048828125,6.15869140625,PASS,timing_c00_b04_type_fix,True
c00_b04,0,4,1,"type_fix,hybrid,dual_token",hybrid,waves,1920,1080,2,0,18,5b240bade583b6108c28e7111a10ab6e4344840f2037644f17398993f180e001,103040000,2.689453125,2.75048828125,6.15869140625,PASS,timing_c00_b04_hybrid,True
c00_b04,0,4,2,"type_fix,hybrid,dual_token",dual_token,waves,1920,1080,2,0,18,5b240bade583b6108c28e7111a10ab6e4344840f2037644f17398993f180e001,105570000,2.689453125,2.75048828125,6.15869140625,PASS,timing_c00_b04_dual_token,True
c15_b05,15,5,0,"hybrid,type_fix,dual_token",hybrid,texture,3840,2160,2,0,18,2aec47e05c3b8514915af2cb0d4b3f43878b8a0bff9e8cfe4cb501c3a509f061,2145876000,2.5537109375,2.72119140625,6.12841796875,PASS,timing_c15_b05_hybrid,True
c15_b05,15,5,1,"hybrid,type_fix,dual_token",type_fix,texture,3840,2160,2,0,18,2aec47e05c3b8514915af2cb0d4b3f43878b8a0bff9e8cfe4cb501c3a509f061,2118994000,2.5537109375,2.72119140625,6.12841796875,PASS,timing_c15_b05_type_fix,True
c15_b05,15,5,2,"hybrid,type_fix,dual_token",dual_token,texture,3840,2160,2,0,18,2aec47e05c3b8514915af2cb0d4b3f43878b8a0bff9e8cfe4cb501c3a509f061,2123695000,2.5537109375,2.72119140625,6.12841796875,PASS,timing_c15_b05_dual_token,True
c09_b05,9,5,0,"type_fix,hybrid,dual_token",type_fix,checker,3840,2160,2,0,18,2d3d6be11ce1bf83660c4faf1412661bbfdf072e47bae39c4a1cc4f2e70b3fbb,1889761000,2.46826171875,2.69677734375,6.07958984375,PASS,timing_c09_b05_type_fix,True
c09_b05,9,5,1,"type_fix,hybrid,dual_token",hybrid,checker,3840,2160,2,0,18,2d3d6be11ce1bf83660c4faf1412661bbfdf072e47bae39c4a1cc4f2e70b3fbb,1880172000,2.46826171875,2.69677734375,6.07958984375,PASS,timing_c09_b05_hybrid,True
c09_b05,9,5,2,"type_fix,hybrid,dual_token",dual_token,checker,3840,2160,2,0,18,2d3d6be11ce1bf83660c4faf1412661bbfdf072e47bae39c4a1cc4f2e70b3fbb,1885385000,2.46826171875,2.69677734375,6.07958984375,PASS,timing_c09_b05_dual_token,True
c11_b05,11,5,0,"type_fix,hybrid,dual_token",type_fix,checker,3840,2160,16,0,18,2d3d6be11ce1bf83660c4faf1412661bbfdf072e47bae39c4a1cc4f2e70b3fbb,1644487000,2.4306640625,2.68505859375,6.0556640625,PASS,timing_c11_b05_type_fix,True
c11_b05,11,5,1,"type_fix,hybrid,dual_token",hybrid,checker,3840,2160,16,0,18,2d3d6be11ce1bf83660c4faf1412661bbfdf072e47bae39c4a1cc4f2e70b3fbb,1635693000,2.4306640625,2.68505859375,6.0556640625,PASS,timing_c11_b05_hybrid,True
c11_b05,11,5,2,"type_fix,hybrid,dual_token",dual_token,checker,3840,2160,16,0,18,2d3d6be11ce1bf83660c4faf1412661bbfdf072e47bae39c4a1cc4f2e70b3fbb,1639811000,2.4306640625,2.68505859375,6.0556640625,PASS,timing_c11_b05_dual_token,True
c07_b05,7,5,0,"hybrid,dual_token,type_fix",hybrid,checker,1920,1080,8,0,18,0831d2c97efdf0a5debc5f95e271f976cda71c92becc1b043e09c63df573fdb7,440745000,2.2841796875,2.6455078125,6.001953125,PASS,timing_c07_b05_hybrid,True
c07_b05,7,5,1,"hybrid,dual_token,type_fix",dual_token,checker,1920,1080,8,0,18,0831d2c97efdf0a5debc5f95e271f976cda71c92becc1b043e09c63df573fdb7,423266000,2.2841796875,2.6455078125,6.001953125,PASS,timing_c07_b05_dual_token,True
c07_b05,7,5,2,"hybrid,dual_token,type_fix",type_fix,checker,1920,1080,8,0,18,0831d2c97efdf0a5debc5f95e271f976cda71c92becc1b043e09c63df573fdb7,423197000,2.2841796875,2.6455078125,6.001953125,PASS,timing_c07_b05_type_fix,True
c00_b05,0,5,0,"hybrid,type_fix,dual_token",hybrid,waves,1920,1080,2,0,18,5b240bade583b6108c28e7111a10ab6e4344840f2037644f17398993f180e001,116949000,2.18115234375,2.6181640625,5.97216796875,PASS,timing_c00_b05_hybrid,True
c00_b05,0,5,1,"hybrid,type_fix,dual_token",type_fix,waves,1920,1080,2,0,18,5b240bade583b6108c28e7111a10ab6e4344840f2037644f17398993f180e001,101079000,2.18115234375,2.6181640625,5.97216796875,PASS,timing_c00_b05_type_fix,True
c00_b05,0,5,2,"hybrid,type_fix,dual_token",dual_token,waves,1920,1080,2,0,18,5b240bade583b6108c28e7111a10ab6e4344840f2037644f17398993f180e001,98834000,2.18115234375,2.6181640625,5.97216796875,PASS,timing_c00_b05_dual_token,True
c14_b05,14,5,0,"dual_token,type_fix,hybrid",dual_token,texture,1920,1080,16,0,18,c08ef6260ad5c1e5e0e17e67132a1af330ac18ed3580cbf26d5403f2fa01d102,530540000,2.18115234375,2.6181640625,5.97216796875,PASS,timing_c14_b05_dual_token,True
c14_b05,14,5,1,"dual_token,type_fix,hybrid",type_fix,texture,1920,1080,16,0,18,c08ef6260ad5c1e5e0e17e67132a1af330ac18ed3580cbf26d5403f2fa01d102,513547000,2.18115234375,2.6181640625,5.97216796875,PASS,timing_c14_b05_type_fix,True
c14_b05,14,5,2,"dual_token,type_fix,hybrid",hybrid,texture,1920,1080,16,0,18,c08ef6260ad5c1e5e0e17e67132a1af330ac18ed3580cbf26d5403f2fa01d102,515369000,2.18115234375,2.6181640625,5.97216796875,PASS,timing_c14_b05_hybrid,True
c04_b05,4,5,0,"type_fix,hybrid,dual_token",type_fix,waves,3840,2160,8,0,18,7043f1c7f5acb5e07e6a59ab9b785b85a1816f7dc06a2f9139765c0065bd686f,246256000,2.08642578125,2.5908203125,5.94287109375,PASS,timing_c04_b05_type_fix,True
c04_b05,4,5,1,"type_fix,hybrid,dual_token",hybrid,waves,3840,2160,8,0,18,7043f1c7f5acb5e07e6a59ab9b785b85a1816f7dc06a2f9139765c0065bd686f,232383000,2.08642578125,2.5908203125,5.94287109375,PASS,timing_c04_b05_hybrid,True
c04_b05,4,5,2,"type_fix,hybrid,dual_token",dual_token,waves,3840,2160,8,0,18,7043f1c7f5acb5e07e6a59ab9b785b85a1816f7dc06a2f9139765c0065bd686f,230830000,2.08642578125,2.5908203125,5.94287109375,PASS,timing_c04_b05_dual_token,True
c06_b05,6,5,0,"hybrid,type_fix,dual_token",hybrid,checker,1920,1080,2,0,18,0831d2c97efdf0a5debc5f95e271f976cda71c92becc1b043e09c63df573fdb7,498535000,1.9990234375,2.56396484375,5.91357421875,PASS,timing_c06_b05_hybrid,True
c06_b05,6,5,1,"hybrid,type_fix,dual_token",type_fix,checker,1920,1080,2,0,18,0831d2c97efdf0a5debc5f95e271f976cda71c92becc1b043e09c63df573fdb7,479051000,1.9990234375,2.56396484375,5.91357421875,PASS,timing_c06_b05_type_fix,True
c06_b05,6,5,2,"hybrid,type_fix,dual_token",dual_token,checker,1920,1080,2,0,18,0831d2c97efdf0a5debc5f95e271f976cda71c92becc1b043e09c63df573fdb7,481661000,1.9990234375,2.56396484375,5.91357421875,PASS,timing_c06_b05_dual_token,True
c05_b05,5,5,0,"hybrid,type_fix,dual_token",hybrid,waves,3840,2160,16,0,18,7043f1c7f5acb5e07e6a59ab9b785b85a1816f7dc06a2f9139765c0065bd686f,241009000,1.9990234375,2.56396484375,5.91357421875,PASS,timing_c05_b05_hybrid,True
c05_b05,5,5,1,"hybrid,type_fix,dual_token",type_fix,waves,3840,2160,16,0,18,7043f1c7f5acb5e07e6a59ab9b785b85a1816f7dc06a2f9139765c0065bd686f,220701000,1.9990234375,2.56396484375,5.91357421875,PASS,timing_c05_b05_type_fix,True
c05_b05,5,5,2,"hybrid,type_fix,dual_token",dual_token,waves,3840,2160,16,0,18,7043f1c7f5acb5e07e6a59ab9b785b85a1816f7dc06a2f9139765c0065bd686f,222116000,1.9990234375,2.56396484375,5.91357421875,PASS,timing_c05_b05_dual_token,True
c17_b05,17,5,0,"dual_token,hybrid,type_fix",dual_token,texture,3840,2160,16,0,18,2aec47e05c3b8514915af2cb0d4b3f43878b8a0bff9e8cfe4cb501c3a509f061,2044346000,1.9189453125,2.53759765625,5.884765625,PASS,timing_c17_b05_dual_token,True
c17_b05,17,5,1,"dual_token,hybrid,type_fix",hybrid,texture,3840,2160,16,0,18,2aec47e05c3b8514915af2cb0d4b3f43878b8a0bff9e8cfe4cb501c3a509f061,2031341000,1.9189453125,2.53759765625,5.884765625,PASS,timing_c17_b05_hybrid,True
c17_b05,17,5,2,"dual_token,hybrid,type_fix",type_fix,texture,3840,2160,16,0,18,2aec47e05c3b8514915af2cb0d4b3f43878b8a0bff9e8cfe4cb501c3a509f061,2021051000,1.9189453125,2.53759765625,5.884765625,PASS,timing_c17_b05_type_fix,True
c08_b05,8,5,0,"hybrid,type_fix,dual_token",hybrid,checker,1920,1080,16,0,18,0831d2c97efdf0a5debc5f95e271f976cda71c92becc1b043e09c63df573fdb7,439525000,1.77099609375,2.486328125,5.8271484375,PASS,timing_c08_b05_hybrid,True
c08_b05,8,5,1,"hybrid,type_fix,dual_token",type_fix,checker,1920,1080,16,0,18,0831d2c97efdf0a5debc5f95e271f976cda71c92becc1b043e09c63df573fdb7,418497000,1.77099609375,2.486328125,5.8271484375,PASS,timing_c08_b05_type_fix,True
c08_b05,8,5,2,"hybrid,type_fix,dual_token",dual_token,checker,1920,1080,16,0,18,0831d2c97efdf0a5debc5f95e271f976cda71c92becc1b043e09c63df573fdb7,424255000,1.77099609375,2.486328125,5.8271484375,PASS,timing_c08_b05_dual_token,True
c10_b05,10,5,0,"type_fix,hybrid,dual_token",type_fix,checker,3840,2160,8,0,18,2d3d6be11ce1bf83660c4faf1412661bbfdf072e47bae39c4a1cc4f2e70b3fbb,1656791000,1.77099609375,2.486328125,5.8271484375,PASS,timing_c10_b05_type_fix,True
c10_b05,10,5,1,"type_fix,hybrid,dual_token",hybrid,checker,3840,2160,8,0,18,2d3d6be11ce1bf83660c4faf1412661bbfdf072e47bae39c4a1cc4f2e70b3fbb,1640176000,1.77099609375,2.486328125,5.8271484375,PASS,timing_c10_b05_hybrid,True
c10_b05,10,5,2,"type_fix,hybrid,dual_token",dual_token,checker,3840,2160,8,0,18,2d3d6be11ce1bf83660c4faf1412661bbfdf072e47bae39c4a1cc4f2e70b3fbb,1650525000,1.77099609375,2.486328125,5.8271484375,PASS,timing_c10_b05_dual_token,True
c12_b05,12,5,0,"hybrid,type_fix,dual_token",hybrid,texture,1920,1080,2,0,18,c08ef6260ad5c1e5e0e17e67132a1af330ac18ed3580cbf26d5403f2fa01d102,554407000,1.873046875,2.48583984375,5.7880859375,PASS,timing_c12_b05_hybrid,True
c12_b05,12,5,1,"hybrid,type_fix,dual_token",type_fix,texture,1920,1080,2,0,18,c08ef6260ad5c1e5e0e17e67132a1af330ac18ed3580cbf26d5403f2fa01d102,535756000,1.873046875,2.48583984375,5.7880859375,PASS,timing_c12_b05_type_fix,True
c12_b05,12,5,2,"hybrid,type_fix,dual_token",dual_token,texture,1920,1080,2,0,18,c08ef6260ad5c1e5e0e17e67132a1af330ac18ed3580cbf26d5403f2fa01d102,538657000,1.873046875,2.48583984375,5.7880859375,PASS,timing_c12_b05_dual_token,True
c13_b05,13,5,0,"dual_token,type_fix,hybrid",dual_token,texture,1920,1080,8,0,18,c08ef6260ad5c1e5e0e17e67132a1af330ac18ed3580cbf26d5403f2fa01d102,532515000,1.72265625,2.4443359375,5.75390625,PASS,timing_c13_b05_dual_token,True
c13_b05,13,5,1,"dual_token,type_fix,hybrid",type_fix,texture,1920,1080,8,0,18,c08ef6260ad5c1e5e0e17e67132a1af330ac18ed3580cbf26d5403f2fa01d102,513459000,1.72265625,2.4443359375,5.75390625,PASS,timing_c13_b05_type_fix,True
c13_b05,13,5,2,"dual_token,type_fix,hybrid",hybrid,texture,1920,1080,8,0,18,c08ef6260ad5c1e5e0e17e67132a1af330ac18ed3580cbf26d5403f2fa01d102,510075000,1.72265625,2.4443359375,5.75390625,PASS,timing_c13_b05_hybrid,True
c01_b05,1,5,0,"dual_token,type_fix,hybrid",dual_token,waves,1920,1080,8,0,18,5b240bade583b6108c28e7111a10ab6e4344840f2037644f17398993f180e001,80628000,1.72265625,2.4443359375,5.75390625,PASS,timing_c01_b05_dual_token,True
c01_b05,1,5,1,"dual_token,type_fix,hybrid",type_fix,waves,1920,1080,8,0,18,5b240bade583b6108c28e7111a10ab6e4344840f2037644f17398993f180e001,64797000,1.72265625,2.4443359375,5.75390625,PASS,timing_c01_b05_type_fix,True
c01_b05,1,5,2,"dual_token,type_fix,hybrid",hybrid,waves,1920,1080,8,0,18,5b240bade583b6108c28e7111a10ab6e4344840f2037644f17398993f180e001,65881000,1.72265625,2.4443359375,5.75390625,PASS,timing_c01_b05_hybrid,True
c03_b05,3,5,0,"hybrid,type_fix,dual_token",hybrid,waves,3840,2160,2,0,18,7043f1c7f5acb5e07e6a59ab9b785b85a1816f7dc06a2f9139765c0065bd686f,406347000,1.74462890625,2.4365234375,5.7314453125,PASS,timing_c03_b05_hybrid,True
c03_b05,3,5,1,"hybrid,type_fix,dual_token",type_fix,waves,3840,2160,2,0,18,7043f1c7f5acb5e07e6a59ab9b785b85a1816f7dc06a2f9139765c0065bd686f,385105000,1.74462890625,2.4365234375,5.7314453125,PASS,timing_c03_b05_type_fix,True
c03_b05,3,5,2,"hybrid,type_fix,dual_token",dual_token,waves,3840,2160,2,0,18,7043f1c7f5acb5e07e6a59ab9b785b85a1816f7dc06a2f9139765c0065bd686f,385437000,1.74462890625,2.4365234375,5.7314453125,PASS,timing_c03_b05_dual_token,True
c16_b05,16,5,0,"hybrid,dual_token,type_fix",hybrid,texture,3840,2160,8,0,18,2aec47e05c3b8514915af2cb0d4b3f43878b8a0bff9e8cfe4cb501c3a509f061,2046786000,2.0849609375,2.49560546875,5.73291015625,PASS,timing_c16_b05_hybrid,True
c16_b05,16,5,1,"hybrid,dual_token,type_fix",dual_token,texture,3840,2160,8,0,18,2aec47e05c3b8514915af2cb0d4b3f43878b8a0bff9e8cfe4cb501c3a509f061,2029886000,2.0849609375,2.49560546875,5.73291015625,PASS,timing_c16_b05_dual_token,True
c16_b05,16,5,2,"hybrid,dual_token,type_fix",type_fix,texture,3840,2160,8,0,18,2aec47e05c3b8514915af2cb0d4b3f43878b8a0bff9e8cfe4cb501c3a509f061,2022071000,2.0849609375,2.49560546875,5.73291015625,PASS,timing_c16_b05_type_fix,True
c02_b05,2,5,0,"hybrid,type_fix,dual_token",hybrid,waves,1920,1080,16,0,18,5b240bade583b6108c28e7111a10ab6e4344840f2037644f17398993f180e001,78435000,2.158203125,2.50390625,5.716796875,PASS,timing_c02_b05_hybrid,True
c02_b05,2,5,1,"hybrid,type_fix,dual_token",type_fix,waves,1920,1080,16,0,18,5b240bade583b6108c28e7111a10ab6e4344840f2037644f17398993f180e001,63339000,2.158203125,2.50390625,5.716796875,PASS,timing_c02_b05_type_fix,True
c02_b05,2,5,2,"hybrid,type_fix,dual_token",dual_token,waves,1920,1080,16,0,18,5b240bade583b6108c28e7111a10ab6e4344840f2037644f17398993f180e001,64172000,2.158203125,2.50390625,5.716796875,PASS,timing_c02_b05_dual_token,True
c07_b06,7,6,0,"type_fix,hybrid,dual_token",type_fix,checker,1920,1080,8,0,18,0831d2c97efdf0a5debc5f95e271f976cda71c92becc1b043e09c63df573fdb7,439418000,2.1455078125,2.4951171875,5.69482421875,PASS,timing_c07_b06_type_fix,True
c07_b06,7,6,1,"type_fix,hybrid,dual_token",hybrid,checker,1920,1080,8,0,18,0831d2c97efdf0a5debc5f95e271f976cda71c92becc1b043e09c63df573fdb7,422137000,2.1455078125,2.4951171875,5.69482421875,PASS,timing_c07_b06_hybrid,True
c07_b06,7,6,2,"type_fix,hybrid,dual_token",dual_token,checker,1920,1080,8,0,18,0831d2c97efdf0a5debc5f95e271f976cda71c92becc1b043e09c63df573fdb7,425623000,2.1455078125,2.4951171875,5.69482421875,PASS,timing_c07_b06_dual_token,True
c01_b06,1,6,0,"hybrid,type_fix,dual_token",hybrid,waves,1920,1080,8,0,18,5b240bade583b6108c28e7111a10ab6e4344840f2037644f17398993f180e001,77540000,2.1337890625,2.48681640625,5.6728515625,PASS,timing_c01_b06_hybrid,True
c01_b06,1,6,1,"hybrid,type_fix,dual_token",type_fix,waves,1920,1080,8,0,18,5b240bade583b6108c28e7111a10ab6e4344840f2037644f17398993f180e001,64241000,2.1337890625,2.48681640625,5.6728515625,PASS,timing_c01_b06_type_fix,True
c01_b06,1,6,2,"hybrid,type_fix,dual_token",dual_token,waves,1920,1080,8,0,18,5b240bade583b6108c28e7111a10ab6e4344840f2037644f17398993f180e001,65603000,2.1337890625,2.48681640625,5.6728515625,PASS,timing_c01_b06_dual_token,True
c08_b06,8,6,0,"dual_token,type_fix,hybrid",dual_token,checker,1920,1080,16,0,18,0831d2c97efdf0a5debc5f95e271f976cda71c92becc1b043e09c63df573fdb7,441349000,2.1337890625,2.48681640625,5.6728515625,PASS,timing_c08_b06_dual_token,True
c08_b06,8,6,1,"dual_token,type_fix,hybrid",type_fix,checker,1920,1080,16,0,18,0831d2c97efdf0a5debc5f95e271f976cda71c92becc1b043e09c63df573fdb7,419062000,2.1337890625,2.48681640625,5.6728515625,PASS,timing_c08_b06_type_fix,True
c08_b06,8,6,2,"dual_token,type_fix,hybrid",hybrid,checker,1920,1080,16,0,18,0831d2c97efdf0a5debc5f95e271f976cda71c92becc1b043e09c63df573fdb7,423674000,2.1337890625,2.48681640625,5.6728515625,PASS,timing_c08_b06_hybrid,True
c13_b06,13,6,0,"hybrid,type_fix,dual_token",hybrid,texture,1920,1080,8,0,18,c08ef6260ad5c1e5e0e17e67132a1af330ac18ed3580cbf26d5403f2fa01d102,533258000,2.123046875,2.478515625,5.65087890625,PASS,timing_c13_b06_hybrid,True
c13_b06,13,6,1,"hybrid,type_fix,dual_token",type_fix,texture,1920,1080,8,0,18,c08ef6260ad5c1e5e0e17e67132a1af330ac18ed3580cbf26d5403f2fa01d102,512143000,2.123046875,2.478515625,5.65087890625,PASS,timing_c13_b06_type_fix,True
c13_b06,13,6,2,"hybrid,type_fix,dual_token",dual_token,texture,1920,1080,8,0,18,c08ef6260ad5c1e5e0e17e67132a1af330ac18ed3580cbf26d5403f2fa01d102,514998000,2.123046875,2.478515625,5.65087890625,PASS,timing_c13_b06_dual_token,True
c17_b06,17,6,0,"type_fix,dual_token,hybrid",type_fix,texture,3840,2160,16,0,18,2aec47e05c3b8514915af2cb0d4b3f43878b8a0bff9e8cfe4cb501c3a509f061,2037144000,2.123046875,2.478515625,5.65087890625,PASS,timing_c17_b06_type_fix,True
c17_b06,17,6,1,"type_fix,dual_token,hybrid",dual_token,texture,3840,2160,16,0,18,2aec47e05c3b8514915af2cb0d4b3f43878b8a0bff9e8cfe4cb501c3a509f061,2026196000,2.123046875,2.478515625,5.65087890625,PASS,timing_c17_b06_dual_token,True
c17_b06,17,6,2,"type_fix,dual_token,hybrid",hybrid,texture,3840,2160,16,0,18,2aec47e05c3b8514915af2cb0d4b3f43878b8a0bff9e8cfe4cb501c3a509f061,2031852000,2.123046875,2.478515625,5.65087890625,PASS,timing_c17_b06_hybrid,True
c09_b06,9,6,0,"hybrid,type_fix,dual_token",hybrid,checker,3840,2160,2,0,18,2d3d6be11ce1bf83660c4faf1412661bbfdf072e47bae39c4a1cc4f2e70b3fbb,1892840000,2.6318359375,2.5771484375,5.64892578125,PASS,timing_c09_b06_hybrid,True
c09_b06,9,6,1,"hybrid,type_fix,dual_token",type_fix,checker,3840,2160,2,0,18,2d3d6be11ce1bf83660c4faf1412661bbfdf072e47bae39c4a1cc4f2e70b3fbb,1869038000,2.6318359375,2.5771484375,5.64892578125,PASS,timing_c09_b06_type_fix,True
c09_b06,9,6,2,"hybrid,type_fix,dual_token",dual_token,checker,3840,2160,2,0,18,2d3d6be11ce1bf83660c4faf1412661bbfdf072e47bae39c4a1cc4f2e70b3fbb,1878352000,2.6318359375,2.5771484375,5.64892578125,PASS,timing_c09_b06_dual_token,True
c02_b06,2,6,0,"hybrid,type_fix,dual_token",hybrid,waves,1920,1080,16,0,18,5b240bade583b6108c28e7111a10ab6e4344840f2037644f17398993f180e001,78134000,2.4541015625,2.541015625,5.60009765625,PASS,timing_c02_b06_hybrid,True
c02_b06,2,6,1,"hybrid,type_fix,dual_token",type_fix,waves,1920,1080,16,0,18,5b240bade583b6108c28e7111a10ab6e4344840f2037644f17398993f180e001,63050000,2.4541015625,2.541015625,5.60009765625,PASS,timing_c02_b06_type_fix,True
c02_b06,2,6,2,"hybrid,type_fix,dual_token",dual_token,waves,1920,1080,16,0,18,5b240bade583b6108c28e7111a10ab6e4344840f2037644f17398993f180e001,62813000,2.4541015625,2.541015625,5.60009765625,PASS,timing_c02_b06_dual_token,True
c04_b06,4,6,0,"type_fix,dual_token,hybrid",type_fix,waves,3840,2160,8,0,18,7043f1c7f5acb5e07e6a59ab9b785b85a1816f7dc06a2f9139765c0065bd686f,247719000,2.4541015625,2.541015625,5.60009765625,PASS,timing_c04_b06_type_fix,True
c04_b06,4,6,1,"type_fix,dual_token,hybrid",dual_token,waves,3840,2160,8,0,18,7043f1c7f5acb5e07e6a59ab9b785b85a1816f7dc06a2f9139765c0065bd686f,230988000,2.4541015625,2.541015625,5.60009765625,PASS,timing_c04_b06_dual_token,True
c04_b06,4,6,2,"type_fix,dual_token,hybrid",hybrid,waves,3840,2160,8,0,18,7043f1c7f5acb5e07e6a59ab9b785b85a1816f7dc06a2f9139765c0065bd686f,228683000,2.4541015625,2.541015625,5.60009765625,PASS,timing_c04_b06_hybrid,True
c03_b06,3,6,0,"type_fix,dual_token,hybrid",type_fix,waves,3840,2160,2,0,18,7043f1c7f5acb5e07e6a59ab9b785b85a1816f7dc06a2f9139765c0065bd686f,402007000,2.81787109375,2.61474609375,5.60791015625,PASS,timing_c03_b06_type_fix,True
c03_b06,3,6,1,"type_fix,dual_token,hybrid",dual_token,waves,3840,2160,2,0,18,7043f1c7f5acb5e07e6a59ab9b785b85a1816f7dc06a2f9139765c0065bd686f,383331000,2.81787109375,2.61474609375,5.60791015625,PASS,timing_c03_b06_dual_token,True
c03_b06,3,6,2,"type_fix,dual_token,hybrid",hybrid,waves,3840,2160,2,0,18,7043f1c7f5acb5e07e6a59ab9b785b85a1816f7dc06a2f9139765c0065bd686f,395004000,2.81787109375,2.61474609375,5.60791015625,PASS,timing_c03_b06_hybrid,True
c12_b06,12,6,0,"dual_token,hybrid,type_fix",dual_token,texture,1920,1080,2,0,18,c08ef6260ad5c1e5e0e17e67132a1af330ac18ed3580cbf26d5403f2fa01d102,547438000,2.83203125,2.62109375,5.59228515625,PASS,timing_c12_b06_dual_token,True
c12_b06,12,6,1,"dual_token,hybrid,type_fix",hybrid,texture,1920,1080,2,0,18,c08ef6260ad5c1e5e0e17e67132a1af330ac18ed3580cbf26d5403f2fa01d102,539855000,2.83203125,2.62109375,5.59228515625,PASS,timing_c12_b06_hybrid,True
c12_b06,12,6,2,"dual_token,hybrid,type_fix",type_fix,texture,1920,1080,2,0,18,c08ef6260ad5c1e5e0e17e67132a1af330ac18ed3580cbf26d5403f2fa01d102,537124000,2.83203125,2.62109375,5.59228515625,PASS,timing_c12_b06_type_fix,True
c05_b06,5,6,0,"hybrid,dual_token,type_fix",hybrid,waves,3840,2160,16,0,18,7043f1c7f5acb5e07e6a59ab9b785b85a1816f7dc06a2f9139765c0065bd686f,240265000,2.83203125,2.62109375,5.59228515625,PASS,timing_c05_b06_hybrid,True
c05_b06,5,6,1,"hybrid,dual_token,type_fix",dual_token,waves,3840,2160,16,0,18,7043f1c7f5acb5e07e6a59ab9b785b85a1816f7dc06a2f9139765c0065bd686f,223501000,2.83203125,2.62109375,5.59228515625,PASS,timing_c05_b06_dual_token,True
c05_b06,5,6,2,"hybrid,dual_token,type_fix",type_fix,waves,3840,2160,16,0,18,7043f1c7f5acb5e07e6a59ab9b785b85a1816f7dc06a2f9139765c0065bd686f,221253000,2.83203125,2.62109375,5.59228515625,PASS,timing_c05_b06_type_fix,True
c16_b06,16,6,0,"hybrid,type_fix,dual_token",hybrid,texture,3840,2160,8,0,18,2aec47e05c3b8514915af2cb0d4b3f43878b8a0bff9e8cfe4cb501c3a509f061,2049382000,3.16552734375,2.693359375,5.60009765625,PASS,timing_c16_b06_hybrid,True
c16_b06,16,6,1,"hybrid,type_fix,dual_token",type_fix,texture,3840,2160,8,0,18,2aec47e05c3b8514915af2cb0d4b3f43878b8a0bff9e8cfe4cb501c3a509f061,2023648000,3.16552734375,2.693359375,5.60009765625,PASS,timing_c16_b06_type_fix,True
c16_b06,16,6,2,"hybrid,type_fix,dual_token",dual_token,texture,3840,2160,8,0,18,2aec47e05c3b8514915af2cb0d4b3f43878b8a0bff9e8cfe4cb501c3a509f061,2030650000,3.16552734375,2.693359375,5.60009765625,PASS,timing_c16_b06_dual_token,True
c14_b06,14,6,0,"dual_token,type_fix,hybrid",dual_token,texture,1920,1080,16,0,18,c08ef6260ad5c1e5e0e17e67132a1af330ac18ed3580cbf26d5403f2fa01d102,532268000,2.8994140625,2.6533203125,5.55126953125,PASS,timing_c14_b06_dual_token,True
c14_b06,14,6,1,"dual_token,type_fix,hybrid",type_fix,texture,1920,1080,16,0,18,c08ef6260ad5c1e5e0e17e67132a1af330ac18ed3580cbf26d5403f2fa01d102,514194000,2.8994140625,2.6533203125,5.55126953125,PASS,timing_c14_b06_type_fix,True
c14_b06,14,6,2,"dual_token,type_fix,hybrid",hybrid,texture,1920,1080,16,0,18,c08ef6260ad5c1e5e0e17e67132a1af330ac18ed3580cbf26d5403f2fa01d102,519063000,2.8994140625,2.6533203125,5.55126953125,PASS,timing_c14_b06_hybrid,True
c10_b06,10,6,0,"dual_token,hybrid,type_fix",dual_token,checker,3840,2160,8,0,18,2d3d6be11ce1bf83660c4faf1412661bbfdf072e47bae39c4a1cc4f2e70b3fbb,1666331000,2.7470703125,2.62548828125,5.5244140625,PASS,timing_c10_b06_dual_token,True
c10_b06,10,6,1,"dual_token,hybrid,type_fix",hybrid,checker,3840,2160,8,0,18,2d3d6be11ce1bf83660c4faf1412661bbfdf072e47bae39c4a1cc4f2e70b3fbb,1643457000,2.7470703125,2.62548828125,5.5244140625,PASS,timing_c10_b06_hybrid,True
c10_b06,10,6,2,"dual_token,hybrid,type_fix",type_fix,checker,3840,2160,8,0,18,2d3d6be11ce1bf83660c4faf1412661bbfdf072e47bae39c4a1cc4f2e70b3fbb,1654577000,2.7470703125,2.62548828125,5.5244140625,PASS,timing_c10_b06_type_fix,True
c15_b06,15,6,0,"hybrid,dual_token,type_fix",hybrid,texture,3840,2160,2,0,18,2aec47e05c3b8514915af2cb0d4b3f43878b8a0bff9e8cfe4cb501c3a509f061,2138909000,2.92724609375,2.66455078125,5.52099609375,PASS,timing_c15_b06_hybrid,True
c15_b06,15,6,1,"hybrid,dual_token,type_fix",dual_token,texture,3840,2160,2,0,18,2aec47e05c3b8514915af2cb0d4b3f43878b8a0bff9e8cfe4cb501c3a509f061,2128786000,2.92724609375,2.66455078125,5.52099609375,PASS,timing_c15_b06_dual_token,True
c15_b06,15,6,2,"hybrid,dual_token,type_fix",type_fix,texture,3840,2160,2,0,18,2aec47e05c3b8514915af2cb0d4b3f43878b8a0bff9e8cfe4cb501c3a509f061,2117656000,2.92724609375,2.66455078125,5.52099609375,PASS,timing_c15_b06_type_fix,True
c06_b06,6,6,0,"dual_token,hybrid,type_fix",dual_token,checker,1920,1080,2,0,18,0831d2c97efdf0a5debc5f95e271f976cda71c92becc1b043e09c63df573fdb7,501636000,2.71044921875,2.6259765625,5.4736328125,PASS,timing_c06_b06_dual_token,True
c06_b06,6,6,1,"dual_token,hybrid,type_fix",hybrid,checker,1920,1080,2,0,18,0831d2c97efdf0a5debc5f95e271f976cda71c92becc1b043e09c63df573fdb7,478622000,2.71044921875,2.6259765625,5.4736328125,PASS,timing_c06_b06_hybrid,True
c06_b06,6,6,2,"dual_token,hybrid,type_fix",type_fix,checker,1920,1080,2,0,18,0831d2c97efdf0a5debc5f95e271f976cda71c92becc1b043e09c63df573fdb7,479925000,2.71044921875,2.6259765625,5.4736328125,PASS,timing_c06_b06_type_fix,True
c00_b06,0,6,0,"hybrid,dual_token,type_fix",hybrid,waves,1920,1080,2,0,18,5b240bade583b6108c28e7111a10ab6e4344840f2037644f17398993f180e001,115520000,2.4931640625,2.58203125,5.44140625,PASS,timing_c00_b06_hybrid,True
c00_b06,0,6,1,"hybrid,dual_token,type_fix",dual_token,waves,1920,1080,2,0,18,5b240bade583b6108c28e7111a10ab6e4344840f2037644f17398993f180e001,101847000,2.4931640625,2.58203125,5.44140625,PASS,timing_c00_b06_dual_token,True
c00_b06,0,6,2,"hybrid,dual_token,type_fix",type_fix,waves,1920,1080,2,0,18,5b240bade583b6108c28e7111a10ab6e4344840f2037644f17398993f180e001,102840000,2.4931640625,2.58203125,5.44140625,PASS,timing_c00_b06_type_fix,True
c11_b06,11,6,0,"type_fix,dual_token,hybrid",type_fix,checker,3840,2160,16,0,18,2d3d6be11ce1bf83660c4faf1412661bbfdf072e47bae39c4a1cc4f2e70b3fbb,1644895000,2.4931640625,2.58203125,5.44140625,PASS,timing_c11_b06_type_fix,True
c11_b06,11,6,1,"type_fix,dual_token,hybrid",dual_token,checker,3840,2160,16,0,18,2d3d6be11ce1bf83660c4faf1412661bbfdf072e47bae39c4a1cc4f2e70b3fbb,1638738000,2.4931640625,2.58203125,5.44140625,PASS,timing_c11_b06_dual_token,True
c11_b06,11,6,2,"type_fix,dual_token,hybrid",hybrid,checker,3840,2160,16,0,18,2d3d6be11ce1bf83660c4faf1412661bbfdf072e47bae39c4a1cc4f2e70b3fbb,1635485000,2.4931640625,2.58203125,5.44140625,PASS,timing_c11_b06_hybrid,True
c00_b07,0,7,0,"dual_token,hybrid,type_fix",dual_token,waves,1920,1080,2,0,18,5b240bade583b6108c28e7111a10ab6e4344840f2037644f17398993f180e001,116031000,2.3369140625,2.5458984375,5.39453125,PASS,timing_c00_b07_dual_token,True
c00_b07,0,7,1,"dual_token,hybrid,type_fix",hybrid,waves,1920,1080,2,0,18,5b240bade583b6108c28e7111a10ab6e4344840f2037644f17398993f180e001,101076000,2.3369140625,2.5458984375,5.39453125,PASS,timing_c00_b07_hybrid,True
c00_b07,0,7,2,"dual_token,hybrid,type_fix",type_fix,waves,1920,1080,2,0,18,5b240bade583b6108c28e7111a10ab6e4344840f2037644f17398993f180e001,99103000,2.3369140625,2.5458984375,5.39453125,PASS,timing_c00_b07_type_fix,True
c03_b07,3,7,0,"type_fix,hybrid,dual_token",type_fix,waves,3840,2160,2,0,18,7043f1c7f5acb5e07e6a59ab9b785b85a1816f7dc06a2f9139765c0065bd686f,401430000,2.3369140625,2.5458984375,5.39453125,PASS,timing_c03_b07_type_fix,True
c03_b07,3,7,1,"type_fix,hybrid,dual_token",hybrid,waves,3840,2160,2,0,18,7043f1c7f5acb5e07e6a59ab9b785b85a1816f7dc06a2f9139765c0065bd686f,383124000,2.3369140625,2.5458984375,5.39453125,PASS,timing_c03_b07_hybrid,True
c03_b07,3,7,2,"type_fix,hybrid,dual_token",dual_token,waves,3840,2160,2,0,18,7043f1c7f5acb5e07e6a59ab9b785b85a1816f7dc06a2f9139765c0065bd686f,387933000,2.3369140625,2.5458984375,5.39453125,PASS,timing_c03_b07_dual_token,True
c17_b07,17,7,0,"type_fix,hybrid,dual_token",type_fix,texture,3840,2160,16,0,18,2aec47e05c3b8514915af2cb0d4b3f43878b8a0bff9e8cfe4cb501c3a509f061,2043093000,2.3896484375,2.55322265625,5.38037109375,PASS,timing_c17_b07_type_fix,True
c17_b07,17,7,1,"type_fix,hybrid,dual_token",hybrid,texture,3840,2160,16,0,18,2aec47e05c3b8514915af2cb0d4b3f43878b8a0bff9e8cfe4cb501c3a509f061,2024754000,2.3896484375,2.55322265625,5.38037109375,PASS,timing_c17_b07_hybrid,True
c17_b07,17,7,2,"type_fix,hybrid,dual_token",dual_token,texture,3840,2160,16,0,18,2aec47e05c3b8514915af2cb0d4b3f43878b8a0bff9e8cfe4cb501c3a509f061,2027409000,2.3896484375,2.55322265625,5.38037109375,PASS,timing_c17_b07_dual_token,True
c12_b07,12,7,0,"dual_token,type_fix,hybrid",dual_token,texture,1920,1080,2,0,18,c08ef6260ad5c1e5e0e17e67132a1af330ac18ed3580cbf26d5403f2fa01d102,553218000,2.3232421875,2.5341796875,5.34033203125,PASS,timing_c12_b07_dual_token,True
c12_b07,12,7,1,"dual_token,type_fix,hybrid",type_fix,texture,1920,1080,2,0,18,c08ef6260ad5c1e5e0e17e67132a1af330ac18ed3580cbf26d5403f2fa01d102,533291000,2.3232421875,2.5341796875,5.34033203125,PASS,timing_c12_b07_type_fix,True
c12_b07,12,7,2,"dual_token,type_fix,hybrid",hybrid,texture,1920,1080,2,0,18,c08ef6260ad5c1e5e0e17e67132a1af330ac18ed3580cbf26d5403f2fa01d102,538113000,2.3232421875,2.5341796875,5.34033203125,PASS,timing_c12_b07_hybrid,True
c07_b07,7,7,0,"dual_token,hybrid,type_fix",dual_token,checker,1920,1080,8,0,18,0831d2c97efdf0a5debc5f95e271f976cda71c92becc1b043e09c63df573fdb7,440846000,2.3232421875,2.5341796875,5.34033203125,PASS,timing_c07_b07_dual_token,True
c07_b07,7,7,1,"dual_token,hybrid,type_fix",hybrid,checker,1920,1080,8,0,18,0831d2c97efdf0a5debc5f95e271f976cda71c92becc1b043e09c63df573fdb7,423092000,2.3232421875,2.5341796875,5.34033203125,PASS,timing_c07_b07_hybrid,True
c07_b07,7,7,2,"dual_token,hybrid,type_fix",type_fix,checker,1920,1080,8,0,18,0831d2c97efdf0a5debc5f95e271f976cda71c92becc1b043e09c63df573fdb7,421628000,2.3232421875,2.5341796875,5.34033203125,PASS,timing_c07_b07_type_fix,True
c14_b07,14,7,0,"type_fix,hybrid,dual_token",type_fix,texture,1920,1080,16,0,18,c08ef6260ad5c1e5e0e17e67132a1af330ac18ed3580cbf26d5403f2fa01d102,529796000,2.45703125,2.55810546875,5.33203125,PASS,timing_c14_b07_type_fix,True
c14_b07,14,7,1,"type_fix,hybrid,dual_token",hybrid,texture,1920,1080,16,0,18,c08ef6260ad5c1e5e0e17e67132a1af330ac18ed3580cbf26d5403f2fa01d102,513039000,2.45703125,2.55810546875,5.33203125,PASS,timing_c14_b07_hybrid,True
c14_b07,14,7,2,"type_fix,hybrid,dual_token",dual_token,texture,1920,1080,16,0,18,c08ef6260ad5c1e5e0e17e67132a1af330ac18ed3580cbf26d5403f2fa01d102,512530000,2.45703125,2.55810546875,5.33203125,PASS,timing_c14_b07_dual_token,True
c09_b07,9,7,0,"dual_token,type_fix,hybrid",dual_token,checker,3840,2160,2,0,18,2d3d6be11ce1bf83660c4faf1412661bbfdf072e47bae39c4a1cc4f2e70b3fbb,1893791000,2.34033203125,2.5322265625,5.306640625,PASS,timing_c09_b07_dual_token,True
c09_b07,9,7,1,"dual_token,type_fix,hybrid",type_fix,checker,3840,2160,2,0,18,2d3d6be11ce1bf83660c4faf1412661bbfdf072e47bae39c4a1cc4f2e70b3fbb,1872308000,2.34033203125,2.5322265625,5.306640625,PASS,timing_c09_b07_type_fix,True
c09_b07,9,7,2,"dual_token,type_fix,hybrid",hybrid,checker,3840,2160,2,0,18,2d3d6be11ce1bf83660c4faf1412661bbfdf072e47bae39c4a1cc4f2e70b3fbb,1876937000,2.34033203125,2.5322265625,5.306640625,PASS,timing_c09_b07_hybrid,True
c05_b07,5,7,0,"hybrid,type_fix,dual_token",hybrid,waves,3840,2160,16,0,18,7043f1c7f5acb5e07e6a59ab9b785b85a1816f7dc06a2f9139765c0065bd686f,238328000,2.47314453125,2.55615234375,5.298828125,PASS,timing_c05_b07_hybrid,True
c05_b07,5,7,1,"hybrid,type_fix,dual_token",type_fix,waves,3840,2160,16,0,18,7043f1c7f5acb5e07e6a59ab9b785b85a1816f7dc06a2f9139765c0065bd686f,222482000,2.47314453125,2.55615234375,5.298828125,PASS,timing_c05_b07_type_fix,True
c05_b07,5,7,2,"hybrid,type_fix,dual_token",dual_token,waves,3840,2160,16,0,18,7043f1c7f5acb5e07e6a59ab9b785b85a1816f7dc06a2f9139765c0065bd686f,222751000,2.47314453125,2.55615234375,5.298828125,PASS,timing_c05_b07_dual_token,True
c06_b07,6,7,0,"hybrid,type_fix,dual_token",hybrid,checker,1920,1080,2,0,18,0831d2c97efdf0a5debc5f95e271f976cda71c92becc1b043e09c63df573fdb7,496766000,2.51513671875,2.5634765625,5.28515625,PASS,timing_c06_b07_hybrid,True
c06_b07,6,7,1,"hybrid,type_fix,dual_token",type_fix,checker,1920,1080,2,0,18,0831d2c97efdf0a5debc5f95e271f976cda71c92becc1b043e09c63df573fdb7,478208000,2.51513671875,2.5634765625,5.28515625,PASS,timing_c06_b07_type_fix,True
c06_b07,6,7,2,"hybrid,type_fix,dual_token",dual_token,checker,1920,1080,2,0,18,0831d2c97efdf0a5debc5f95e271f976cda71c92becc1b043e09c63df573fdb7,483787000,2.51513671875,2.5634765625,5.28515625,PASS,timing_c06_b07_dual_token,True
c04_b07,4,7,0,"dual_token,type_fix,hybrid",dual_token,waves,3840,2160,8,0,18,7043f1c7f5acb5e07e6a59ab9b785b85a1816f7dc06a2f9139765c0065bd686f,247657000,2.3935546875,2.537109375,5.259765625,PASS,timing_c04_b07_dual_token,True
c04_b07,4,7,1,"dual_token,type_fix,hybrid",type_fix,waves,3840,2160,8,0,18,7043f1c7f5acb5e07e6a59ab9b785b85a1816f7dc06a2f9139765c0065bd686f,232473000,2.3935546875,2.537109375,5.259765625,PASS,timing_c04_b07_type_fix,True
c04_b07,4,7,2,"dual_token,type_fix,hybrid",hybrid,waves,3840,2160,8,0,18,7043f1c7f5acb5e07e6a59ab9b785b85a1816f7dc06a2f9139765c0065bd686f,228826000,2.3935546875,2.537109375,5.259765625,PASS,timing_c04_b07_hybrid,True
c10_b07,10,7,0,"hybrid,type_fix,dual_token",hybrid,checker,3840,2160,8,0,18,2d3d6be11ce1bf83660c4faf1412661bbfdf072e47bae39c4a1cc4f2e70b3fbb,1657136000,2.3935546875,2.537109375,5.259765625,PASS,timing_c10_b07_hybrid,True
c10_b07,10,7,1,"hybrid,type_fix,dual_token",type_fix,checker,3840,2160,8,0,18,2d3d6be11ce1bf83660c4faf1412661bbfdf072e47bae39c4a1cc4f2e70b3fbb,1639412000,2.3935546875,2.537109375,5.259765625,PASS,timing_c10_b07_type_fix,True
c10_b07,10,7,2,"hybrid,type_fix,dual_token",dual_token,checker,3840,2160,8,0,18,2d3d6be11ce1bf83660c4faf1412661bbfdf072e47bae39c4a1cc4f2e70b3fbb,1648130000,2.3935546875,2.537109375,5.259765625,PASS,timing_c10_b07_dual_token,True
c08_b07,8,7,0,"type_fix,hybrid,dual_token",type_fix,checker,1920,1080,16,0,18,0831d2c97efdf0a5debc5f95e271f976cda71c92becc1b043e09c63df573fdb7,438108000,2.4990234375,2.55224609375,5.23291015625,PASS,timing_c08_b07_type_fix,True
c08_b07,8,7,1,"type_fix,hybrid,dual_token",hybrid,checker,1920,1080,16,0,18,0831d2c97efdf0a5debc5f95e271f976cda71c92becc1b043e09c63df573fdb7,421574000,2.4990234375,2.55224609375,5.23291015625,PASS,timing_c08_b07_hybrid,True
c08_b07,8,7,2,"type_fix,hybrid,dual_token",dual_token,checker,1920,1080,16,0,18,0831d2c97efdf0a5debc5f95e271f976cda71c92becc1b043e09c63df573fdb7,422731000,2.4990234375,2.55224609375,5.23291015625,PASS,timing_c08_b07_dual_token,True
c16_b07,16,7,0,"dual_token,hybrid,type_fix",dual_token,texture,3840,2160,8,0,18,2aec47e05c3b8514915af2cb0d4b3f43878b8a0bff9e8cfe4cb501c3a509f061,2048841000,2.37890625,2.5263671875,5.2080078125,PASS,timing_c16_b07_dual_token,True
c16_b07,16,7,1,"dual_token,hybrid,type_fix",hybrid,texture,3840,2160,8,0,18,2aec47e05c3b8514915af2cb0d4b3f43878b8a0bff9e8cfe4cb501c3a509f061,2027492000,2.37890625,2.5263671875,5.2080078125,PASS,timing_c16_b07_hybrid,True
c16_b07,16,7,2,"dual_token,hybrid,type_fix",type_fix,texture,3840,2160,8,0,18,2aec47e05c3b8514915af2cb0d4b3f43878b8a0bff9e8cfe4cb501c3a509f061,2024217000,2.37890625,2.5263671875,5.2080078125,PASS,timing_c16_b07_type_fix,True
c01_b07,1,7,0,"type_fix,hybrid,dual_token",type_fix,waves,1920,1080,8,0,18,5b240bade583b6108c28e7111a10ab6e4344840f2037644f17398993f180e001,79041000,2.42822265625,2.5341796875,5.19482421875,PASS,timing_c01_b07_type_fix,True
c01_b07,1,7,1,"type_fix,hybrid,dual_token",hybrid,waves,1920,1080,8,0,18,5b240bade583b6108c28e7111a10ab6e4344840f2037644f17398993f180e001,64719000,2.42822265625,2.5341796875,5.19482421875,PASS,timing_c01_b07_hybrid,True
c01_b07,1,7,2,"type_fix,hybrid,dual_token",dual_token,waves,1920,1080,8,0,18,5b240bade583b6108c28e7111a10ab6e4344840f2037644f17398993f180e001,64677000,2.42822265625,2.5341796875,5.19482421875,PASS,timing_c01_b07_dual_token,True
c02_b07,2,7,0,"type_fix,dual_token,hybrid",type_fix,waves,1920,1080,16,0,18,5b240bade583b6108c28e7111a10ab6e4344840f2037644f17398993f180e001,78227000,2.5537109375,2.55810546875,5.1875,PASS,timing_c02_b07_type_fix,True
c02_b07,2,7,1,"type_fix,dual_token,hybrid",dual_token,waves,1920,1080,16,0,18,5b240bade583b6108c28e7111a10ab6e4344840f2037644f17398993f180e001,63593000,2.5537109375,2.55810546875,5.1875,PASS,timing_c02_b07_dual_token,True
c02_b07,2,7,2,"type_fix,dual_token,hybrid",hybrid,waves,1920,1080,16,0,18,5b240bade583b6108c28e7111a10ab6e4344840f2037644f17398993f180e001,65101000,2.5537109375,2.55810546875,5.1875,PASS,timing_c02_b07_hybrid,True
c11_b07,11,7,0,"type_fix,hybrid,dual_token",type_fix,checker,3840,2160,16,0,18,2d3d6be11ce1bf83660c4faf1412661bbfdf072e47bae39c4a1cc4f2e70b3fbb,1651375000,2.5537109375,2.55810546875,5.1875,PASS,timing_c11_b07_type_fix,True
c11_b07,11,7,1,"type_fix,hybrid,dual_token",hybrid,checker,3840,2160,16,0,18,2d3d6be11ce1bf83660c4faf1412661bbfdf072e47bae39c4a1cc4f2e70b3fbb,1635264000,2.5537109375,2.55810546875,5.1875,PASS,timing_c11_b07_hybrid,True
c11_b07,11,7,2,"type_fix,hybrid,dual_token",dual_token,checker,3840,2160,16,0,18,2d3d6be11ce1bf83660c4faf1412661bbfdf072e47bae39c4a1cc4f2e70b3fbb,1638448000,2.5537109375,2.55810546875,5.1875,PASS,timing_c11_b07_dual_token,True
c15_b07,15,7,0,"dual_token,hybrid,type_fix",dual_token,texture,3840,2160,2,0,18,2aec47e05c3b8514915af2cb0d4b3f43878b8a0bff9e8cfe4cb501c3a509f061,2142005000,2.54833984375,2.55615234375,5.1552734375,PASS,timing_c15_b07_dual_token,True
c15_b07,15,7,1,"dual_token,hybrid,type_fix",hybrid,texture,3840,2160,2,0,18,2aec47e05c3b8514915af2cb0d4b3f43878b8a0bff9e8cfe4cb501c3a509f061,2127849000,2.54833984375,2.55615234375,5.1552734375,PASS,timing_c15_b07_hybrid,True
c15_b07,15,7,2,"dual_token,hybrid,type_fix",type_fix,texture,3840,2160,2,0,18,2aec47e05c3b8514915af2cb0d4b3f43878b8a0bff9e8cfe4cb501c3a509f061,2119010000,2.54833984375,2.55615234375,5.1552734375,PASS,timing_c15_b07_type_fix,True
c13_b07,13,7,0,"dual_token,type_fix,hybrid",dual_token,texture,1920,1080,8,0,18,c08ef6260ad5c1e5e0e17e67132a1af330ac18ed3580cbf26d5403f2fa01d102,531003000,2.53125,2.5537109375,5.1240234375,PASS,timing_c13_b07_dual_token,True
c13_b07,13,7,1,"dual_token,type_fix,hybrid",type_fix,texture,1920,1080,8,0,18,c08ef6260ad5c1e5e0e17e67132a1af330ac18ed3580cbf26d5403f2fa01d102,512997000,2.53125,2.5537109375,5.1240234375,PASS,timing_c13_b07_type_fix,True
c13_b07,13,7,2,"dual_token,type_fix,hybrid",hybrid,texture,1920,1080,8,0,18,c08ef6260ad5c1e5e0e17e67132a1af330ac18ed3580cbf26d5403f2fa01d102,515475000,2.53125,2.5537109375,5.1240234375,PASS,timing_c13_b07_hybrid,True
c06_b08,6,8,0,"hybrid,dual_token,type_fix",hybrid,checker,1920,1080,2,0,18,0831d2c97efdf0a5debc5f95e271f976cda71c92becc1b043e09c63df573fdb7,498667000,2.53125,2.5537109375,5.1240234375,PASS,timing_c06_b08_hybrid,True
c06_b08,6,8,1,"hybrid,dual_token,type_fix",dual_token,checker,1920,1080,2,0,18,0831d2c97efdf0a5debc5f95e271f976cda71c92becc1b043e09c63df573fdb7,491978000,2.53125,2.5537109375,5.1240234375,PASS,timing_c06_b08_dual_token,True
c06_b08,6,8,2,"hybrid,dual_token,type_fix",type_fix,checker,1920,1080,2,0,18,0831d2c97efdf0a5debc5f95e271f976cda71c92becc1b043e09c63df573fdb7,480157000,2.53125,2.5537109375,5.1240234375,PASS,timing_c06_b08_type_fix,True
c14_b08,14,8,0,"hybrid,type_fix,dual_token",hybrid,texture,1920,1080,16,0,18,c08ef6260ad5c1e5e0e17e67132a1af330ac18ed3580cbf26d5403f2fa01d102,532034000,2.48828125,2.54443359375,5.10546875,PASS,timing_c14_b08_hybrid,True
c14_b08,14,8,1,"hybrid,type_fix,dual_token",type_fix,texture,1920,1080,16,0,18,c08ef6260ad5c1e5e0e17e67132a1af330ac18ed3580cbf26d5403f2fa01d102,513123000,2.48828125,2.54443359375,5.10546875,PASS,timing_c14_b08_type_fix,True
c14_b08,14,8,2,"hybrid,type_fix,dual_token",dual_token,texture,1920,1080,16,0,18,c08ef6260ad5c1e5e0e17e67132a1af330ac18ed3580cbf26d5403f2fa01d102,512597000,2.48828125,2.54443359375,5.10546875,PASS,timing_c14_b08_dual_token,True
c04_b08,4,8,0,"hybrid,type_fix,dual_token",hybrid,waves,3840,2160,8,0,18,7043f1c7f5acb5e07e6a59ab9b785b85a1816f7dc06a2f9139765c0065bd686f,247062000,2.68896484375,2.5849609375,5.1044921875,PASS,timing_c04_b08_hybrid,True
c04_b08,4,8,1,"hybrid,type_fix,dual_token",type_fix,waves,3840,2160,8,0,18,7043f1c7f5acb5e07e6a59ab9b785b85a1816f7dc06a2f9139765c0065bd686f,231183000,2.68896484375,2.5849609375,5.1044921875,PASS,timing_c04_b08_type_fix,True
c04_b08,4,8,2,"hybrid,type_fix,dual_token",dual_token,waves,3840,2160,8,0,18,7043f1c7f5acb5e07e6a59ab9b785b85a1816f7dc06a2f9139765c0065bd686f,230020000,2.68896484375,2.5849609375,5.1044921875,PASS,timing_c04_b08_dual_token,True
c11_b08,11,8,0,"dual_token,type_fix,hybrid",dual_token,checker,3840,2160,16,0,18,2d3d6be11ce1bf83660c4faf1412661bbfdf072e47bae39c4a1cc4f2e70b3fbb,1657011000,2.5537109375,2.55859375,5.080078125,PASS,timing_c11_b08_dual_token,True
c11_b08,11,8,1,"dual_token,type_fix,hybrid",type_fix,checker,3840,2160,16,0,18,2d3d6be11ce1bf83660c4faf1412661bbfdf072e47bae39c4a1cc4f2e70b3fbb,1629820000,2.5537109375,2.55859375,5.080078125,PASS,timing_c11_b08_type_fix,True
c11_b08,11,8,2,"dual_token,type_fix,hybrid",hybrid,checker,3840,2160,16,0,18,2d3d6be11ce1bf83660c4faf1412661bbfdf072e47bae39c4a1cc4f2e70b3fbb,1637654000,2.5537109375,2.55859375,5.080078125,PASS,timing_c11_b08_hybrid,True
c03_b08,3,8,0,"dual_token,type_fix,hybrid",dual_token,waves,3840,2160,2,0,18,7043f1c7f5acb5e07e6a59ab9b785b85a1816f7dc06a2f9139765c0065bd686f,406971000,2.66943359375,2.58251953125,5.07373046875,PASS,timing_c03_b08_dual_token,True
c03_b08,3,8,1,"dual_token,type_fix,hybrid",type_fix,waves,3840,2160,2,0,18,7043f1c7f5acb5e07e6a59ab9b785b85a1816f7dc06a2f9139765c0065bd686f,384960000,2.66943359375,2.58251953125,5.07373046875,PASS,timing_c03_b08_type_fix,True
c03_b08,3,8,2,"dual_token,type_fix,hybrid",hybrid,waves,3840,2160,2,0,18,7043f1c7f5acb5e07e6a59ab9b785b85a1816f7dc06a2f9139765c0065bd686f,387764000,2.66943359375,2.58251953125,5.07373046875,PASS,timing_c03_b08_hybrid,True
c13_b08,13,8,0,"dual_token,hybrid,type_fix",dual_token,texture,1920,1080,8,0,18,c08ef6260ad5c1e5e0e17e67132a1af330ac18ed3580cbf26d5403f2fa01d102,531653000,2.45556640625,2.53955078125,5.0439453125,PASS,timing_c13_b08_dual_token,True
c13_b08,13,8,1,"dual_token,hybrid,type_fix",hybrid,texture,1920,1080,8,0,18,c08ef6260ad5c1e5e0e17e67132a1af330ac18ed3580cbf26d5403f2fa01d102,515706000,2.45556640625,2.53955078125,5.0439453125,PASS,timing_c13_b08_hybrid,True
c13_b08,13,8,2,"dual_token,hybrid,type_fix",type_fix,texture,1920,1080,8,0,18,c08ef6260ad5c1e5e0e17e67132a1af330ac18ed3580cbf26d5403f2fa01d102,510632000,2.45556640625,2.53955078125,5.0439453125,PASS,timing_c13_b08_type_fix,True
c17_b08,17,8,0,"dual_token,hybrid,type_fix",dual_token,texture,3840,2160,16,0,18,2aec47e05c3b8514915af2cb0d4b3f43878b8a0bff9e8cfe4cb501c3a509f061,2045581000,2.2587890625,2.4970703125,5.01416015625,PASS,timing_c17_b08_dual_token,True
c17_b08,17,8,1,"dual_token,hybrid,type_fix",hybrid,texture,3840,2160,16,0,18,2aec47e05c3b8514915af2cb0d4b3f43878b8a0bff9e8cfe4cb501c3a509f061,2032361000,2.2587890625,2.4970703125,5.01416015625,PASS,timing_c17_b08_hybrid,True
c17_b08,17,8,2,"dual_token,hybrid,type_fix",type_fix,texture,3840,2160,16,0,18,2aec47e05c3b8514915af2cb0d4b3f43878b8a0bff9e8cfe4cb501c3a509f061,2024974000,2.2587890625,2.4970703125,5.01416015625,PASS,timing_c17_b08_type_fix,True
c12_b08,12,8,0,"hybrid,type_fix,dual_token",hybrid,texture,1920,1080,2,0,18,c08ef6260ad5c1e5e0e17e67132a1af330ac18ed3580cbf26d5403f2fa01d102,557200000,2.23779296875,2.48876953125,4.99609375,PASS,timing_c12_b08_hybrid,True
c12_b08,12,8,1,"hybrid,type_fix,dual_token",type_fix,texture,1920,1080,2,0,18,c08ef6260ad5c1e5e0e17e67132a1af330ac18ed3580cbf26d5403f2fa01d102,534226000,2.23779296875,2.48876953125,4.99609375,PASS,timing_c12_b08_type_fix,True
c12_b08,12,8,2,"hybrid,type_fix,dual_token",dual_token,texture,1920,1080,2,0,18,c08ef6260ad5c1e5e0e17e67132a1af330ac18ed3580cbf26d5403f2fa01d102,544874000,2.23779296875,2.48876953125,4.99609375,PASS,timing_c12_b08_dual_token,True
c09_b08,9,8,0,"type_fix,dual_token,hybrid",type_fix,checker,3840,2160,2,0,18,2d3d6be11ce1bf83660c4faf1412661bbfdf072e47bae39c4a1cc4f2e70b3fbb,1891045000,2.298828125,2.4970703125,4.984375,PASS,timing_c09_b08_type_fix,True
c09_b08,9,8,1,"type_fix,dual_token,hybrid",dual_token,checker,3840,2160,2,0,18,2d3d6be11ce1bf83660c4faf1412661bbfdf072e47bae39c4a1cc4f2e70b3fbb,1886970000,2.298828125,2.4970703125,4.984375,PASS,timing_c09_b08_dual_token,True
c09_b08,9,8,2,"type_fix,dual_token,hybrid",hybrid,checker,3840,2160,2,0,18,2d3d6be11ce1bf83660c4faf1412661bbfdf072e47bae39c4a1cc4f2e70b3fbb,1881014000,2.298828125,2.4970703125,4.984375,PASS,timing_c09_b08_hybrid,True
c02_b08,2,8,0,"dual_token,hybrid,type_fix",dual_token,waves,1920,1080,16,0,18,5b240bade583b6108c28e7111a10ab6e4344840f2037644f17398993f180e001,79494000,2.3193359375,2.49658203125,4.955078125,PASS,timing_c02_b08_dual_token,True
c02_b08,2,8,1,"dual_token,hybrid,type_fix",hybrid,waves,1920,1080,16,0,18,5b240bade583b6108c28e7111a10ab6e4344840f2037644f17398993f180e001,63472000,2.3193359375,2.49658203125,4.955078125,PASS,timing_c02_b08_hybrid,True
c02_b08,2,8,2,"dual_token,hybrid,type_fix",type_fix,waves,1920,1080,16,0,18,5b240bade583b6108c28e7111a10ab6e4344840f2037644f17398993f180e001,64324000,2.3193359375,2.49658203125,4.955078125,PASS,timing_c02_b08_type_fix,True
c05_b08,5,8,0,"type_fix,dual_token,hybrid",type_fix,waves,3840,2160,16,0,18,7043f1c7f5acb5e07e6a59ab9b785b85a1816f7dc06a2f9139765c0065bd686f,238874000,2.3193359375,2.49658203125,4.955078125,PASS,timing_c05_b08_type_fix,True
c05_b08,5,8,1,"type_fix,dual_token,hybrid",dual_token,waves,3840,2160,16,0,18,7043f1c7f5acb5e07e6a59ab9b785b85a1816f7dc06a2f9139765c0065bd686f,221813000,2.3193359375,2.49658203125,4.955078125,PASS,timing_c05_b08_dual_token,True
c05_b08,5,8,2,"type_fix,dual_token,hybrid",hybrid,waves,3840,2160,16,0,18,7043f1c7f5acb5e07e6a59ab9b785b85a1816f7dc06a2f9139765c0065bd686f,222082000,2.3193359375,2.49658203125,4.955078125,PASS,timing_c05_b08_hybrid,True
c07_b08,7,8,0,"hybrid,type_fix,dual_token",hybrid,checker,1920,1080,8,0,18,0831d2c97efdf0a5debc5f95e271f976cda71c92becc1b043e09c63df573fdb7,442218000,2.29345703125,2.48828125,4.9375,PASS,timing_c07_b08_hybrid,True
c07_b08,7,8,1,"hybrid,type_fix,dual_token",type_fix,checker,1920,1080,8,0,18,0831d2c97efdf0a5debc5f95e271f976cda71c92becc1b043e09c63df573fdb7,420275000,2.29345703125,2.48828125,4.9375,PASS,timing_c07_b08_type_fix,True
c07_b08,7,8,2,"hybrid,type_fix,dual_token",dual_token,checker,1920,1080,8,0,18,0831d2c97efdf0a5debc5f95e271f976cda71c92becc1b043e09c63df573fdb7,426313000,2.29345703125,2.48828125,4.9375,PASS,timing_c07_b08_dual_token,True
c00_b08,0,8,0,"type_fix,hybrid,dual_token",type_fix,waves,1920,1080,2,0,18,5b240bade583b6108c28e7111a10ab6e4344840f2037644f17398993f180e001,116961000,2.4296875,2.51318359375,4.931640625,PASS,timing_c00_b08_type_fix,True
c00_b08,0,8,1,"type_fix,hybrid,dual_token",hybrid,waves,1920,1080,2,0,18,5b240bade583b6108c28e7111a10ab6e4344840f2037644f17398993f180e001,102140000,2.4296875,2.51318359375,4.931640625,PASS,timing_c00_b08_hybrid,True
c00_b08,0,8,2,"type_fix,hybrid,dual_token",dual_token,waves,1920,1080,2,0,18,5b240bade583b6108c28e7111a10ab6e4344840f2037644f17398993f180e001,99001000,2.4296875,2.51318359375,4.931640625,PASS,timing_c00_b08_dual_token,True
c15_b08,15,8,0,"hybrid,type_fix,dual_token",hybrid,texture,3840,2160,2,0,18,2aec47e05c3b8514915af2cb0d4b3f43878b8a0bff9e8cfe4cb501c3a509f061,2137342000,2.4296875,2.51318359375,4.931640625,PASS,timing_c15_b08_hybrid,True
c15_b08,15,8,1,"hybrid,type_fix,dual_token",type_fix,texture,3840,2160,2,0,18,2aec47e05c3b8514915af2cb0d4b3f43878b8a0bff9e8cfe4cb501c3a509f061,2114833000,2.4296875,2.51318359375,4.931640625,PASS,timing_c15_b08_type_fix,True
c15_b08,15,8,2,"hybrid,type_fix,dual_token",dual_token,texture,3840,2160,2,0,18,2aec47e05c3b8514915af2cb0d4b3f43878b8a0bff9e8cfe4cb501c3a509f061,2124212000,2.4296875,2.51318359375,4.931640625,PASS,timing_c15_b08_dual_token,True
c10_b08,10,8,0,"dual_token,type_fix,hybrid",dual_token,checker,3840,2160,8,0,18,2d3d6be11ce1bf83660c4faf1412661bbfdf072e47bae39c4a1cc4f2e70b3fbb,1665832000,2.35693359375,2.49560546875,4.896484375,PASS,timing_c10_b08_dual_token,True
c10_b08,10,8,1,"dual_token,type_fix,hybrid",type_fix,checker,3840,2160,8,0,18,2d3d6be11ce1bf83660c4faf1412661bbfdf072e47bae39c4a1cc4f2e70b3fbb,1633391000,2.35693359375,2.49560546875,4.896484375,PASS,timing_c10_b08_type_fix,True
c10_b08,10,8,2,"dual_token,type_fix,hybrid",hybrid,checker,3840,2160,8,0,18,2d3d6be11ce1bf83660c4faf1412661bbfdf072e47bae39c4a1cc4f2e70b3fbb,1641033000,2.35693359375,2.49560546875,4.896484375,PASS,timing_c10_b08_hybrid,True
c01_b08,1,8,0,"type_fix,dual_token,hybrid",type_fix,waves,1920,1080,8,0,18,5b240bade583b6108c28e7111a10ab6e4344840f2037644f17398993f180e001,72144000,2.48828125,2.5205078125,4.89111328125,PASS,timing_c01_b08_type_fix,True
c01_b08,1,8,1,"type_fix,dual_token,hybrid",dual_token,waves,1920,1080,8,0,18,5b240bade583b6108c28e7111a10ab6e4344840f2037644f17398993f180e001,64923000,2.48828125,2.5205078125,4.89111328125,PASS,timing_c01_b08_dual_token,True
c01_b08,1,8,2,"type_fix,dual_token,hybrid",hybrid,waves,1920,1080,8,0,18,5b240bade583b6108c28e7111a10ab6e4344840f2037644f17398993f180e001,65436000,2.48828125,2.5205078125,4.89111328125,PASS,timing_c01_b08_hybrid,True
c08_b08,8,8,0,"hybrid,dual_token,type_fix",hybrid,checker,1920,1080,16,0,18,0831d2c97efdf0a5debc5f95e271f976cda71c92becc1b043e09c63df573fdb7,438423000,2.36865234375,2.4951171875,4.8681640625,PASS,timing_c08_b08_hybrid,True
c08_b08,8,8,1,"hybrid,dual_token,type_fix",dual_token,checker,1920,1080,16,0,18,0831d2c97efdf0a5debc5f95e271f976cda71c92becc1b043e09c63df573fdb7,421571000,2.36865234375,2.4951171875,4.8681640625,PASS,timing_c08_b08_dual_token,True
c08_b08,8,8,2,"hybrid,dual_token,type_fix",type_fix,checker,1920,1080,16,0,18,0831d2c97efdf0a5debc5f95e271f976cda71c92becc1b043e09c63df573fdb7,421820000,2.36865234375,2.4951171875,4.8681640625,PASS,timing_c08_b08_type_fix,True
c16_b08,16,8,0,"type_fix,hybrid,dual_token",type_fix,texture,3840,2160,8,0,18,2aec47e05c3b8514915af2cb0d4b3f43878b8a0bff9e8cfe4cb501c3a509f061,2040314000,2.2587890625,2.47021484375,4.84521484375,PASS,timing_c16_b08_type_fix,True
c16_b08,16,8,1,"type_fix,hybrid,dual_token",hybrid,texture,3840,2160,8,0,18,2aec47e05c3b8514915af2cb0d4b3f43878b8a0bff9e8cfe4cb501c3a509f061,2028854000,2.2587890625,2.47021484375,4.84521484375,PASS,timing_c16_b08_hybrid,True
c16_b08,16,8,2,"type_fix,hybrid,dual_token",dual_token,texture,3840,2160,8,0,18,2aec47e05c3b8514915af2cb0d4b3f43878b8a0bff9e8cfe4cb501c3a509f061,2033967000,2.2587890625,2.47021484375,4.84521484375,PASS,timing_c16_b08_dual_token,True
c04_b09,4,9,0,"type_fix,hybrid,dual_token",type_fix,waves,3840,2160,8,0,18,7043f1c7f5acb5e07e6a59ab9b785b85a1816f7dc06a2f9139765c0065bd686f,245649000,2.31787109375,2.47900390625,4.833984375,PASS,timing_c04_b09_type_fix,True
c04_b09,4,9,1,"type_fix,hybrid,dual_token",hybrid,waves,3840,2160,8,0,18,7043f1c7f5acb5e07e6a59ab9b785b85a1816f7dc06a2f9139765c0065bd686f,231474000,2.31787109375,2.47900390625,4.833984375,PASS,timing_c04_b09_hybrid,True
c04_b09,4,9,2,"type_fix,hybrid,dual_token",dual_token,waves,3840,2160,8,0,18,7043f1c7f5acb5e07e6a59ab9b785b85a1816f7dc06a2f9139765c0065bd686f,231176000,2.31787109375,2.47900390625,4.833984375,PASS,timing_c04_b09_dual_token,True
c11_b09,11,9,0,"hybrid,type_fix,dual_token",hybrid,checker,3840,2160,16,0,18,2d3d6be11ce1bf83660c4faf1412661bbfdf072e47bae39c4a1cc4f2e70b3fbb,1660420000,2.8525390625,2.5869140625,4.85791015625,PASS,timing_c11_b09_hybrid,True
c11_b09,11,9,1,"hybrid,type_fix,dual_token",type_fix,checker,3840,2160,16,0,18,2d3d6be11ce1bf83660c4faf1412661bbfdf072e47bae39c4a1cc4f2e70b3fbb,1635731000,2.8525390625,2.5869140625,4.85791015625,PASS,timing_c11_b09_type_fix,True
c11_b09,11,9,2,"hybrid,type_fix,dual_token",dual_token,checker,3840,2160,16,0,18,2d3d6be11ce1bf83660c4faf1412661bbfdf072e47bae39c4a1cc4f2e70b3fbb,1639995000,2.8525390625,2.5869140625,4.85791015625,PASS,timing_c11_b09_dual_token,True
c00_b09,0,9,0,"dual_token,type_fix,hybrid",dual_token,waves,1920,1080,2,0,18,5b240bade583b6108c28e7111a10ab6e4344840f2037644f17398993f180e001,117167000,2.8642578125,2.59375,4.8466796875,PASS,timing_c00_b09_dual_token,True
c00_b09,0,9,1,"dual_token,type_fix,hybrid",type_fix,waves,1920,1080,2,0,18,5b240bade583b6108c28e7111a10ab6e4344840f2037644f17398993f180e001,101748000,2.8642578125,2.59375,4.8466796875,PASS,timing_c00_b09_type_fix,True
c00_b09,0,9,2,"dual_token,type_fix,hybrid",hybrid,waves,1920,1080,2,0,18,5b240bade583b6108c28e7111a10ab6e4344840f2037644f17398993f180e001,102539000,2.8642578125,2.59375,4.8466796875,PASS,timing_c00_b09_hybrid,True
c12_b09,12,9,0,"hybrid,dual_token,type_fix",hybrid,texture,1920,1080,2,0,18,c08ef6260ad5c1e5e0e17e67132a1af330ac18ed3580cbf26d5403f2fa01d102,554127000,2.794921875,2.58349609375,4.82958984375,PASS,timing_c12_b09_hybrid,True
c12_b09,12,9,1,"hybrid,dual_token,type_fix",dual_token,texture,1920,1080,2,0,18,c08ef6260ad5c1e5e0e17e67132a1af330ac18ed3580cbf26d5403f2fa01d102,537067000,2.794921875,2.58349609375,4.82958984375,PASS,timing_c12_b09_dual_token,True
c12_b09,12,9,2,"hybrid,dual_token,type_fix",type_fix,texture,1920,1080,2,0,18,c08ef6260ad5c1e5e0e17e67132a1af330ac18ed3580cbf26d5403f2fa01d102,537570000,2.794921875,2.58349609375,4.82958984375,PASS,timing_c12_b09_type_fix,True
c17_b09,17,9,0,"hybrid,dual_token,type_fix",hybrid,texture,3840,2160,16,0,18,2aec47e05c3b8514915af2cb0d4b3f43878b8a0bff9e8cfe4cb501c3a509f061,2053115000,2.81103515625,2.59033203125,4.81884765625,PASS,timing_c17_b09_hybrid,True
c17_b09,17,9,1,"hybrid,dual_token,type_fix",dual_token,texture,3840,2160,16,0,18,2aec47e05c3b8514915af2cb0d4b3f43878b8a0bff9e8cfe4cb501c3a509f061,2032242000,2.81103515625,2.59033203125,4.81884765625,PASS,timing_c17_b09_dual_token,True
c17_b09,17,9,2,"hybrid,dual_token,type_fix",type_fix,texture,3840,2160,16,0,18,2aec47e05c3b8514915af2cb0d4b3f43878b8a0bff9e8cfe4cb501c3a509f061,2024080000,2.81103515625,2.59033203125,4.81884765625,PASS,timing_c17_b09_type_fix,True
c05_b09,5,9,0,"dual_token,type_fix,hybrid",dual_token,waves,3840,2160,16,0,18,7043f1c7f5acb5e07e6a59ab9b785b85a1816f7dc06a2f9139765c0065bd686f,240974000,2.90576171875,2.61328125,4.81396484375,PASS,timing_c05_b09_dual_token,True
c05_b09,5,9,1,"dual_token,type_fix,hybrid",type_fix,waves,3840,2160,16,0,18,7043f1c7f5acb5e07e6a59ab9b785b85a1816f7dc06a2f9139765c0065bd686f,224557000,2.90576171875,2.61328125,4.81396484375,PASS,timing_c05_b09_type_fix,True
c05_b09,5,9,2,"dual_token,type_fix,hybrid",hybrid,waves,3840,2160,16,0,18,7043f1c7f5acb5e07e6a59ab9b785b85a1816f7dc06a2f9139765c0065bd686f,222009000,2.90576171875,2.61328125,4.81396484375,PASS,timing_c05_b09_hybrid,True
c08_b09,8,9,0,"type_fix,dual_token,hybrid",type_fix,checker,1920,1080,16,0,18,0831d2c97efdf0a5debc5f95e271f976cda71c92becc1b043e09c63df573fdb7,437177000,2.7529296875,2.58642578125,4.79150390625,PASS,timing_c08_b09_type_fix,True
c08_b09,8,9,1,"type_fix,dual_token,hybrid",dual_token,checker,1920,1080,16,0,18,0831d2c97efdf0a5debc5f95e271f976cda71c92becc1b043e09c63df573fdb7,422376000,2.7529296875,2.58642578125,4.79150390625,PASS,timing_c08_b09_dual_token,True
c08_b09,8,9,2,"type_fix,dual_token,hybrid",hybrid,checker,1920,1080,16,0,18,0831d2c97efdf0a5debc5f95e271f976cda71c92becc1b043e09c63df573fdb7,423310000,2.7529296875,2.58642578125,4.79150390625,PASS,timing_c08_b09_hybrid,True
c02_b09,2,9,0,"dual_token,type_fix,hybrid",dual_token,waves,1920,1080,16,0,18,5b240bade583b6108c28e7111a10ab6e4344840f2037644f17398993f180e001,79151000,2.6123046875,2.56005859375,4.76904296875,PASS,timing_c02_b09_dual_token,True
c02_b09,2,9,1,"dual_token,type_fix,hybrid",type_fix,waves,1920,1080,16,0,18,5b240bade583b6108c28e7111a10ab6e4344840f2037644f17398993f180e001,63772000,2.6123046875,2.56005859375,4.76904296875,PASS,timing_c02_b09_type_fix,True
c02_b09,2,9,2,"dual_token,type_fix,hybrid",hybrid,waves,1920,1080,16,0,18,5b240bade583b6108c28e7111a10ab6e4344840f2037644f17398993f180e001,64775000,2.6123046875,2.56005859375,4.76904296875,PASS,timing_c02_b09_hybrid,True
c09_b09,9,9,0,"hybrid,dual_token,type_fix",hybrid,checker,3840,2160,2,0,18,2d3d6be11ce1bf83660c4faf1412661bbfdf072e47bae39c4a1cc4f2e70b3fbb,1891707000,2.6123046875,2.56005859375,4.76904296875,PASS,timing_c09_b09_hybrid,True
c09_b09,9,9,1,"hybrid,dual_token,type_fix",dual_token,checker,3840,2160,2,0,18,2d3d6be11ce1bf83660c4faf1412661bbfdf072e47bae39c4a1cc4f2e70b3fbb,1882377000,2.6123046875,2.56005859375,4.76904296875,PASS,timing_c09_b09_dual_token,True
c09_b09,9,9,2,"hybrid,dual_token,type_fix",type_fix,checker,3840,2160,2,0,18,2d3d6be11ce1bf83660c4faf1412661bbfdf072e47bae39c4a1cc4f2e70b3fbb,1870682000,2.6123046875,2.56005859375,4.76904296875,PASS,timing_c09_b09_type_fix,True
c07_b09,7,9,0,"dual_token,type_fix,hybrid",dual_token,checker,1920,1080,8,0,18,0831d2c97efdf0a5debc5f95e271f976cda71c92becc1b043e09c63df573fdb7,441543000,2.4375,2.5244140625,4.72998046875,PASS,timing_c07_b09_dual_token,True
c07_b09,7,9,1,"dual_token,type_fix,hybrid",type_fix,checker,1920,1080,8,0,18,0831d2c97efdf0a5debc5f95e271f976cda71c92becc1b043e09c63df573fdb7,420186000,2.4375,2.5244140625,4.72998046875,PASS,timing_c07_b09_type_fix,True
c07_b09,7,9,2,"dual_token,type_fix,hybrid",hybrid,checker,1920,1080,8,0,18,0831d2c97efdf0a5debc5f95e271f976cda71c92becc1b043e09c63df573fdb7,425035000,2.4375,2.5244140625,4.72998046875,PASS,timing_c07_b09_hybrid,True
c14_b09,14,9,0,"hybrid,dual_token,type_fix",hybrid,texture,1920,1080,16,0,18,c08ef6260ad5c1e5e0e17e67132a1af330ac18ed3580cbf26d5403f2fa01d102,533583000,2.40234375,2.515625,4.7138671875,PASS,timing_c14_b09_hybrid,True
c14_b09,14,9,1,"hybrid,dual_token,type_fix",dual_token,texture,1920,1080,16,0,18,c08ef6260ad5c1e5e0e17e67132a1af330ac18ed3580cbf26d5403f2fa01d102,515279000,2.40234375,2.515625,4.7138671875,PASS,timing_c14_b09_dual_token,True
c14_b09,14,9,2,"hybrid,dual_token,type_fix",type_fix,texture,1920,1080,16,0,18,c08ef6260ad5c1e5e0e17e67132a1af330ac18ed3580cbf26d5403f2fa01d102,510831000,2.40234375,2.515625,4.7138671875,PASS,timing_c14_b09_type_fix,True
c13_b09,13,9,0,"hybrid,dual_token,type_fix",hybrid,texture,1920,1080,8,0,18,c08ef6260ad5c1e5e0e17e67132a1af330ac18ed3580cbf26d5403f2fa01d102,533665000,2.40234375,2.515625,4.7138671875,PASS,timing_c13_b09_hybrid,True
c13_b09,13,9,1,"hybrid,dual_token,type_fix",dual_token,texture,1920,1080,8,0,18,c08ef6260ad5c1e5e0e17e67132a1af330ac18ed3580cbf26d5403f2fa01d102,514544000,2.40234375,2.515625,4.7138671875,PASS,timing_c13_b09_dual_token,True
c13_b09,13,9,2,"hybrid,dual_token,type_fix",type_fix,texture,1920,1080,8,0,18,c08ef6260ad5c1e5e0e17e67132a1af330ac18ed3580cbf26d5403f2fa01d102,509313000,2.40234375,2.515625,4.7138671875,PASS,timing_c13_b09_type_fix,True
c03_b09,3,9,0,"hybrid,type_fix,dual_token",hybrid,waves,3840,2160,2,0,18,7043f1c7f5acb5e07e6a59ab9b785b85a1816f7dc06a2f9139765c0065bd686f,403576000,2.4501953125,2.5234375,4.70361328125,PASS,timing_c03_b09_hybrid,True
c03_b09,3,9,1,"hybrid,type_fix,dual_token",type_fix,waves,3840,2160,2,0,18,7043f1c7f5acb5e07e6a59ab9b785b85a1816f7dc06a2f9139765c0065bd686f,385495000,2.4501953125,2.5234375,4.70361328125,PASS,timing_c03_b09_type_fix,True
c03_b09,3,9,2,"hybrid,type_fix,dual_token",dual_token,waves,3840,2160,2,0,18,7043f1c7f5acb5e07e6a59ab9b785b85a1816f7dc06a2f9139765c0065bd686f,388760000,2.4501953125,2.5234375,4.70361328125,PASS,timing_c03_b09_dual_token,True
c01_b09,1,9,0,"dual_token,hybrid,type_fix",dual_token,waves,1920,1080,8,0,18,5b240bade583b6108c28e7111a10ab6e4344840f2037644f17398993f180e001,79417000,2.333984375,2.498046875,4.681640625,PASS,timing_c01_b09_dual_token,True
c01_b09,1,9,1,"dual_token,hybrid,type_fix",hybrid,waves,1920,1080,8,0,18,5b240bade583b6108c28e7111a10ab6e4344840f2037644f17398993f180e001,64333000,2.333984375,2.498046875,4.681640625,PASS,timing_c01_b09_hybrid,True
c01_b09,1,9,2,"dual_token,hybrid,type_fix",type_fix,waves,1920,1080,8,0,18,5b240bade583b6108c28e7111a10ab6e4344840f2037644f17398993f180e001,65366000,2.333984375,2.498046875,4.681640625,PASS,timing_c01_b09_type_fix,True
c16_b09,16,9,0,"hybrid,dual_token,type_fix",hybrid,texture,3840,2160,8,0,18,2aec47e05c3b8514915af2cb0d4b3f43878b8a0bff9e8cfe4cb501c3a509f061,2041396000,2.333984375,2.498046875,4.681640625,PASS,timing_c16_b09_hybrid,True
c16_b09,16,9,1,"hybrid,dual_token,type_fix",dual_token,texture,3840,2160,8,0,18,2aec47e05c3b8514915af2cb0d4b3f43878b8a0bff9e8cfe4cb501c3a509f061,2029452000,2.333984375,2.498046875,4.681640625,PASS,timing_c16_b09_dual_token,True
c16_b09,16,9,2,"hybrid,dual_token,type_fix",type_fix,texture,3840,2160,8,0,18,2aec47e05c3b8514915af2cb0d4b3f43878b8a0bff9e8cfe4cb501c3a509f061,2026882000,2.333984375,2.498046875,4.681640625,PASS,timing_c16_b09_type_fix,True
c06_b09,6,9,0,"dual_token,type_fix,hybrid",dual_token,checker,1920,1080,2,0,18,0831d2c97efdf0a5debc5f95e271f976cda71c92becc1b043e09c63df573fdb7,501313000,2.3623046875,2.498046875,4.65576171875,PASS,timing_c06_b09_dual_token,True
c06_b09,6,9,1,"dual_token,type_fix,hybrid",type_fix,checker,1920,1080,2,0,18,0831d2c97efdf0a5debc5f95e271f976cda71c92becc1b043e09c63df573fdb7,483416000,2.3623046875,2.498046875,4.65576171875,PASS,timing_c06_b09_type_fix,True
c06_b09,6,9,2,"dual_token,type_fix,hybrid",hybrid,checker,1920,1080,2,0,18,0831d2c97efdf0a5debc5f95e271f976cda71c92becc1b043e09c63df573fdb7,481570000,2.3623046875,2.498046875,4.65576171875,PASS,timing_c06_b09_hybrid,True
c15_b09,15,9,0,"dual_token,type_fix,hybrid",dual_token,texture,3840,2160,2,0,18,2aec47e05c3b8514915af2cb0d4b3f43878b8a0bff9e8cfe4cb501c3a509f061,2145839000,2.4130859375,2.50634765625,4.64599609375,PASS,timing_c15_b09_dual_token,True
c15_b09,15,9,1,"dual_token,type_fix,hybrid",type_fix,texture,3840,2160,2,0,18,2aec47e05c3b8514915af2cb0d4b3f43878b8a0bff9e8cfe4cb501c3a509f061,2117935000,2.4130859375,2.50634765625,4.64599609375,PASS,timing_c15_b09_type_fix,True
c15_b09,15,9,2,"dual_token,type_fix,hybrid",hybrid,texture,3840,2160,2,0,18,2aec47e05c3b8514915af2cb0d4b3f43878b8a0bff9e8cfe4cb501c3a509f061,2123057000,2.4130859375,2.50634765625,4.64599609375,PASS,timing_c15_b09_hybrid,True
c10_b09,10,9,0,"hybrid,dual_token,type_fix",hybrid,checker,3840,2160,8,0,18,2d3d6be11ce1bf83660c4faf1412661bbfdf072e47bae39c4a1cc4f2e70b3fbb,1659577000,2.2626953125,2.47216796875,4.60888671875,PASS,timing_c10_b09_hybrid,True
c10_b09,10,9,1,"hybrid,dual_token,type_fix",dual_token,checker,3840,2160,8,0,18,2d3d6be11ce1bf83660c4faf1412661bbfdf072e47bae39c4a1cc4f2e70b3fbb,1645697000,2.2626953125,2.47216796875,4.60888671875,PASS,timing_c10_b09_dual_token,True
c10_b09,10,9,2,"hybrid,dual_token,type_fix",type_fix,checker,3840,2160,8,0,18,2d3d6be11ce1bf83660c4faf1412661bbfdf072e47bae39c4a1cc4f2e70b3fbb,1633971000,2.2626953125,2.47216796875,4.60888671875,PASS,timing_c10_b09_type_fix,True
c15_b10,15,10,0,"type_fix,dual_token,hybrid",type_fix,texture,3840,2160,2,0,18,2aec47e05c3b8514915af2cb0d4b3f43878b8a0bff9e8cfe4cb501c3a509f061,2136046000,2.3212890625,2.48046875,4.59912109375,PASS,timing_c15_b10_type_fix,True
c15_b10,15,10,1,"type_fix,dual_token,hybrid",dual_token,texture,3840,2160,2,0,18,2aec47e05c3b8514915af2cb0d4b3f43878b8a0bff9e8cfe4cb501c3a509f061,2125828000,2.3212890625,2.48046875,4.59912109375,PASS,timing_c15_b10_dual_token,True
c15_b10,15,10,2,"type_fix,dual_token,hybrid",hybrid,texture,3840,2160,2,0,18,2aec47e05c3b8514915af2cb0d4b3f43878b8a0bff9e8cfe4cb501c3a509f061,2126325000,2.3212890625,2.48046875,4.59912109375,PASS,timing_c15_b10_hybrid,True
c09_b10,9,10,0,"type_fix,hybrid,dual_token",type_fix,checker,3840,2160,2,0,18,2d3d6be11ce1bf83660c4faf1412661bbfdf072e47bae39c4a1cc4f2e70b3fbb,1889488000,2.4189453125,2.49658203125,4.57958984375,PASS,timing_c09_b10_type_fix,True
c09_b10,9,10,1,"type_fix,hybrid,dual_token",hybrid,checker,3840,2160,2,0,18,2d3d6be11ce1bf83660c4faf1412661bbfdf072e47bae39c4a1cc4f2e70b3fbb,1876634000,2.4189453125,2.49658203125,4.57958984375,PASS,timing_c09_b10_hybrid,True
c09_b10,9,10,2,"type_fix,hybrid,dual_token",dual_token,checker,3840,2160,2,0,18,2d3d6be11ce1bf83660c4faf1412661bbfdf072e47bae39c4a1cc4f2e70b3fbb,1884428000,2.4189453125,2.49658203125,4.57958984375,PASS,timing_c09_b10_dual_token,True
c06_b10,6,10,0,"type_fix,dual_token,hybrid",type_fix,checker,1920,1080,2,0,18,0831d2c97efdf0a5debc5f95e271f976cda71c92becc1b043e09c63df573fdb7,497338000,2.27392578125,2.46337890625,4.54345703125,PASS,timing_c06_b10_type_fix,True
c06_b10,6,10,1,"type_fix,dual_token,hybrid",dual_token,checker,1920,1080,2,0,18,0831d2c97efdf0a5debc5f95e271f976cda71c92becc1b043e09c63df573fdb7,481210000,2.27392578125,2.46337890625,4.54345703125,PASS,timing_c06_b10_dual_token,True
c06_b10,6,10,2,"type_fix,dual_token,hybrid",hybrid,checker,1920,1080,2,0,18,0831d2c97efdf0a5debc5f95e271f976cda71c92becc1b043e09c63df573fdb7,481992000,2.27392578125,2.46337890625,4.54345703125,PASS,timing_c06_b10_hybrid,True
c13_b10,13,10,0,"type_fix,dual_token,hybrid",type_fix,texture,1920,1080,8,0,18,c08ef6260ad5c1e5e0e17e67132a1af330ac18ed3580cbf26d5403f2fa01d102,532259000,2.27392578125,2.46337890625,4.54345703125,PASS,timing_c13_b10_type_fix,True
c13_b10,13,10,1,"type_fix,dual_token,hybrid",dual_token,texture,1920,1080,8,0,18,c08ef6260ad5c1e5e0e17e67132a1af330ac18ed3580cbf26d5403f2fa01d102,515174000,2.27392578125,2.46337890625,4.54345703125,PASS,timing_c13_b10_dual_token,True
c13_b10,13,10,2,"type_fix,dual_token,hybrid",hybrid,texture,1920,1080,8,0,18,c08ef6260ad5c1e5e0e17e67132a1af330ac18ed3580cbf26d5403f2fa01d102,513806000,2.27392578125,2.46337890625,4.54345703125,PASS,timing_c13_b10_hybrid,True
c04_b10,4,10,0,"dual_token,hybrid,type_fix",dual_token,waves,3840,2160,8,0,18,7043f1c7f5acb5e07e6a59ab9b785b85a1816f7dc06a2f9139765c0065bd686f,244885000,2.33203125,2.47216796875,4.5341796875,PASS,timing_c04_b10_dual_token,True
c04_b10,4,10,1,"dual_token,hybrid,type_fix",hybrid,waves,3840,2160,8,0,18,7043f1c7f5acb5e07e6a59ab9b785b85a1816f7dc06a2f9139765c0065bd686f,232522000,2.33203125,2.47216796875,4.5341796875,PASS,timing_c04_b10_hybrid,True
c04_b10,4,10,2,"dual_token,hybrid,type_fix",type_fix,waves,3840,2160,8,0,18,7043f1c7f5acb5e07e6a59ab9b785b85a1816f7dc06a2f9139765c0065bd686f,228702000,2.33203125,2.47216796875,4.5341796875,PASS,timing_c04_b10_type_fix,True
c08_b10,8,10,0,"hybrid,type_fix,dual_token",hybrid,checker,1920,1080,16,0,18,0831d2c97efdf0a5debc5f95e271f976cda71c92becc1b043e09c63df573fdb7,439667000,2.14501953125,2.4306640625,4.50732421875,PASS,timing_c08_b10_hybrid,True
c08_b10,8,10,1,"hybrid,type_fix,dual_token",type_fix,checker,1920,1080,16,0,18,0831d2c97efdf0a5debc5f95e271f976cda71c92becc1b043e09c63df573fdb7,418143000,2.14501953125,2.4306640625,4.50732421875,PASS,timing_c08_b10_type_fix,True
c08_b10,8,10,2,"hybrid,type_fix,dual_token",dual_token,checker,1920,1080,16,0,18,0831d2c97efdf0a5debc5f95e271f976cda71c92becc1b043e09c63df573fdb7,424869000,2.14501953125,2.4306640625,4.50732421875,PASS,timing_c08_b10_dual_token,True
c01_b10,1,10,0,"dual_token,type_fix,hybrid",dual_token,waves,1920,1080,8,0,18,5b240bade583b6108c28e7111a10ab6e4344840f2037644f17398993f180e001,79728000,2.14501953125,2.4306640625,4.50732421875,PASS,timing_c01_b10_dual_token,True
c01_b10,1,10,1,"dual_token,type_fix,hybrid",type_fix,waves,1920,1080,8,0,18,5b240bade583b6108c28e7111a10ab6e4344840f2037644f17398993f180e001,64126000,2.14501953125,2.4306640625,4.50732421875,PASS,timing_c01_b10_type_fix,True
c01_b10,1,10,2,"dual_token,type_fix,hybrid",hybrid,waves,1920,1080,8,0,18,5b240bade583b6108c28e7111a10ab6e4344840f2037644f17398993f180e001,65493000,2.14501953125,2.4306640625,4.50732421875,PASS,timing_c01_b10_hybrid,True
c10_b10,10,10,0,"type_fix,dual_token,hybrid",type_fix,checker,3840,2160,8,0,18,2d3d6be11ce1bf83660c4faf1412661bbfdf072e47bae39c4a1cc4f2e70b3fbb,1651140000,2.21337890625,2.43994140625,4.498046875,PASS,timing_c10_b10_type_fix,True
c10_b10,10,10,1,"type_fix,dual_token,hybrid",dual_token,checker,3840,2160,8,0,18,2d3d6be11ce1bf83660c4faf1412661bbfdf072e47bae39c4a1cc4f2e70b3fbb,1643118000,2.21337890625,2.43994140625,4.498046875,PASS,timing_c10_b10_dual_token,True
c10_b10,10,10,2,"type_fix,dual_token,hybrid",hybrid,checker,3840,2160,8,0,18,2d3d6be11ce1bf83660c4faf1412661bbfdf072e47bae39c4a1cc4f2e70b3fbb,1640542000,2.21337890625,2.43994140625,4.498046875,PASS,timing_c10_b10_hybrid,True
c03_b10,3,10,0,"dual_token,hybrid,type_fix",dual_token,waves,3840,2160,2,0,18,7043f1c7f5acb5e07e6a59ab9b785b85a1816f7dc06a2f9139765c0065bd686f,403773000,2.2763671875,2.44921875,4.4892578125,PASS,timing_c03_b10_dual_token,True
c03_b10,3,10,1,"dual_token,hybrid,type_fix",hybrid,waves,3840,2160,2,0,18,7043f1c7f5acb5e07e6a59ab9b785b85a1816f7dc06a2f9139765c0065bd686f,384337000,2.2763671875,2.44921875,4.4892578125,PASS,timing_c03_b10_hybrid,True
c03_b10,3,10,2,"dual_token,hybrid,type_fix",type_fix,waves,3840,2160,2,0,18,7043f1c7f5acb5e07e6a59ab9b785b85a1816f7dc06a2f9139765c0065bd686f,386015000,2.2763671875,2.44921875,4.4892578125,PASS,timing_c03_b10_type_fix,True
c02_b10,2,10,0,"hybrid,dual_token,type_fix",hybrid,waves,1920,1080,16,0,18,5b240bade583b6108c28e7111a10ab6e4344840f2037644f17398993f180e001,80019000,2.25390625,2.44140625,4.474609375,PASS,timing_c02_b10_hybrid,True
c02_b10,2,10,1,"hybrid,dual_token,type_fix",dual_token,waves,1920,1080,16,0,18,5b240bade583b6108c28e7111a10ab6e4344840f2037644f17398993f180e001,63804000,2.25390625,2.44140625,4.474609375,PASS,timing_c02_b10_dual_token,True
c02_b10,2,10,2,"hybrid,dual_token,type_fix",type_fix,waves,1920,1080,16,0,18,5b240bade583b6108c28e7111a10ab6e4344840f2037644f17398993f180e001,65284000,2.25390625,2.44140625,4.474609375,PASS,timing_c02_b10_type_fix,True
c11_b10,11,10,0,"dual_token,hybrid,type_fix",dual_token,checker,3840,2160,16,0,18,2d3d6be11ce1bf83660c4faf1412661bbfdf072e47bae39c4a1cc4f2e70b3fbb,1654276000,2.3134765625,2.4501953125,4.4658203125,PASS,timing_c11_b10_dual_token,True
c11_b10,11,10,1,"dual_token,hybrid,type_fix",hybrid,checker,3840,2160,16,0,18,2d3d6be11ce1bf83660c4faf1412661bbfdf072e47bae39c4a1cc4f2e70b3fbb,1634909000,2.3134765625,2.4501953125,4.4658203125,PASS,timing_c11_b10_hybrid,True
c11_b10,11,10,2,"dual_token,hybrid,type_fix",type_fix,checker,3840,2160,16,0,18,2d3d6be11ce1bf83660c4faf1412661bbfdf072e47bae39c4a1cc4f2e70b3fbb,1629330000,2.3134765625,2.4501953125,4.4658203125,PASS,timing_c11_b10_type_fix,True
c05_b10,5,10,0,"type_fix,hybrid,dual_token",type_fix,waves,3840,2160,16,0,18,7043f1c7f5acb5e07e6a59ab9b785b85a1816f7dc06a2f9139765c0065bd686f,237519000,2.3681640625,2.458984375,4.45703125,PASS,timing_c05_b10_type_fix,True
c05_b10,5,10,1,"type_fix,hybrid,dual_token",hybrid,waves,3840,2160,16,0,18,7043f1c7f5acb5e07e6a59ab9b785b85a1816f7dc06a2f9139765c0065bd686f,220430000,2.3681640625,2.458984375,4.45703125,PASS,timing_c05_b10_hybrid,True
c05_b10,5,10,2,"type_fix,hybrid,dual_token",dual_token,waves,3840,2160,16,0,18,7043f1c7f5acb5e07e6a59ab9b785b85a1816f7dc06a2f9139765c0065bd686f,222034000,2.3681640625,2.458984375,4.45703125,PASS,timing_c05_b10_dual_token,True
c17_b10,17,10,0,"dual_token,type_fix,hybrid",dual_token,texture,3840,2160,16,0,18,2aec47e05c3b8514915af2cb0d4b3f43878b8a0bff9e8cfe4cb501c3a509f061,2045227000,2.49853515625,2.484375,4.4541015625,PASS,timing_c17_b10_dual_token,True
c17_b10,17,10,1,"dual_token,type_fix,hybrid",type_fix,texture,3840,2160,16,0,18,2aec47e05c3b8514915af2cb0d4b3f43878b8a0bff9e8cfe4cb501c3a509f061,2032869000,2.49853515625,2.484375,4.4541015625,PASS,timing_c17_b10_type_fix,True
c17_b10,17,10,2,"dual_token,type_fix,hybrid",hybrid,texture,3840,2160,16,0,18,2aec47e05c3b8514915af2cb0d4b3f43878b8a0bff9e8cfe4cb501c3a509f061,2035920000,2.49853515625,2.484375,4.4541015625,PASS,timing_c17_b10_hybrid,True
c00_b10,0,10,0,"hybrid,type_fix,dual_token",hybrid,waves,1920,1080,2,0,18,5b240bade583b6108c28e7111a10ab6e4344840f2037644f17398993f180e001,117831000,2.45849609375,2.47607421875,4.439453125,PASS,timing_c00_b10_hybrid,True
c00_b10,0,10,1,"hybrid,type_fix,dual_token",type_fix,waves,1920,1080,2,0,18,5b240bade583b6108c28e7111a10ab6e4344840f2037644f17398993f180e001,101538000,2.45849609375,2.47607421875,4.439453125,PASS,timing_c00_b10_type_fix,True
c00_b10,0,10,2,"hybrid,type_fix,dual_token",dual_token,waves,1920,1080,2,0,18,5b240bade583b6108c28e7111a10ab6e4344840f2037644f17398993f180e001,100161000,2.45849609375,2.47607421875,4.439453125,PASS,timing_c00_b10_dual_token,True
c12_b10,12,10,0,"type_fix,hybrid,dual_token",type_fix,texture,1920,1080,2,0,18,c08ef6260ad5c1e5e0e17e67132a1af330ac18ed3580cbf26d5403f2fa01d102,553638000,2.90185546875,2.5673828125,4.4599609375,PASS,timing_c12_b10_type_fix,True
c12_b10,12,10,1,"type_fix,hybrid,dual_token",hybrid,texture,1920,1080,2,0,18,c08ef6260ad5c1e5e0e17e67132a1af330ac18ed3580cbf26d5403f2fa01d102,535121000,2.90185546875,2.5673828125,4.4599609375,PASS,timing_c12_b10_hybrid,True
c12_b10,12,10,2,"type_fix,hybrid,dual_token",dual_token,texture,1920,1080,2,0,18,c08ef6260ad5c1e5e0e17e67132a1af330ac18ed3580cbf26d5403f2fa01d102,537771000,2.90185546875,2.5673828125,4.4599609375,PASS,timing_c12_b10_dual_token,True
c07_b10,7,10,0,"type_fix,dual_token,hybrid",type_fix,checker,1920,1080,8,0,18,0831d2c97efdf0a5debc5f95e271f976cda71c92becc1b043e09c63df573fdb7,439951000,2.98974609375,2.5908203125,4.45703125,PASS,timing_c07_b10_type_fix,True
c07_b10,7,10,1,"type_fix,dual_token,hybrid",dual_token,checker,1920,1080,8,0,18,0831d2c97efdf0a5debc5f95e271f976cda71c92becc1b043e09c63df573fdb7,423180000,2.98974609375,2.5908203125,4.45703125,PASS,timing_c07_b10_dual_token,True
c07_b10,7,10,2,"type_fix,dual_token,hybrid",hybrid,checker,1920,1080,8,0,18,0831d2c97efdf0a5debc5f95e271f976cda71c92becc1b043e09c63df573fdb7,425475000,2.98974609375,2.5908203125,4.45703125,PASS,timing_c07_b10_hybrid,True
c14_b10,14,10,0,"dual_token,hybrid,type_fix",dual_token,texture,1920,1080,16,0,18,c08ef6260ad5c1e5e0e17e67132a1af330ac18ed3580cbf26d5403f2fa01d102,531131000,2.98974609375,2.5908203125,4.45703125,PASS,timing_c14_b10_dual_token,True
c14_b10,14,10,1,"dual_token,hybrid,type_fix",hybrid,texture,1920,1080,16,0,18,c08ef6260ad5c1e5e0e17e67132a1af330ac18ed3580cbf26d5403f2fa01d102,512013000,2.98974609375,2.5908203125,4.45703125,PASS,timing_c14_b10_hybrid,True
c14_b10,14,10,2,"dual_token,hybrid,type_fix",type_fix,texture,1920,1080,16,0,18,c08ef6260ad5c1e5e0e17e67132a1af330ac18ed3580cbf26d5403f2fa01d102,510469000,2.98974609375,2.5908203125,4.45703125,PASS,timing_c14_b10_type_fix,True
c16_b10,16,10,0,"type_fix,dual_token,hybrid",type_fix,texture,3840,2160,8,0,18,2aec47e05c3b8514915af2cb0d4b3f43878b8a0bff9e8cfe4cb501c3a509f061,2042054000,2.990234375,2.59716796875,4.4482421875,PASS,timing_c16_b10_type_fix,True
c16_b10,16,10,1,"type_fix,dual_token,hybrid",dual_token,texture,3840,2160,8,0,18,2aec47e05c3b8514915af2cb0d4b3f43878b8a0bff9e8cfe4cb501c3a509f061,2030006000,2.990234375,2.59716796875,4.4482421875,PASS,timing_c16_b10_dual_token,True
c16_b10,16,10,2,"type_fix,dual_token,hybrid",hybrid,texture,3840,2160,8,0,18,2aec47e05c3b8514915af2cb0d4b3f43878b8a0bff9e8cfe4cb501c3a509f061,2030218000,2.990234375,2.59716796875,4.4482421875,PASS,timing_c16_b10_hybrid,True
c07_b11,7,11,0,"hybrid,dual_token,type_fix",hybrid,checker,1920,1080,8,0,18,0831d2c97efdf0a5debc5f95e271f976cda71c92becc1b043e09c63df573fdb7,441535000,3.0712890625,2.62646484375,4.4365234375,PASS,timing_c07_b11_hybrid,True
c07_b11,7,11,1,"hybrid,dual_token,type_fix",dual_token,checker,1920,1080,8,0,18,0831d2c97efdf0a5debc5f95e271f976cda71c92becc1b043e09c63df573fdb7,422617000,3.0712890625,2.62646484375,4.4365234375,PASS,timing_c07_b11_dual_token,True
c07_b11,7,11,2,"hybrid,dual_token,type_fix",type_fix,checker,1920,1080,8,0,18,0831d2c97efdf0a5debc5f95e271f976cda71c92becc1b043e09c63df573fdb7,421863000,3.0712890625,2.62646484375,4.4365234375,PASS,timing_c07_b11_type_fix,True
c12_b11,12,11,0,"type_fix,dual_token,hybrid",type_fix,texture,1920,1080,2,0,18,c08ef6260ad5c1e5e0e17e67132a1af330ac18ed3580cbf26d5403f2fa01d102,553578000,2.9853515625,2.61572265625,4.421875,PASS,timing_c12_b11_type_fix,True
c12_b11,12,11,1,"type_fix,dual_token,hybrid",dual_token,texture,1920,1080,2,0,18,c08ef6260ad5c1e5e0e17e67132a1af330ac18ed3580cbf26d5403f2fa01d102,537091000,2.9853515625,2.61572265625,4.421875,PASS,timing_c12_b11_dual_token,True
c12_b11,12,11,2,"type_fix,dual_token,hybrid",hybrid,texture,1920,1080,2,0,18,c08ef6260ad5c1e5e0e17e67132a1af330ac18ed3580cbf26d5403f2fa01d102,538883000,2.9853515625,2.61572265625,4.421875,PASS,timing_c12_b11_hybrid,True
c02_b11,2,11,0,"type_fix,hybrid,dual_token",type_fix,waves,1920,1080,16,0,18,5b240bade583b6108c28e7111a10ab6e4344840f2037644f17398993f180e001,77679000,2.9853515625,2.61572265625,4.421875,PASS,timing_c02_b11_type_fix,True
c02_b11,2,11,1,"type_fix,hybrid,dual_token",hybrid,waves,1920,1080,16,0,18,5b240bade583b6108c28e7111a10ab6e4344840f2037644f17398993f180e001,63950000,2.9853515625,2.61572265625,4.421875,PASS,timing_c02_b11_hybrid,True
c02_b11,2,11,2,"type_fix,hybrid,dual_token",dual_token,waves,1920,1080,16,0,18,5b240bade583b6108c28e7111a10ab6e4344840f2037644f17398993f180e001,64623000,2.9853515625,2.61572265625,4.421875,PASS,timing_c02_b11_dual_token,True
c17_b11,17,11,0,"hybrid,type_fix,dual_token",hybrid,texture,3840,2160,16,0,18,2aec47e05c3b8514915af2cb0d4b3f43878b8a0bff9e8cfe4cb501c3a509f061,2048522000,2.74609375,2.572265625,4.3955078125,PASS,timing_c17_b11_hybrid,True
c17_b11,17,11,1,"hybrid,type_fix,dual_token",type_fix,texture,3840,2160,16,0,18,2aec47e05c3b8514915af2cb0d4b3f43878b8a0bff9e8cfe4cb501c3a509f061,2025143000,2.74609375,2.572265625,4.3955078125,PASS,timing_c17_b11_type_fix,True
c17_b11,17,11,2,"hybrid,type_fix,dual_token",dual_token,texture,3840,2160,16,0,18,2aec47e05c3b8514915af2cb0d4b3f43878b8a0bff9e8cfe4cb501c3a509f061,2032466000,2.74609375,2.572265625,4.3955078125,PASS,timing_c17_b11_dual_token,True
c13_b11,13,11,0,"type_fix,hybrid,dual_token",type_fix,texture,1920,1080,8,0,18,c08ef6260ad5c1e5e0e17e67132a1af330ac18ed3580cbf26d5403f2fa01d102,529000000,2.6181640625,2.55224609375,4.3671875,PASS,timing_c13_b11_type_fix,True
c13_b11,13,11,1,"type_fix,hybrid,dual_token",hybrid,texture,1920,1080,8,0,18,c08ef6260ad5c1e5e0e17e67132a1af330ac18ed3580cbf26d5403f2fa01d102,513387000,2.6181640625,2.55224609375,4.3671875,PASS,timing_c13_b11_hybrid,True
c13_b11,13,11,2,"type_fix,hybrid,dual_token",dual_token,texture,1920,1080,8,0,18,c08ef6260ad5c1e5e0e17e67132a1af330ac18ed3580cbf26d5403f2fa01d102,512438000,2.6181640625,2.55224609375,4.3671875,PASS,timing_c13_b11_dual_token,True
c14_b11,14,11,0,"type_fix,dual_token,hybrid",type_fix,texture,1920,1080,16,0,18,c08ef6260ad5c1e5e0e17e67132a1af330ac18ed3580cbf26d5403f2fa01d102,529613000,2.6181640625,2.55224609375,4.3671875,PASS,timing_c14_b11_type_fix,True
c14_b11,14,11,1,"type_fix,dual_token,hybrid",dual_token,texture,1920,1080,16,0,18,c08ef6260ad5c1e5e0e17e67132a1af330ac18ed3580cbf26d5403f2fa01d102,515864000,2.6181640625,2.55224609375,4.3671875,PASS,timing_c14_b11_dual_token,True
c14_b11,14,11,2,"type_fix,dual_token,hybrid",hybrid,texture,1920,1080,16,0,18,c08ef6260ad5c1e5e0e17e67132a1af330ac18ed3580cbf26d5403f2fa01d102,511725000,2.6181640625,2.55224609375,4.3671875,PASS,timing_c14_b11_hybrid,True
c08_b11,8,11,0,"dual_token,hybrid,type_fix",dual_token,checker,1920,1080,16,0,18,0831d2c97efdf0a5debc5f95e271f976cda71c92becc1b043e09c63df573fdb7,441610000,2.728515625,2.576171875,4.36474609375,PASS,timing_c08_b11_dual_token,True
c08_b11,8,11,1,"dual_token,hybrid,type_fix",hybrid,checker,1920,1080,16,0,18,0831d2c97efdf0a5debc5f95e271f976cda71c92becc1b043e09c63df573fdb7,421515000,2.728515625,2.576171875,4.36474609375,PASS,timing_c08_b11_hybrid,True
c08_b11,8,11,2,"dual_token,hybrid,type_fix",type_fix,checker,1920,1080,16,0,18,0831d2c97efdf0a5debc5f95e271f976cda71c92becc1b043e09c63df573fdb7,421860000,2.728515625,2.576171875,4.36474609375,PASS,timing_c08_b11_type_fix,True
c09_b11,9,11,0,"dual_token,hybrid,type_fix",dual_token,checker,3840,2160,2,0,18,2d3d6be11ce1bf83660c4faf1412661bbfdf072e47bae39c4a1cc4f2e70b3fbb,1901189000,2.669921875,2.56640625,4.3505859375,PASS,timing_c09_b11_dual_token,True
c09_b11,9,11,1,"dual_token,hybrid,type_fix",hybrid,checker,3840,2160,2,0,18,2d3d6be11ce1bf83660c4faf1412661bbfdf072e47bae39c4a1cc4f2e70b3fbb,1880952000,2.669921875,2.56640625,4.3505859375,PASS,timing_c09_b11_hybrid,True
c09_b11,9,11,2,"dual_token,hybrid,type_fix",type_fix,checker,3840,2160,2,0,18,2d3d6be11ce1bf83660c4faf1412661bbfdf072e47bae39c4a1cc4f2e70b3fbb,1874141000,2.669921875,2.56640625,4.3505859375,PASS,timing_c09_b11_type_fix,True
c04_b11,4,11,0,"hybrid,dual_token,type_fix",hybrid,waves,3840,2160,8,0,18,7043f1c7f5acb5e07e6a59ab9b785b85a1816f7dc06a2f9139765c0065bd686f,235076000,2.7763671875,2.58984375,4.34814453125,PASS,timing_c04_b11_hybrid,True
c04_b11,4,11,1,"hybrid,dual_token,type_fix",dual_token,waves,3840,2160,8,0,18,7043f1c7f5acb5e07e6a59ab9b785b85a1816f7dc06a2f9139765c0065bd686f,231474000,2.7763671875,2.58984375,4.34814453125,PASS,timing_c04_b11_dual_token,True
c04_b11,4,11,2,"hybrid,dual_token,type_fix",type_fix,waves,3840,2160,8,0,18,7043f1c7f5acb5e07e6a59ab9b785b85a1816f7dc06a2f9139765c0065bd686f,229957000,2.7763671875,2.58984375,4.34814453125,PASS,timing_c04_b11_type_fix,True
c11_b11,11,11,0,"hybrid,dual_token,type_fix",hybrid,checker,3840,2160,16,0,18,2d3d6be11ce1bf83660c4faf1412661bbfdf072e47bae39c4a1cc4f2e70b3fbb,1654522000,2.7939453125,2.59619140625,4.33984375,PASS,timing_c11_b11_hybrid,True
c11_b11,11,11,1,"hybrid,dual_token,type_fix",dual_token,checker,3840,2160,16,0,18,2d3d6be11ce1bf83660c4faf1412661bbfdf072e47bae39c4a1cc4f2e70b3fbb,1639333000,2.7939453125,2.59619140625,4.33984375,PASS,timing_c11_b11_dual_token,True
c11_b11,11,11,2,"hybrid,dual_token,type_fix",type_fix,checker,3840,2160,16,0,18,2d3d6be11ce1bf83660c4faf1412661bbfdf072e47bae39c4a1cc4f2e70b3fbb,1628620000,2.7939453125,2.59619140625,4.33984375,PASS,timing_c11_b11_type_fix,True
c00_b11,0,11,0,"type_fix,dual_token,hybrid",type_fix,waves,1920,1080,2,0,18,5b240bade583b6108c28e7111a10ab6e4344840f2037644f17398993f180e001,116178000,2.59130859375,2.5595703125,4.30615234375,PASS,timing_c00_b11_type_fix,True
c00_b11,0,11,1,"type_fix,dual_token,hybrid",dual_token,waves,1920,1080,2,0,18,5b240bade583b6108c28e7111a10ab6e4344840f2037644f17398993f180e001,101676000,2.59130859375,2.5595703125,4.30615234375,PASS,timing_c00_b11_dual_token,True
c00_b11,0,11,2,"type_fix,dual_token,hybrid",hybrid,waves,1920,1080,2,0,18,5b240bade583b6108c28e7111a10ab6e4344840f2037644f17398993f180e001,99049000,2.59130859375,2.5595703125,4.30615234375,PASS,timing_c00_b11_hybrid,True
c06_b11,6,11,0,"type_fix,hybrid,dual_token",type_fix,checker,1920,1080,2,0,18,0831d2c97efdf0a5debc5f95e271f976cda71c92becc1b043e09c63df573fdb7,497517000,2.59130859375,2.5595703125,4.30615234375,PASS,timing_c06_b11_type_fix,True
c06_b11,6,11,1,"type_fix,hybrid,dual_token",hybrid,checker,1920,1080,2,0,18,0831d2c97efdf0a5debc5f95e271f976cda71c92becc1b043e09c63df573fdb7,480815000,2.59130859375,2.5595703125,4.30615234375,PASS,timing_c06_b11_hybrid,True
c06_b11,6,11,2,"type_fix,hybrid,dual_token",dual_token,checker,1920,1080,2,0,18,0831d2c97efdf0a5debc5f95e271f976cda71c92becc1b043e09c63df573fdb7,482158000,2.59130859375,2.5595703125,4.30615234375,PASS,timing_c06_b11_dual_token,True
c03_b11,3,11,0,"hybrid,dual_token,type_fix",hybrid,waves,3840,2160,2,0,18,7043f1c7f5acb5e07e6a59ab9b785b85a1816f7dc06a2f9139765c0065bd686f,406422000,2.5439453125,2.5498046875,4.29248046875,PASS,timing_c03_b11_hybrid,True
c03_b11,3,11,1,"hybrid,dual_token,type_fix",dual_token,waves,3840,2160,2,0,18,7043f1c7f5acb5e07e6a59ab9b785b85a1816f7dc06a2f9139765c0065bd686f,385914000,2.5439453125,2.5498046875,4.29248046875,PASS,timing_c03_b11_dual_token,True
c03_b11,3,11,2,"hybrid,dual_token,type_fix",type_fix,waves,3840,2160,2,0,18,7043f1c7f5acb5e07e6a59ab9b785b85a1816f7dc06a2f9139765c0065bd686f,385324000,2.5439453125,2.5498046875,4.29248046875,PASS,timing_c03_b11_type_fix,True
c10_b11,10,11,0,"type_fix,hybrid,dual_token",type_fix,checker,3840,2160,8,0,18,2d3d6be11ce1bf83660c4faf1412661bbfdf072e47bae39c4a1cc4f2e70b3fbb,1656503000,2.419921875,2.52392578125,4.27294921875,PASS,timing_c10_b11_type_fix,True
c10_b11,10,11,1,"type_fix,hybrid,dual_token",hybrid,checker,3840,2160,8,0,18,2d3d6be11ce1bf83660c4faf1412661bbfdf072e47bae39c4a1cc4f2e70b3fbb,1642782000,2.419921875,2.52392578125,4.27294921875,PASS,timing_c10_b11_hybrid,True
c10_b11,10,11,2,"type_fix,hybrid,dual_token",dual_token,checker,3840,2160,8,0,18,2d3d6be11ce1bf83660c4faf1412661bbfdf072e47bae39c4a1cc4f2e70b3fbb,1648102000,2.419921875,2.52392578125,4.27294921875,PASS,timing_c10_b11_dual_token,True
c15_b11,15,11,0,"type_fix,hybrid,dual_token",type_fix,texture,3840,2160,2,0,18,2aec47e05c3b8514915af2cb0d4b3f43878b8a0bff9e8cfe4cb501c3a509f061,2136994000,2.46630859375,2.53173828125,4.26513671875,PASS,timing_c15_b11_type_fix,True
c15_b11,15,11,1,"type_fix,hybrid,dual_token",hybrid,texture,3840,2160,2,0,18,2aec47e05c3b8514915af2cb0d4b3f43878b8a0bff9e8cfe4cb501c3a509f061,2125311000,2.46630859375,2.53173828125,4.26513671875,PASS,timing_c15_b11_hybrid,True
c15_b11,15,11,2,"type_fix,hybrid,dual_token",dual_token,texture,3840,2160,2,0,18,2aec47e05c3b8514915af2cb0d4b3f43878b8a0bff9e8cfe4cb501c3a509f061,2122975000,2.46630859375,2.53173828125,4.26513671875,PASS,timing_c15_b11_dual_token,True
c05_b11,5,11,0,"dual_token,hybrid,type_fix",dual_token,waves,3840,2160,16,0,18,7043f1c7f5acb5e07e6a59ab9b785b85a1816f7dc06a2f9139765c0065bd686f,236144000,2.3876953125,2.51318359375,4.23779296875,PASS,timing_c05_b11_dual_token,True
c05_b11,5,11,1,"dual_token,hybrid,type_fix",hybrid,waves,3840,2160,16,0,18,7043f1c7f5acb5e07e6a59ab9b785b85a1816f7dc06a2f9139765c0065bd686f,221783000,2.3876953125,2.51318359375,4.23779296875,PASS,timing_c05_b11_hybrid,True
c05_b11,5,11,2,"dual_token,hybrid,type_fix",type_fix,waves,3840,2160,16,0,18,7043f1c7f5acb5e07e6a59ab9b785b85a1816f7dc06a2f9139765c0065bd686f,221883000,2.3876953125,2.51318359375,4.23779296875,PASS,timing_c05_b11_type_fix,True
c16_b11,16,11,0,"dual_token,type_fix,hybrid",dual_token,texture,3840,2160,8,0,18,2aec47e05c3b8514915af2cb0d4b3f43878b8a0bff9e8cfe4cb501c3a509f061,2045236000,2.4365234375,2.52099609375,4.23046875,PASS,timing_c16_b11_dual_token,True
c16_b11,16,11,1,"dual_token,type_fix,hybrid",type_fix,texture,3840,2160,8,0,18,2aec47e05c3b8514915af2cb0d4b3f43878b8a0bff9e8cfe4cb501c3a509f061,2029712000,2.4365234375,2.52099609375,4.23046875,PASS,timing_c16_b11_type_fix,True
c16_b11,16,11,2,"dual_token,type_fix,hybrid",hybrid,texture,3840,2160,8,0,18,2aec47e05c3b8514915af2cb0d4b3f43878b8a0bff9e8cfe4cb501c3a509f061,2035759000,2.4365234375,2.52099609375,4.23046875,PASS,timing_c16_b11_hybrid,True
c01_b11,1,11,0,"hybrid,dual_token,type_fix",hybrid,waves,1920,1080,8,0,18,5b240bade583b6108c28e7111a10ab6e4344840f2037644f17398993f180e001,80055000,2.4013671875,2.51220703125,4.21728515625,PASS,timing_c01_b11_hybrid,True
c01_b11,1,11,1,"hybrid,dual_token,type_fix",dual_token,waves,1920,1080,8,0,18,5b240bade583b6108c28e7111a10ab6e4344840f2037644f17398993f180e001,64373000,2.4013671875,2.51220703125,4.21728515625,PASS,timing_c01_b11_dual_token,True
c01_b11,1,11,2,"hybrid,dual_token,type_fix",type_fix,waves,1920,1080,8,0,18,5b240bade583b6108c28e7111a10ab6e4344840f2037644f17398993f180e001,65504000,2.4013671875,2.51220703125,4.21728515625,PASS,timing_c01_b11_type_fix,True
